load JULIA/1.12.0 (PATH, LD_LIBRARY_PATH, LIBRARY_PATH, C_INCLUDE_PATH,
CPLUS_INCLUDE_PATH, MANPATH) 
Precompiling packages...
    MKL_jll Being precompiled by another machine (hostname: gs03r2b16, pid: 3364626, pidfile: /home/bsc/bsc948371/.julia/compiled/v1.12/MKL_jll/DHEix_3NBx9.ji.pidfile)
  11003.4 ms  ✓ MKL_jll
    MKL Being precompiled by another machine (hostname: gs23r1b69, pid: 2793345, pidfile: /home/bsc/bsc948371/.julia/compiled/v1.12/MKL/tDGGv_3NBx9.ji.pidfile)
  10032.9 ms  ✓ MKL
  2 dependencies successfully precompiled in 21 seconds. 31 already precompiled.
[ Info: Checking symmetry MPO tensor on physical(space) => bond(time) indices
┌ Warning: Tensor *not* symmetric (dim=2|id=149|"S=1/2,Site") <-> (dim=2|id=149|"S=1/2,Site")', normdiff = 0.2034249757191385
└ @ ITransverse ~/.julia/packages/ITransverse/8pmYI/src/ITenUtils/itensor_utils.jl:93
[ Info: Checking symmetry MPO tensor on bond(space) => phys(time) indices
┌ Warning: Tensor *not* symmetric (dim=7|id=107|"Link,l=1") <-> (dim=7|id=932|"Link,l=2"), normdiff = 1.1566412865695994
└ @ ITransverse ~/.julia/packages/ITransverse/8pmYI/src/ITenUtils/itensor_utils.jl:93
[ Info: Checking symmetry MPO tensor on physical(space) => bond(time) indices
┌ Warning: Tensor *not* symmetric (dim=2|id=150|"S=1/2,Site") <-> (dim=2|id=150|"S=1/2,Site")', normdiff = 0.2034249757191385
└ @ ITransverse ~/.julia/packages/ITransverse/8pmYI/src/ITenUtils/itensor_utils.jl:93
[ Info: Checking symmetry MPO tensor on bond(space) => phys(time) indices
┌ Warning: Tensor *not* symmetric (dim=7|id=580|"Link,l=1") <-> (dim=7|id=621|"Link,l=2"), normdiff = 1.4350175351861996
└ @ ITransverse ~/.julia/packages/ITransverse/8pmYI/src/ITenUtils/itensor_utils.jl:93
┌ Warning: norm² is 1.4295157180766409e12 - 0.004656319037319889im, which is not real up to a relative tolerance of 2.220446049250313e-15 and an absolute tolerance of 2.220446049250313e-15. Taking the real part, which may not be accurate.
└ @ ITensorMPS ~/.julia/packages/ITensorMPS/fZDBz/src/abstractmps.jl:1246
┌ Warning: norm² is 2.8871420252454854e12 - 0.006637206671445739im, which is not real up to a relative tolerance of 2.220446049250313e-15 and an absolute tolerance of 2.220446049250313e-15. Taking the real part, which may not be accurate.
└ @ ITensorMPS ~/.julia/packages/ITensorMPS/fZDBz/src/abstractmps.jl:1246
┌ Warning: norm² is 1.355584581663583e13 - 0.03114397472584063im, which is not real up to a relative tolerance of 2.220446049250313e-15 and an absolute tolerance of 2.220446049250313e-15. Taking the real part, which may not be accurate.
└ @ ITensorMPS ~/.julia/packages/ITensorMPS/fZDBz/src/abstractmps.jl:1246
┌ Warning: norm² is 3.0832666423777386e11 + 0.0006904562855804472im, which is not real up to a relative tolerance of 2.220446049250313e-15 and an absolute tolerance of 2.220446049250313e-15. Taking the real part, which may not be accurate.
└ @ ITensorMPS ~/.julia/packages/ITensorMPS/fZDBz/src/abstractmps.jl:1246
┌ Warning: norm² is 1.9299533015132996e12 - 0.005754677546850495im, which is not real up to a relative tolerance of 2.220446049250313e-15 and an absolute tolerance of 2.220446049250313e-15. Taking the real part, which may not be accurate.
└ @ ITensorMPS ~/.julia/packages/ITensorMPS/fZDBz/src/abstractmps.jl:1246
┌ Warning: norm² is 1.1591618439630199e11 - 0.00030729514975847555im, which is not real up to a relative tolerance of 2.220446049250313e-15 and an absolute tolerance of 2.220446049250313e-15. Taking the real part, which may not be accurate.
└ @ ITensorMPS ~/.julia/packages/ITensorMPS/fZDBz/src/abstractmps.jl:1246
┌ Warning: norm² is 2.5179954125941983e11 + 0.0005914964913301267im, which is not real up to a relative tolerance of 2.220446049250313e-15 and an absolute tolerance of 2.220446049250313e-15. Taking the real part, which may not be accurate.
└ @ ITensorMPS ~/.julia/packages/ITensorMPS/fZDBz/src/abstractmps.jl:1246
┌ Warning: norm² is 1.2924318180982082 - 3.717633323798699e-15im, which is not real up to a relative tolerance of 2.220446049250313e-15 and an absolute tolerance of 2.220446049250313e-15. Taking the real part, which may not be accurate.
└ @ ITensorMPS ~/.julia/packages/ITensorMPS/fZDBz/src/abstractmps.jl:1246
┌ Warning: norm² is 3.111379070702119e11 + 0.0009835176621229343im, which is not real up to a relative tolerance of 2.220446049250313e-15 and an absolute tolerance of 2.220446049250313e-15. Taking the real part, which may not be accurate.
└ @ ITensorMPS ~/.julia/packages/ITensorMPS/fZDBz/src/abstractmps.jl:1246
┌ Warning: norm² is 3.624308636096762e12 - 0.015105572173602866im, which is not real up to a relative tolerance of 2.220446049250313e-15 and an absolute tolerance of 2.220446049250313e-15. Taking the real part, which may not be accurate.
└ @ ITensorMPS ~/.julia/packages/ITensorMPS/fZDBz/src/abstractmps.jl:1246
┌ Warning: log(norm²) is -0.12733042382297477 + 2.5629293359365086e-15im, which is not real up to a relative tolerance of 2.220446049250313e-15 and an absolute tolerance of 2.220446049250313e-15. Taking the real part, which may not be accurate.
└ @ ITensorMPS ~/.julia/packages/ITensorMPS/fZDBz/src/abstractmps.jl:1271
┌ Warning: norm² is 6.277100757623762e11 - 0.002284833338105823im, which is not real up to a relative tolerance of 2.220446049250313e-15 and an absolute tolerance of 2.220446049250313e-15. Taking the real part, which may not be accurate.
└ @ ITensorMPS ~/.julia/packages/ITensorMPS/fZDBz/src/abstractmps.jl:1246
┌ Warning: log(norm²) is 0.6133785167616483 - 3.211660303651456e-15im, which is not real up to a relative tolerance of 2.220446049250313e-15 and an absolute tolerance of 2.220446049250313e-15. Taking the real part, which may not be accurate.
└ @ ITensorMPS ~/.julia/packages/ITensorMPS/fZDBz/src/abstractmps.jl:1271
┌ Warning: norm² is 1.6152936698525293e11 + 0.0003759657544147865im, which is not real up to a relative tolerance of 2.220446049250313e-15 and an absolute tolerance of 2.220446049250313e-15. Taking the real part, which may not be accurate.
└ @ ITensorMPS ~/.julia/packages/ITensorMPS/fZDBz/src/abstractmps.jl:1246
┌ Warning: norm² is 1.1519716716461702e11 - 0.00037778407239469347im, which is not real up to a relative tolerance of 2.220446049250313e-15 and an absolute tolerance of 2.220446049250313e-15. Taking the real part, which may not be accurate.
└ @ ITensorMPS ~/.julia/packages/ITensorMPS/fZDBz/src/abstractmps.jl:1246
┌ Warning: norm² is 4.122776955309387e11 - 0.001014061115291415im, which is not real up to a relative tolerance of 2.220446049250313e-15 and an absolute tolerance of 2.220446049250313e-15. Taking the real part, which may not be accurate.
└ @ ITensorMPS ~/.julia/packages/ITensorMPS/fZDBz/src/abstractmps.jl:1246
┌ Warning: norm² is 6.247416567839874e11 - 0.0015259858368286139im, which is not real up to a relative tolerance of 2.220446049250313e-15 and an absolute tolerance of 2.220446049250313e-15. Taking the real part, which may not be accurate.
└ @ ITensorMPS ~/.julia/packages/ITensorMPS/fZDBz/src/abstractmps.jl:1246
┌ Warning: log(norm²) is 0.4513055468409168 - 2.736835609084063e-15im, which is not real up to a relative tolerance of 2.220446049250313e-15 and an absolute tolerance of 2.220446049250313e-15. Taking the real part, which may not be accurate.
└ @ ITensorMPS ~/.julia/packages/ITensorMPS/fZDBz/src/abstractmps.jl:1271
┌ Warning: norm² is 1.241160258564593e11 + 0.00032082079639866867im, which is not real up to a relative tolerance of 2.220446049250313e-15 and an absolute tolerance of 2.220446049250313e-15. Taking the real part, which may not be accurate.
└ @ ITensorMPS ~/.julia/packages/ITensorMPS/fZDBz/src/abstractmps.jl:1246
┌ Warning: norm² is 2.0327149632443204e11 + 0.0007119323029983748im, which is not real up to a relative tolerance of 2.220446049250313e-15 and an absolute tolerance of 2.220446049250313e-15. Taking the real part, which may not be accurate.
└ @ ITensorMPS ~/.julia/packages/ITensorMPS/fZDBz/src/abstractmps.jl:1246
┌ Warning: norm² is 3.15511174420307 - 7.669810598433344e-15im, which is not real up to a relative tolerance of 2.220446049250313e-15 and an absolute tolerance of 2.220446049250313e-15. Taking the real part, which may not be accurate.
└ @ ITensorMPS ~/.julia/packages/ITensorMPS/fZDBz/src/abstractmps.jl:1246
┌ Warning: norm² is 6.99224438647593e10 - 0.00018258324862954756im, which is not real up to a relative tolerance of 2.220446049250313e-15 and an absolute tolerance of 2.220446049250313e-15. Taking the real part, which may not be accurate.
└ @ ITensorMPS ~/.julia/packages/ITensorMPS/fZDBz/src/abstractmps.jl:1246
┌ Warning: norm² is 2.5190022815608955 + 5.623830148790486e-15im, which is not real up to a relative tolerance of 2.220446049250313e-15 and an absolute tolerance of 2.220446049250313e-15. Taking the real part, which may not be accurate.
└ @ ITensorMPS ~/.julia/packages/ITensorMPS/fZDBz/src/abstractmps.jl:1246
┌ Warning: norm² is 3.8138357729820636e11 + 0.0009385326525532811im, which is not real up to a relative tolerance of 2.220446049250313e-15 and an absolute tolerance of 2.220446049250313e-15. Taking the real part, which may not be accurate.
└ @ ITensorMPS ~/.julia/packages/ITensorMPS/fZDBz/src/abstractmps.jl:1246
┌ Warning: norm² is 4.309072850543941e11 - 0.000996452124703319im, which is not real up to a relative tolerance of 2.220446049250313e-15 and an absolute tolerance of 2.220446049250313e-15. Taking the real part, which may not be accurate.
└ @ ITensorMPS ~/.julia/packages/ITensorMPS/fZDBz/src/abstractmps.jl:1246
┌ Warning: log(norm²) is 0.47591536070344764 + 2.995306279425548e-15im, which is not real up to a relative tolerance of 2.220446049250313e-15 and an absolute tolerance of 2.220446049250313e-15. Taking the real part, which may not be accurate.
└ @ ITensorMPS ~/.julia/packages/ITensorMPS/fZDBz/src/abstractmps.jl:1271
┌ Warning: norm² is 1.7433374531923877e11 - 0.0004547772461737618im, which is not real up to a relative tolerance of 2.220446049250313e-15 and an absolute tolerance of 2.220446049250313e-15. Taking the real part, which may not be accurate.
└ @ ITensorMPS ~/.julia/packages/ITensorMPS/fZDBz/src/abstractmps.jl:1246
┌ Warning: log(norm²) is 0.22471437011020473 - 2.2374422986794124e-15im, which is not real up to a relative tolerance of 2.220446049250313e-15 and an absolute tolerance of 2.220446049250313e-15. Taking the real part, which may not be accurate.
└ @ ITensorMPS ~/.julia/packages/ITensorMPS/fZDBz/src/abstractmps.jl:1271
┌ Warning: norm² is 1.5331129609418255 + 3.8114598612996995e-15im, which is not real up to a relative tolerance of 2.220446049250313e-15 and an absolute tolerance of 2.220446049250313e-15. Taking the real part, which may not be accurate.
└ @ ITensorMPS ~/.julia/packages/ITensorMPS/fZDBz/src/abstractmps.jl:1246
┌ Warning: log(norm²) is 0.3621999738316502 - 2.9670410986291846e-15im, which is not real up to a relative tolerance of 2.220446049250313e-15 and an absolute tolerance of 2.220446049250313e-15. Taking the real part, which may not be accurate.
└ @ ITensorMPS ~/.julia/packages/ITensorMPS/fZDBz/src/abstractmps.jl:1271
┌ Warning: log(norm²) is 0.37688297634123297 + 3.3691920115333372e-15im, which is not real up to a relative tolerance of 2.220446049250313e-15 and an absolute tolerance of 2.220446049250313e-15. Taking the real part, which may not be accurate.
└ @ ITensorMPS ~/.julia/packages/ITensorMPS/fZDBz/src/abstractmps.jl:1271
┌ Warning: norm² is 3.821801599595587e11 + 0.0013591886454611696im, which is not real up to a relative tolerance of 2.220446049250313e-15 and an absolute tolerance of 2.220446049250313e-15. Taking the real part, which may not be accurate.
└ @ ITensorMPS ~/.julia/packages/ITensorMPS/fZDBz/src/abstractmps.jl:1246
┌ Warning: norm² is 1.450504014336506 + 3.252917975772558e-15im, which is not real up to a relative tolerance of 2.220446049250313e-15 and an absolute tolerance of 2.220446049250313e-15. Taking the real part, which may not be accurate.
└ @ ITensorMPS ~/.julia/packages/ITensorMPS/fZDBz/src/abstractmps.jl:1246
┌ Warning: norm² is 2.246124380446317e10 + 5.507141093484251e-5im, which is not real up to a relative tolerance of 2.220446049250313e-15 and an absolute tolerance of 2.220446049250313e-15. Taking the real part, which may not be accurate.
└ @ ITensorMPS ~/.julia/packages/ITensorMPS/fZDBz/src/abstractmps.jl:1246
┌ Warning: norm² is 4.285944957165594e10 + 0.00013312700653663273im, which is not real up to a relative tolerance of 2.220446049250313e-15 and an absolute tolerance of 2.220446049250313e-15. Taking the real part, which may not be accurate.
└ @ ITensorMPS ~/.julia/packages/ITensorMPS/fZDBz/src/abstractmps.jl:1246
┌ Warning: norm² is 4.5340159255166466e10 - 0.00011450090182451499im, which is not real up to a relative tolerance of 2.220446049250313e-15 and an absolute tolerance of 2.220446049250313e-15. Taking the real part, which may not be accurate.
└ @ ITensorMPS ~/.julia/packages/ITensorMPS/fZDBz/src/abstractmps.jl:1246
┌ Warning: log(norm²) is 1.0539269293576494 - 2.8648193107038324e-15im, which is not real up to a relative tolerance of 2.220446049250313e-15 and an absolute tolerance of 2.220446049250313e-15. Taking the real part, which may not be accurate.
└ @ ITensorMPS ~/.julia/packages/ITensorMPS/fZDBz/src/abstractmps.jl:1271
┌ Warning: norm² is 1.73781321285898 - 4.963618363470253e-15im, which is not real up to a relative tolerance of 2.220446049250313e-15 and an absolute tolerance of 2.220446049250313e-15. Taking the real part, which may not be accurate.
└ @ ITensorMPS ~/.julia/packages/ITensorMPS/fZDBz/src/abstractmps.jl:1246
┌ Warning: norm² is 2.325990393195826 + 5.38855111894011e-15im, which is not real up to a relative tolerance of 2.220446049250313e-15 and an absolute tolerance of 2.220446049250313e-15. Taking the real part, which may not be accurate.
└ @ ITensorMPS ~/.julia/packages/ITensorMPS/fZDBz/src/abstractmps.jl:1246
┌ Warning: norm² is 6.2159734135635826e10 + 0.00015850958164760664im, which is not real up to a relative tolerance of 2.220446049250313e-15 and an absolute tolerance of 2.220446049250313e-15. Taking the real part, which may not be accurate.
└ @ ITensorMPS ~/.julia/packages/ITensorMPS/fZDBz/src/abstractmps.jl:1246
┌ Warning: norm² is 3.0992879011448784e10 + 7.895276160786227e-5im, which is not real up to a relative tolerance of 2.220446049250313e-15 and an absolute tolerance of 2.220446049250313e-15. Taking the real part, which may not be accurate.
└ @ ITensorMPS ~/.julia/packages/ITensorMPS/fZDBz/src/abstractmps.jl:1246
┌ Warning: norm² is 1.4278328375945212e11 + 0.00031824913348282705im, which is not real up to a relative tolerance of 2.220446049250313e-15 and an absolute tolerance of 2.220446049250313e-15. Taking the real part, which may not be accurate.
└ @ ITensorMPS ~/.julia/packages/ITensorMPS/fZDBz/src/abstractmps.jl:1246
┌ Warning: norm² is 2.0847237393293496 - 5.92681812316162e-15im, which is not real up to a relative tolerance of 2.220446049250313e-15 and an absolute tolerance of 2.220446049250313e-15. Taking the real part, which may not be accurate.
└ @ ITensorMPS ~/.julia/packages/ITensorMPS/fZDBz/src/abstractmps.jl:1246
┌ Warning: log(norm²) is 0.937894859862378 - 3.2415688939111354e-15im, which is not real up to a relative tolerance of 2.220446049250313e-15 and an absolute tolerance of 2.220446049250313e-15. Taking the real part, which may not be accurate.
└ @ ITensorMPS ~/.julia/packages/ITensorMPS/fZDBz/src/abstractmps.jl:1271
┌ Warning: norm² is 4.255900233386285e10 + 0.00012968622902420258im, which is not real up to a relative tolerance of 2.220446049250313e-15 and an absolute tolerance of 2.220446049250313e-15. Taking the real part, which may not be accurate.
└ @ ITensorMPS ~/.julia/packages/ITensorMPS/fZDBz/src/abstractmps.jl:1246
┌ Warning: norm² is 1.9915211709456258 - 4.574215089309838e-15im, which is not real up to a relative tolerance of 2.220446049250313e-15 and an absolute tolerance of 2.220446049250313e-15. Taking the real part, which may not be accurate.
└ @ ITensorMPS ~/.julia/packages/ITensorMPS/fZDBz/src/abstractmps.jl:1246
┌ Warning: norm² is 4.6025337065213524e10 + 0.00017906564595486496im, which is not real up to a relative tolerance of 2.220446049250313e-15 and an absolute tolerance of 2.220446049250313e-15. Taking the real part, which may not be accurate.
└ @ ITensorMPS ~/.julia/packages/ITensorMPS/fZDBz/src/abstractmps.jl:1246
┌ Warning: norm² is 1.831894294814559e10 - 5.676411516896215e-5im, which is not real up to a relative tolerance of 2.220446049250313e-15 and an absolute tolerance of 2.220446049250313e-15. Taking the real part, which may not be accurate.
└ @ ITensorMPS ~/.julia/packages/ITensorMPS/fZDBz/src/abstractmps.jl:1246
┌ Warning: norm² is 3.072305415953391e10 - 0.00011893325302636999im, which is not real up to a relative tolerance of 2.220446049250313e-15 and an absolute tolerance of 2.220446049250313e-15. Taking the real part, which may not be accurate.
└ @ ITensorMPS ~/.julia/packages/ITensorMPS/fZDBz/src/abstractmps.jl:1246
┌ Warning: norm² is 1.379525043159426 + 3.0828796771862122e-15im, which is not real up to a relative tolerance of 2.220446049250313e-15 and an absolute tolerance of 2.220446049250313e-15. Taking the real part, which may not be accurate.
└ @ ITensorMPS ~/.julia/packages/ITensorMPS/fZDBz/src/abstractmps.jl:1246
┌ Warning: norm² is 2.9829045684040953 - 7.73151717048032e-15im, which is not real up to a relative tolerance of 2.220446049250313e-15 and an absolute tolerance of 2.220446049250313e-15. Taking the real part, which may not be accurate.
└ @ ITensorMPS ~/.julia/packages/ITensorMPS/fZDBz/src/abstractmps.jl:1246
┌ Warning: norm² is 2.5485529795229027 + 5.936559944627353e-15im, which is not real up to a relative tolerance of 2.220446049250313e-15 and an absolute tolerance of 2.220446049250313e-15. Taking the real part, which may not be accurate.
└ @ ITensorMPS ~/.julia/packages/ITensorMPS/fZDBz/src/abstractmps.jl:1246
┌ Warning: norm² is 2.40606374680592e10 - 8.828044614687732e-5im, which is not real up to a relative tolerance of 2.220446049250313e-15 and an absolute tolerance of 2.220446049250313e-15. Taking the real part, which may not be accurate.
└ @ ITensorMPS ~/.julia/packages/ITensorMPS/fZDBz/src/abstractmps.jl:1246
┌ Warning: norm² is 3.3428371044494038e10 + 9.891612503271399e-5im, which is not real up to a relative tolerance of 2.220446049250313e-15 and an absolute tolerance of 2.220446049250313e-15. Taking the real part, which may not be accurate.
└ @ ITensorMPS ~/.julia/packages/ITensorMPS/fZDBz/src/abstractmps.jl:1246
┌ Warning: norm² is 1.739243783411666e10 - 5.2469622481852714e-5im, which is not real up to a relative tolerance of 2.220446049250313e-15 and an absolute tolerance of 2.220446049250313e-15. Taking the real part, which may not be accurate.
└ @ ITensorMPS ~/.julia/packages/ITensorMPS/fZDBz/src/abstractmps.jl:1246
┌ Warning: log(norm²) is 0.8474752132370118 - 2.6575728699573137e-15im, which is not real up to a relative tolerance of 2.220446049250313e-15 and an absolute tolerance of 2.220446049250313e-15. Taking the real part, which may not be accurate.
└ @ ITensorMPS ~/.julia/packages/ITensorMPS/fZDBz/src/abstractmps.jl:1271
┌ Warning: norm² is 1.0011164532936197e11 - 0.0002481651619905918im, which is not real up to a relative tolerance of 2.220446049250313e-15 and an absolute tolerance of 2.220446049250313e-15. Taking the real part, which may not be accurate.
└ @ ITensorMPS ~/.julia/packages/ITensorMPS/fZDBz/src/abstractmps.jl:1246
┌ Warning: norm² is 6.292603506682919e10 + 0.0001640070155368188im, which is not real up to a relative tolerance of 2.220446049250313e-15 and an absolute tolerance of 2.220446049250313e-15. Taking the real part, which may not be accurate.
└ @ ITensorMPS ~/.julia/packages/ITensorMPS/fZDBz/src/abstractmps.jl:1246
┌ Warning: log(norm²) is 0.8172098789196011 + 2.5906937064475728e-15im, which is not real up to a relative tolerance of 2.220446049250313e-15 and an absolute tolerance of 2.220446049250313e-15. Taking the real part, which may not be accurate.
└ @ ITensorMPS ~/.julia/packages/ITensorMPS/fZDBz/src/abstractmps.jl:1271
┌ Warning: norm² is 2.494753236627341 + 5.929035504818962e-15im, which is not real up to a relative tolerance of 2.220446049250313e-15 and an absolute tolerance of 2.220446049250313e-15. Taking the real part, which may not be accurate.
└ @ ITensorMPS ~/.julia/packages/ITensorMPS/fZDBz/src/abstractmps.jl:1246
┌ Warning: norm² is 3.0767968447604378e10 + 8.147255145784172e-5im, which is not real up to a relative tolerance of 2.220446049250313e-15 and an absolute tolerance of 2.220446049250313e-15. Taking the real part, which may not be accurate.
└ @ ITensorMPS ~/.julia/packages/ITensorMPS/fZDBz/src/abstractmps.jl:1246
┌ Warning: norm² is 1.6207385405225662e10 + 5.471487004584775e-5im, which is not real up to a relative tolerance of 2.220446049250313e-15 and an absolute tolerance of 2.220446049250313e-15. Taking the real part, which may not be accurate.
└ @ ITensorMPS ~/.julia/packages/ITensorMPS/fZDBz/src/abstractmps.jl:1246
┌ Warning: norm² is 1.3322632846127018e10 + 3.5353935236328714e-5im, which is not real up to a relative tolerance of 2.220446049250313e-15 and an absolute tolerance of 2.220446049250313e-15. Taking the real part, which may not be accurate.
└ @ ITensorMPS ~/.julia/packages/ITensorMPS/fZDBz/src/abstractmps.jl:1246
┌ Warning: norm² is 1.3145244980706423e10 - 3.1541221479038046e-5im, which is not real up to a relative tolerance of 2.220446049250313e-15 and an absolute tolerance of 2.220446049250313e-15. Taking the real part, which may not be accurate.
└ @ ITensorMPS ~/.julia/packages/ITensorMPS/fZDBz/src/abstractmps.jl:1246
┌ Warning: norm² is 2.2649765082952005 - 5.9169075345170505e-15im, which is not real up to a relative tolerance of 2.220446049250313e-15 and an absolute tolerance of 2.220446049250313e-15. Taking the real part, which may not be accurate.
└ @ ITensorMPS ~/.julia/packages/ITensorMPS/fZDBz/src/abstractmps.jl:1246
┌ Warning: norm² is 1.6006789505301573e10 - 6.731207815617388e-5im, which is not real up to a relative tolerance of 2.220446049250313e-15 and an absolute tolerance of 2.220446049250313e-15. Taking the real part, which may not be accurate.
└ @ ITensorMPS ~/.julia/packages/ITensorMPS/fZDBz/src/abstractmps.jl:1246
┌ Warning: norm² is 1.998404433678359e10 - 6.217934495283362e-5im, which is not real up to a relative tolerance of 2.220446049250313e-15 and an absolute tolerance of 2.220446049250313e-15. Taking the real part, which may not be accurate.
└ @ ITensorMPS ~/.julia/packages/ITensorMPS/fZDBz/src/abstractmps.jl:1246
┌ Warning: norm² is 2.333707117618014 - 5.490536587781461e-15im, which is not real up to a relative tolerance of 2.220446049250313e-15 and an absolute tolerance of 2.220446049250313e-15. Taking the real part, which may not be accurate.
└ @ ITensorMPS ~/.julia/packages/ITensorMPS/fZDBz/src/abstractmps.jl:1246
┌ Warning: norm² is 2.0458991967914154e10 + 4.887507695406073e-5im, which is not real up to a relative tolerance of 2.220446049250313e-15 and an absolute tolerance of 2.220446049250313e-15. Taking the real part, which may not be accurate.
└ @ ITensorMPS ~/.julia/packages/ITensorMPS/fZDBz/src/abstractmps.jl:1246
┌ Warning: log(norm²) is 0.8381716786204408 - 2.2790935168254394e-15im, which is not real up to a relative tolerance of 2.220446049250313e-15 and an absolute tolerance of 2.220446049250313e-15. Taking the real part, which may not be accurate.
└ @ ITensorMPS ~/.julia/packages/ITensorMPS/fZDBz/src/abstractmps.jl:1271
┌ Warning: norm² is 1.3358437463682297e10 - 3.658338728662329e-5im, which is not real up to a relative tolerance of 2.220446049250313e-15 and an absolute tolerance of 2.220446049250313e-15. Taking the real part, which may not be accurate.
└ @ ITensorMPS ~/.julia/packages/ITensorMPS/fZDBz/src/abstractmps.jl:1246
┌ Warning: norm² is 1.5313442608561773e10 - 5.041348504100047e-5im, which is not real up to a relative tolerance of 2.220446049250313e-15 and an absolute tolerance of 2.220446049250313e-15. Taking the real part, which may not be accurate.
└ @ ITensorMPS ~/.julia/packages/ITensorMPS/fZDBz/src/abstractmps.jl:1246
┌ Warning: log(norm²) is 0.873611213465895 + 2.5417868008810977e-15im, which is not real up to a relative tolerance of 2.220446049250313e-15 and an absolute tolerance of 2.220446049250313e-15. Taking the real part, which may not be accurate.
└ @ ITensorMPS ~/.julia/packages/ITensorMPS/fZDBz/src/abstractmps.jl:1271
┌ Warning: norm² is 1.1478278946569508e10 - 3.483019140840432e-5im, which is not real up to a relative tolerance of 2.220446049250313e-15 and an absolute tolerance of 2.220446049250313e-15. Taking the real part, which may not be accurate.
└ @ ITensorMPS ~/.julia/packages/ITensorMPS/fZDBz/src/abstractmps.jl:1246
┌ Warning: norm² is 1.3692615167148996e10 + 3.095114227282657e-5im, which is not real up to a relative tolerance of 2.220446049250313e-15 and an absolute tolerance of 2.220446049250313e-15. Taking the real part, which may not be accurate.
└ @ ITensorMPS ~/.julia/packages/ITensorMPS/fZDBz/src/abstractmps.jl:1246
┌ Warning: norm² is 2.2166263521521984e10 - 5.510659035387699e-5im, which is not real up to a relative tolerance of 2.220446049250313e-15 and an absolute tolerance of 2.220446049250313e-15. Taking the real part, which may not be accurate.
└ @ ITensorMPS ~/.julia/packages/ITensorMPS/fZDBz/src/abstractmps.jl:1246
┌ Warning: norm² is 2.2503200624509712e10 - 5.6239589385320715e-5im, which is not real up to a relative tolerance of 2.220446049250313e-15 and an absolute tolerance of 2.220446049250313e-15. Taking the real part, which may not be accurate.
└ @ ITensorMPS ~/.julia/packages/ITensorMPS/fZDBz/src/abstractmps.jl:1246
┌ Warning: log(norm²) is 0.9206420022121129 - 2.2432562612646718e-15im, which is not real up to a relative tolerance of 2.220446049250313e-15 and an absolute tolerance of 2.220446049250313e-15. Taking the real part, which may not be accurate.
└ @ ITensorMPS ~/.julia/packages/ITensorMPS/fZDBz/src/abstractmps.jl:1271
┌ Warning: norm² is 9.524832294631735e9 + 2.2889643889404462e-5im, which is not real up to a relative tolerance of 2.220446049250313e-15 and an absolute tolerance of 2.220446049250313e-15. Taking the real part, which may not be accurate.
└ @ ITensorMPS ~/.julia/packages/ITensorMPS/fZDBz/src/abstractmps.jl:1246
┌ Warning: log(norm²) is 0.9240937324073758 - 2.371864826398373e-15im, which is not real up to a relative tolerance of 2.220446049250313e-15 and an absolute tolerance of 2.220446049250313e-15. Taking the real part, which may not be accurate.
└ @ ITensorMPS ~/.julia/packages/ITensorMPS/fZDBz/src/abstractmps.jl:1271
┌ Warning: norm² is 1.129603539679152e10 + 3.415399571286461e-5im, which is not real up to a relative tolerance of 2.220446049250313e-15 and an absolute tolerance of 2.220446049250313e-15. Taking the real part, which may not be accurate.
└ @ ITensorMPS ~/.julia/packages/ITensorMPS/fZDBz/src/abstractmps.jl:1246
┌ Warning: norm² is 1.0693751330902239e10 + 2.9092539617762805e-5im, which is not real up to a relative tolerance of 2.220446049250313e-15 and an absolute tolerance of 2.220446049250313e-15. Taking the real part, which may not be accurate.
└ @ ITensorMPS ~/.julia/packages/ITensorMPS/fZDBz/src/abstractmps.jl:1246
┌ Warning: log(norm²) is 0.7870841235814543 + 2.5028114242195774e-15im, which is not real up to a relative tolerance of 2.220446049250313e-15 and an absolute tolerance of 2.220446049250313e-15. Taking the real part, which may not be accurate.
└ @ ITensorMPS ~/.julia/packages/ITensorMPS/fZDBz/src/abstractmps.jl:1271
┌ Warning: norm² is 1.4736796416697927e10 - 4.0605830235765975e-5im, which is not real up to a relative tolerance of 2.220446049250313e-15 and an absolute tolerance of 2.220446049250313e-15. Taking the real part, which may not be accurate.
└ @ ITensorMPS ~/.julia/packages/ITensorMPS/fZDBz/src/abstractmps.jl:1246
┌ Warning: norm² is 2.2557008499925795 - 5.278332495777421e-15im, which is not real up to a relative tolerance of 2.220446049250313e-15 and an absolute tolerance of 2.220446049250313e-15. Taking the real part, which may not be accurate.
└ @ ITensorMPS ~/.julia/packages/ITensorMPS/fZDBz/src/abstractmps.jl:1246
┌ Warning: norm² is 5.065857207202794e10 - 0.00011488476167194662im, which is not real up to a relative tolerance of 2.220446049250313e-15 and an absolute tolerance of 2.220446049250313e-15. Taking the real part, which may not be accurate.
└ @ ITensorMPS ~/.julia/packages/ITensorMPS/fZDBz/src/abstractmps.jl:1246
┌ Warning: norm² is 1.2411501257963375e10 - 3.0372025724944236e-5im, which is not real up to a relative tolerance of 2.220446049250313e-15 and an absolute tolerance of 2.220446049250313e-15. Taking the real part, which may not be accurate.
└ @ ITensorMPS ~/.julia/packages/ITensorMPS/fZDBz/src/abstractmps.jl:1246
┌ Warning: log(norm²) is 0.8754444277784845 + 2.5924698707570356e-15im, which is not real up to a relative tolerance of 2.220446049250313e-15 and an absolute tolerance of 2.220446049250313e-15. Taking the real part, which may not be accurate.
└ @ ITensorMPS ~/.julia/packages/ITensorMPS/fZDBz/src/abstractmps.jl:1271
┌ Warning: norm² is 2.465479393759917 + 5.868796865891791e-15im, which is not real up to a relative tolerance of 2.220446049250313e-15 and an absolute tolerance of 2.220446049250313e-15. Taking the real part, which may not be accurate.
└ @ ITensorMPS ~/.julia/packages/ITensorMPS/fZDBz/src/abstractmps.jl:1246
┌ Warning: log(norm²) is 0.9460897669496728 - 3.853345884694043e-15im, which is not real up to a relative tolerance of 2.220446049250313e-15 and an absolute tolerance of 2.220446049250313e-15. Taking the real part, which may not be accurate.
└ @ ITensorMPS ~/.julia/packages/ITensorMPS/fZDBz/src/abstractmps.jl:1271
┌ Warning: norm² is 8.196012124306108e9 - 2.6436474241127036e-5im, which is not real up to a relative tolerance of 2.220446049250313e-15 and an absolute tolerance of 2.220446049250313e-15. Taking the real part, which may not be accurate.
└ @ ITensorMPS ~/.julia/packages/ITensorMPS/fZDBz/src/abstractmps.jl:1246
┌ Warning: norm² is 2.376703271424756 - 6.6264840186568456e-15im, which is not real up to a relative tolerance of 2.220446049250313e-15 and an absolute tolerance of 2.220446049250313e-15. Taking the real part, which may not be accurate.
└ @ ITensorMPS ~/.julia/packages/ITensorMPS/fZDBz/src/abstractmps.jl:1246
┌ Warning: log(norm²) is 0.8718686619843105 - 2.8553964802395858e-15im, which is not real up to a relative tolerance of 2.220446049250313e-15 and an absolute tolerance of 2.220446049250313e-15. Taking the real part, which may not be accurate.
└ @ ITensorMPS ~/.julia/packages/ITensorMPS/fZDBz/src/abstractmps.jl:1271
┌ Warning: log(norm²) is 0.8574122917391478 - 2.8228369924597548e-15im, which is not real up to a relative tolerance of 2.220446049250313e-15 and an absolute tolerance of 2.220446049250313e-15. Taking the real part, which may not be accurate.
└ @ ITensorMPS ~/.julia/packages/ITensorMPS/fZDBz/src/abstractmps.jl:1271
┌ Warning: log(norm²) is 0.8492587250444837 - 2.7644985773588867e-15im, which is not real up to a relative tolerance of 2.220446049250313e-15 and an absolute tolerance of 2.220446049250313e-15. Taking the real part, which may not be accurate.
└ @ ITensorMPS ~/.julia/packages/ITensorMPS/fZDBz/src/abstractmps.jl:1271
┌ Warning: norm² is 1.0285843819834503e10 - 2.442769741281287e-5im, which is not real up to a relative tolerance of 2.220446049250313e-15 and an absolute tolerance of 2.220446049250313e-15. Taking the real part, which may not be accurate.
└ @ ITensorMPS ~/.julia/packages/ITensorMPS/fZDBz/src/abstractmps.jl:1246
┌ Warning: log(norm²) is 0.8649994401308978 - 2.731989038415041e-15im, which is not real up to a relative tolerance of 2.220446049250313e-15 and an absolute tolerance of 2.220446049250313e-15. Taking the real part, which may not be accurate.
└ @ ITensorMPS ~/.julia/packages/ITensorMPS/fZDBz/src/abstractmps.jl:1271
┌ Warning: log(norm²) is 0.8609930206251938 - 2.7050817680890794e-15im, which is not real up to a relative tolerance of 2.220446049250313e-15 and an absolute tolerance of 2.220446049250313e-15. Taking the real part, which may not be accurate.
└ @ ITensorMPS ~/.julia/packages/ITensorMPS/fZDBz/src/abstractmps.jl:1271
┌ Warning: norm² is 2.3495243772459506 - 6.314247802283127e-15im, which is not real up to a relative tolerance of 2.220446049250313e-15 and an absolute tolerance of 2.220446049250313e-15. Taking the real part, which may not be accurate.
└ @ ITensorMPS ~/.julia/packages/ITensorMPS/fZDBz/src/abstractmps.jl:1246
┌ Warning: norm² is 2.394909737535991 - 5.6145799149208305e-15im, which is not real up to a relative tolerance of 2.220446049250313e-15 and an absolute tolerance of 2.220446049250313e-15. Taking the real part, which may not be accurate.
└ @ ITensorMPS ~/.julia/packages/ITensorMPS/fZDBz/src/abstractmps.jl:1246
┌ Warning: norm² is 8.262210982891411e9 + 1.959133270733108e-5im, which is not real up to a relative tolerance of 2.220446049250313e-15 and an absolute tolerance of 2.220446049250313e-15. Taking the real part, which may not be accurate.
└ @ ITensorMPS ~/.julia/packages/ITensorMPS/fZDBz/src/abstractmps.jl:1246
┌ Warning: norm² is 8.01409064923024e9 + 1.866949064044361e-5im, which is not real up to a relative tolerance of 2.220446049250313e-15 and an absolute tolerance of 2.220446049250313e-15. Taking the real part, which may not be accurate.
└ @ ITensorMPS ~/.julia/packages/ITensorMPS/fZDBz/src/abstractmps.jl:1246
┌ Warning: norm² is 1.0538049749410604e10 - 2.5945969508063132e-5im, which is not real up to a relative tolerance of 2.220446049250313e-15 and an absolute tolerance of 2.220446049250313e-15. Taking the real part, which may not be accurate.
└ @ ITensorMPS ~/.julia/packages/ITensorMPS/fZDBz/src/abstractmps.jl:1246
┌ Warning: norm² is 2.3840691916248278 - 7.489777005904375e-15im, which is not real up to a relative tolerance of 2.220446049250313e-15 and an absolute tolerance of 2.220446049250313e-15. Taking the real part, which may not be accurate.
└ @ ITensorMPS ~/.julia/packages/ITensorMPS/fZDBz/src/abstractmps.jl:1246
┌ Warning: norm² is 1.0789144501299791e10 + 4.3077780613251496e-5im, which is not real up to a relative tolerance of 2.220446049250313e-15 and an absolute tolerance of 2.220446049250313e-15. Taking the real part, which may not be accurate.
└ @ ITensorMPS ~/.julia/packages/ITensorMPS/fZDBz/src/abstractmps.jl:1246
┌ Warning: norm² is 2.431143795144212 + 6.325544411750636e-15im, which is not real up to a relative tolerance of 2.220446049250313e-15 and an absolute tolerance of 2.220446049250313e-15. Taking the real part, which may not be accurate.
└ @ ITensorMPS ~/.julia/packages/ITensorMPS/fZDBz/src/abstractmps.jl:1246
┌ Warning: norm² is 7.084531546952041e9 - 1.830046131144221e-5im, which is not real up to a relative tolerance of 2.220446049250313e-15 and an absolute tolerance of 2.220446049250313e-15. Taking the real part, which may not be accurate.
└ @ ITensorMPS ~/.julia/packages/ITensorMPS/fZDBz/src/abstractmps.jl:1246
┌ Warning: norm² is 9.882857258152014e9 - 2.3621523011130677e-5im, which is not real up to a relative tolerance of 2.220446049250313e-15 and an absolute tolerance of 2.220446049250313e-15. Taking the real part, which may not be accurate.
└ @ ITensorMPS ~/.julia/packages/ITensorMPS/fZDBz/src/abstractmps.jl:1246
┌ Warning: log(norm²) is 0.8454256514079163 - 2.3335030721480994e-15im, which is not real up to a relative tolerance of 2.220446049250313e-15 and an absolute tolerance of 2.220446049250313e-15. Taking the real part, which may not be accurate.
└ @ ITensorMPS ~/.julia/packages/ITensorMPS/fZDBz/src/abstractmps.jl:1271
┌ Warning: norm² is 7.63152125001496e9 + 2.847256380986051e-5im, which is not real up to a relative tolerance of 2.220446049250313e-15 and an absolute tolerance of 2.220446049250313e-15. Taking the real part, which may not be accurate.
└ @ ITensorMPS ~/.julia/packages/ITensorMPS/fZDBz/src/abstractmps.jl:1246
┌ Warning: log(norm²) is 0.8505863175935917 - 2.3181965003690752e-15im, which is not real up to a relative tolerance of 2.220446049250313e-15 and an absolute tolerance of 2.220446049250313e-15. Taking the real part, which may not be accurate.
└ @ ITensorMPS ~/.julia/packages/ITensorMPS/fZDBz/src/abstractmps.jl:1271
┌ Warning: norm² is 7.685753242740847e9 + 3.367013849942513e-5im, which is not real up to a relative tolerance of 2.220446049250313e-15 and an absolute tolerance of 2.220446049250313e-15. Taking the real part, which may not be accurate.
└ @ ITensorMPS ~/.julia/packages/ITensorMPS/fZDBz/src/abstractmps.jl:1246
┌ Warning: norm² is 7.823471576890442e9 - 2.3888389384871513e-5im, which is not real up to a relative tolerance of 2.220446049250313e-15 and an absolute tolerance of 2.220446049250313e-15. Taking the real part, which may not be accurate.
└ @ ITensorMPS ~/.julia/packages/ITensorMPS/fZDBz/src/abstractmps.jl:1246
┌ Warning: norm² is 7.561588845087609e9 - 1.888926650847601e-5im, which is not real up to a relative tolerance of 2.220446049250313e-15 and an absolute tolerance of 2.220446049250313e-15. Taking the real part, which may not be accurate.
└ @ ITensorMPS ~/.julia/packages/ITensorMPS/fZDBz/src/abstractmps.jl:1246
┌ Warning: log(norm²) is 0.8733956349933296 + 2.294831317423348e-15im, which is not real up to a relative tolerance of 2.220446049250313e-15 and an absolute tolerance of 2.220446049250313e-15. Taking the real part, which may not be accurate.
└ @ ITensorMPS ~/.julia/packages/ITensorMPS/fZDBz/src/abstractmps.jl:1271
┌ Warning: norm² is 2.375343746307677 - 6.446865867829154e-15im, which is not real up to a relative tolerance of 2.220446049250313e-15 and an absolute tolerance of 2.220446049250313e-15. Taking the real part, which may not be accurate.
└ @ ITensorMPS ~/.julia/packages/ITensorMPS/fZDBz/src/abstractmps.jl:1246
┌ Warning: norm² is 7.894260839334743e9 + 1.928473443404711e-5im, which is not real up to a relative tolerance of 2.220446049250313e-15 and an absolute tolerance of 2.220446049250313e-15. Taking the real part, which may not be accurate.
└ @ ITensorMPS ~/.julia/packages/ITensorMPS/fZDBz/src/abstractmps.jl:1246
┌ Warning: norm² is 9.644644244418438e9 - 3.0299758063391867e-5im, which is not real up to a relative tolerance of 2.220446049250313e-15 and an absolute tolerance of 2.220446049250313e-15. Taking the real part, which may not be accurate.
└ @ ITensorMPS ~/.julia/packages/ITensorMPS/fZDBz/src/abstractmps.jl:1246
┌ Warning: norm² is 9.742099437885464e9 - 2.439001276237374e-5im, which is not real up to a relative tolerance of 2.220446049250313e-15 and an absolute tolerance of 2.220446049250313e-15. Taking the real part, which may not be accurate.
└ @ ITensorMPS ~/.julia/packages/ITensorMPS/fZDBz/src/abstractmps.jl:1246
┌ Warning: log(norm²) is 0.8502034380263749 + 2.3173552087144067e-15im, which is not real up to a relative tolerance of 2.220446049250313e-15 and an absolute tolerance of 2.220446049250313e-15. Taking the real part, which may not be accurate.
└ @ ITensorMPS ~/.julia/packages/ITensorMPS/fZDBz/src/abstractmps.jl:1271
┌ Warning: norm² is 1.0837190636462914e10 + 2.575881402270019e-5im, which is not real up to a relative tolerance of 2.220446049250313e-15 and an absolute tolerance of 2.220446049250313e-15. Taking the real part, which may not be accurate.
└ @ ITensorMPS ~/.julia/packages/ITensorMPS/fZDBz/src/abstractmps.jl:1246
┌ Warning: log(norm²) is 0.8819806889774616 + 2.2339642380672416e-15im, which is not real up to a relative tolerance of 2.220446049250313e-15 and an absolute tolerance of 2.220446049250313e-15. Taking the real part, which may not be accurate.
└ @ ITensorMPS ~/.julia/packages/ITensorMPS/fZDBz/src/abstractmps.jl:1271
┌ Warning: log(norm²) is 0.8514351542905388 + 2.4324902537376685e-15im, which is not real up to a relative tolerance of 2.220446049250313e-15 and an absolute tolerance of 2.220446049250313e-15. Taking the real part, which may not be accurate.
└ @ ITensorMPS ~/.julia/packages/ITensorMPS/fZDBz/src/abstractmps.jl:1271
┌ Warning: norm² is 7.377422968611716e9 - 2.193138343813996e-5im, which is not real up to a relative tolerance of 2.220446049250313e-15 and an absolute tolerance of 2.220446049250313e-15. Taking the real part, which may not be accurate.
└ @ ITensorMPS ~/.julia/packages/ITensorMPS/fZDBz/src/abstractmps.jl:1246
┌ Warning: norm² is 2.3804911397258066 + 8.636792446131739e-15im, which is not real up to a relative tolerance of 2.220446049250313e-15 and an absolute tolerance of 2.220446049250313e-15. Taking the real part, which may not be accurate.
└ @ ITensorMPS ~/.julia/packages/ITensorMPS/fZDBz/src/abstractmps.jl:1246
┌ Warning: norm² is 1.0116423678420355e10 - 2.5801163294170797e-5im, which is not real up to a relative tolerance of 2.220446049250313e-15 and an absolute tolerance of 2.220446049250313e-15. Taking the real part, which may not be accurate.
└ @ ITensorMPS ~/.julia/packages/ITensorMPS/fZDBz/src/abstractmps.jl:1246
┌ Warning: norm² is 7.09557657617168e9 - 1.659138039852148e-5im, which is not real up to a relative tolerance of 2.220446049250313e-15 and an absolute tolerance of 2.220446049250313e-15. Taking the real part, which may not be accurate.
└ @ ITensorMPS ~/.julia/packages/ITensorMPS/fZDBz/src/abstractmps.jl:1246
┌ Warning: log(norm²) is 0.8531920525244633 - 2.684904691324267e-15im, which is not real up to a relative tolerance of 2.220446049250313e-15 and an absolute tolerance of 2.220446049250313e-15. Taking the real part, which may not be accurate.
└ @ ITensorMPS ~/.julia/packages/ITensorMPS/fZDBz/src/abstractmps.jl:1271
┌ Warning: norm² is 2.3679753267998493 + 5.703644035384732e-15im, which is not real up to a relative tolerance of 2.220446049250313e-15 and an absolute tolerance of 2.220446049250313e-15. Taking the real part, which may not be accurate.
└ @ ITensorMPS ~/.julia/packages/ITensorMPS/fZDBz/src/abstractmps.jl:1246
┌ Warning: log(norm²) is 0.8463125626351299 + 2.605996742462264e-15im, which is not real up to a relative tolerance of 2.220446049250313e-15 and an absolute tolerance of 2.220446049250313e-15. Taking the real part, which may not be accurate.
└ @ ITensorMPS ~/.julia/packages/ITensorMPS/fZDBz/src/abstractmps.jl:1271
┌ Warning: norm² is 2.383154899049576 - 5.420339747150825e-15im, which is not real up to a relative tolerance of 2.220446049250313e-15 and an absolute tolerance of 2.220446049250313e-15. Taking the real part, which may not be accurate.
└ @ ITensorMPS ~/.julia/packages/ITensorMPS/fZDBz/src/abstractmps.jl:1246
┌ Warning: log(norm²) is 0.8522546116953674 + 2.2514104779464396e-15im, which is not real up to a relative tolerance of 2.220446049250313e-15 and an absolute tolerance of 2.220446049250313e-15. Taking the real part, which may not be accurate.
└ @ ITensorMPS ~/.julia/packages/ITensorMPS/fZDBz/src/abstractmps.jl:1271
┌ Warning: norm² is 2.387552276368197 - 5.611801881062272e-15im, which is not real up to a relative tolerance of 2.220446049250313e-15 and an absolute tolerance of 2.220446049250313e-15. Taking the real part, which may not be accurate.
└ @ ITensorMPS ~/.julia/packages/ITensorMPS/fZDBz/src/abstractmps.jl:1246
┌ Warning: norm² is 2.4022420194229737 + 5.572596920721853e-15im, which is not real up to a relative tolerance of 2.220446049250313e-15 and an absolute tolerance of 2.220446049250313e-15. Taking the real part, which may not be accurate.
└ @ ITensorMPS ~/.julia/packages/ITensorMPS/fZDBz/src/abstractmps.jl:1246
┌ Warning: log(norm²) is 0.8650600788266533 + 2.238831097105858e-15im, which is not real up to a relative tolerance of 2.220446049250313e-15 and an absolute tolerance of 2.220446049250313e-15. Taking the real part, which may not be accurate.
└ @ ITensorMPS ~/.julia/packages/ITensorMPS/fZDBz/src/abstractmps.jl:1271
┌ Warning: norm² is 9.743003748506573e9 - 2.852267952262774e-5im, which is not real up to a relative tolerance of 2.220446049250313e-15 and an absolute tolerance of 2.220446049250313e-15. Taking the real part, which may not be accurate.
└ @ ITensorMPS ~/.julia/packages/ITensorMPS/fZDBz/src/abstractmps.jl:1246
┌ Warning: norm² is 7.513943998265943e9 + 1.741658726132409e-5im, which is not real up to a relative tolerance of 2.220446049250313e-15 and an absolute tolerance of 2.220446049250313e-15. Taking the real part, which may not be accurate.
└ @ ITensorMPS ~/.julia/packages/ITensorMPS/fZDBz/src/abstractmps.jl:1246
┌ Warning: log(norm²) is 0.8647518057741864 - 2.4755927236145153e-15im, which is not real up to a relative tolerance of 2.220446049250313e-15 and an absolute tolerance of 2.220446049250313e-15. Taking the real part, which may not be accurate.
└ @ ITensorMPS ~/.julia/packages/ITensorMPS/fZDBz/src/abstractmps.jl:1271
┌ Warning: norm² is 7.458408865892183e9 - 1.873483714996736e-5im, which is not real up to a relative tolerance of 2.220446049250313e-15 and an absolute tolerance of 2.220446049250313e-15. Taking the real part, which may not be accurate.
└ @ ITensorMPS ~/.julia/packages/ITensorMPS/fZDBz/src/abstractmps.jl:1246
┌ Warning: norm² is 7.095527693255158e9 - 1.656495163012529e-5im, which is not real up to a relative tolerance of 2.220446049250313e-15 and an absolute tolerance of 2.220446049250313e-15. Taking the real part, which may not be accurate.
└ @ ITensorMPS ~/.julia/packages/ITensorMPS/fZDBz/src/abstractmps.jl:1246
┌ Warning: norm² is 2.3771563473348984 - 5.42437933637268e-15im, which is not real up to a relative tolerance of 2.220446049250313e-15 and an absolute tolerance of 2.220446049250313e-15. Taking the real part, which may not be accurate.
└ @ ITensorMPS ~/.julia/packages/ITensorMPS/fZDBz/src/abstractmps.jl:1246
┌ Warning: log(norm²) is 0.8803517806447834 - 2.6034576964929172e-15im, which is not real up to a relative tolerance of 2.220446049250313e-15 and an absolute tolerance of 2.220446049250313e-15. Taking the real part, which may not be accurate.
└ @ ITensorMPS ~/.julia/packages/ITensorMPS/fZDBz/src/abstractmps.jl:1271
┌ Warning: norm² is 7.642978952099141e9 - 1.8253449067088605e-5im, which is not real up to a relative tolerance of 2.220446049250313e-15 and an absolute tolerance of 2.220446049250313e-15. Taking the real part, which may not be accurate.
└ @ ITensorMPS ~/.julia/packages/ITensorMPS/fZDBz/src/abstractmps.jl:1246
┌ Warning: norm² is 9.08873371249566e9 - 2.4800693188020446e-5im, which is not real up to a relative tolerance of 2.220446049250313e-15 and an absolute tolerance of 2.220446049250313e-15. Taking the real part, which may not be accurate.
└ @ ITensorMPS ~/.julia/packages/ITensorMPS/fZDBz/src/abstractmps.jl:1246
┌ Warning: log(norm²) is 0.8694621227829417 + 3.0565444783948567e-15im, which is not real up to a relative tolerance of 2.220446049250313e-15 and an absolute tolerance of 2.220446049250313e-15. Taking the real part, which may not be accurate.
└ @ ITensorMPS ~/.julia/packages/ITensorMPS/fZDBz/src/abstractmps.jl:1271
┌ Warning: norm² is 7.632916618612774e9 - 1.7713624560044498e-5im, which is not real up to a relative tolerance of 2.220446049250313e-15 and an absolute tolerance of 2.220446049250313e-15. Taking the real part, which may not be accurate.
└ @ ITensorMPS ~/.julia/packages/ITensorMPS/fZDBz/src/abstractmps.jl:1246
┌ Warning: norm² is 7.593271795817922e9 - 2.0407139902012324e-5im, which is not real up to a relative tolerance of 2.220446049250313e-15 and an absolute tolerance of 2.220446049250313e-15. Taking the real part, which may not be accurate.
└ @ ITensorMPS ~/.julia/packages/ITensorMPS/fZDBz/src/abstractmps.jl:1246
┌ Warning: norm² is 2.332000757619628 - 5.9285095316156264e-15im, which is not real up to a relative tolerance of 2.220446049250313e-15 and an absolute tolerance of 2.220446049250313e-15. Taking the real part, which may not be accurate.
└ @ ITensorMPS ~/.julia/packages/ITensorMPS/fZDBz/src/abstractmps.jl:1246
┌ Warning: norm² is 2.371348808472432 + 6.613449411553165e-15im, which is not real up to a relative tolerance of 2.220446049250313e-15 and an absolute tolerance of 2.220446049250313e-15. Taking the real part, which may not be accurate.
└ @ ITensorMPS ~/.julia/packages/ITensorMPS/fZDBz/src/abstractmps.jl:1246
┌ Warning: log(norm²) is 0.8787031555502735 - 2.294127469944456e-15im, which is not real up to a relative tolerance of 2.220446049250313e-15 and an absolute tolerance of 2.220446049250313e-15. Taking the real part, which may not be accurate.
└ @ ITensorMPS ~/.julia/packages/ITensorMPS/fZDBz/src/abstractmps.jl:1271
┌ Warning: norm² is 9.647958982176243e9 + 3.319094167835736e-5im, which is not real up to a relative tolerance of 2.220446049250313e-15 and an absolute tolerance of 2.220446049250313e-15. Taking the real part, which may not be accurate.
└ @ ITensorMPS ~/.julia/packages/ITensorMPS/fZDBz/src/abstractmps.jl:1246
┌ Warning: log(norm²) is 0.8805574893650642 - 2.352064362644615e-15im, which is not real up to a relative tolerance of 2.220446049250313e-15 and an absolute tolerance of 2.220446049250313e-15. Taking the real part, which may not be accurate.
└ @ ITensorMPS ~/.julia/packages/ITensorMPS/fZDBz/src/abstractmps.jl:1271
┌ Warning: norm² is 9.66567471923817e9 - 2.7305894208479175e-5im, which is not real up to a relative tolerance of 2.220446049250313e-15 and an absolute tolerance of 2.220446049250313e-15. Taking the real part, which may not be accurate.
└ @ ITensorMPS ~/.julia/packages/ITensorMPS/fZDBz/src/abstractmps.jl:1246
┌ Warning: norm² is 9.680857223496546e9 + 2.6057683770586733e-5im, which is not real up to a relative tolerance of 2.220446049250313e-15 and an absolute tolerance of 2.220446049250313e-15. Taking the real part, which may not be accurate.
└ @ ITensorMPS ~/.julia/packages/ITensorMPS/fZDBz/src/abstractmps.jl:1246
┌ Warning: norm² is 9.702028634384418e9 - 3.9552460879802174e-5im, which is not real up to a relative tolerance of 2.220446049250313e-15 and an absolute tolerance of 2.220446049250313e-15. Taking the real part, which may not be accurate.
└ @ ITensorMPS ~/.julia/packages/ITensorMPS/fZDBz/src/abstractmps.jl:1246
┌ Warning: norm² is 9.687624055287945e9 - 2.7103347724571536e-5im, which is not real up to a relative tolerance of 2.220446049250313e-15 and an absolute tolerance of 2.220446049250313e-15. Taking the real part, which may not be accurate.
└ @ ITensorMPS ~/.julia/packages/ITensorMPS/fZDBz/src/abstractmps.jl:1246
┌ Warning: norm² is 7.476256511426729e9 - 1.913372785923721e-5im, which is not real up to a relative tolerance of 2.220446049250313e-15 and an absolute tolerance of 2.220446049250313e-15. Taking the real part, which may not be accurate.
└ @ ITensorMPS ~/.julia/packages/ITensorMPS/fZDBz/src/abstractmps.jl:1246
┌ Warning: norm² is 6.955155733259889e9 - 1.587274396814052e-5im, which is not real up to a relative tolerance of 2.220446049250313e-15 and an absolute tolerance of 2.220446049250313e-15. Taking the real part, which may not be accurate.
└ @ ITensorMPS ~/.julia/packages/ITensorMPS/fZDBz/src/abstractmps.jl:1246
┌ Warning: norm² is 2.350736425563805 - 5.618608203110684e-15im, which is not real up to a relative tolerance of 2.220446049250313e-15 and an absolute tolerance of 2.220446049250313e-15. Taking the real part, which may not be accurate.
└ @ ITensorMPS ~/.julia/packages/ITensorMPS/fZDBz/src/abstractmps.jl:1246
┌ Warning: norm² is 9.66143309874251e9 - 2.189161809398981e-5im, which is not real up to a relative tolerance of 2.220446049250313e-15 and an absolute tolerance of 2.220446049250313e-15. Taking the real part, which may not be accurate.
└ @ ITensorMPS ~/.julia/packages/ITensorMPS/fZDBz/src/abstractmps.jl:1246
┌ Warning: norm² is 2.3835379871225166 + 7.019336342303102e-15im, which is not real up to a relative tolerance of 2.220446049250313e-15 and an absolute tolerance of 2.220446049250313e-15. Taking the real part, which may not be accurate.
└ @ ITensorMPS ~/.julia/packages/ITensorMPS/fZDBz/src/abstractmps.jl:1246
┌ Warning: log(norm²) is 0.8685859330740345 + 2.6885237109141173e-15im, which is not real up to a relative tolerance of 2.220446049250313e-15 and an absolute tolerance of 2.220446049250313e-15. Taking the real part, which may not be accurate.
└ @ ITensorMPS ~/.julia/packages/ITensorMPS/fZDBz/src/abstractmps.jl:1271
┌ Warning: norm² is 7.478914189056676e9 + 1.694358175855775e-5im, which is not real up to a relative tolerance of 2.220446049250313e-15 and an absolute tolerance of 2.220446049250313e-15. Taking the real part, which may not be accurate.
└ @ ITensorMPS ~/.julia/packages/ITensorMPS/fZDBz/src/abstractmps.jl:1246
┌ Warning: norm² is 6.944742340812517e9 + 1.7860840457979364e-5im, which is not real up to a relative tolerance of 2.220446049250313e-15 and an absolute tolerance of 2.220446049250313e-15. Taking the real part, which may not be accurate.
└ @ ITensorMPS ~/.julia/packages/ITensorMPS/fZDBz/src/abstractmps.jl:1246
┌ Warning: norm² is 9.640664522815798e9 + 2.807776988089276e-5im, which is not real up to a relative tolerance of 2.220446049250313e-15 and an absolute tolerance of 2.220446049250313e-15. Taking the real part, which may not be accurate.
└ @ ITensorMPS ~/.julia/packages/ITensorMPS/fZDBz/src/abstractmps.jl:1246
┌ Warning: log(norm²) is 0.8654428383400625 - 2.9933967841905753e-15im, which is not real up to a relative tolerance of 2.220446049250313e-15 and an absolute tolerance of 2.220446049250313e-15. Taking the real part, which may not be accurate.
└ @ ITensorMPS ~/.julia/packages/ITensorMPS/fZDBz/src/abstractmps.jl:1271
┌ Warning: log(norm²) is 0.8528880879681698 - 2.7166023112068716e-15im, which is not real up to a relative tolerance of 2.220446049250313e-15 and an absolute tolerance of 2.220446049250313e-15. Taking the real part, which may not be accurate.
└ @ ITensorMPS ~/.julia/packages/ITensorMPS/fZDBz/src/abstractmps.jl:1271
┌ Warning: norm² is 7.480094004715322e9 - 2.4179338580632915e-5im, which is not real up to a relative tolerance of 2.220446049250313e-15 and an absolute tolerance of 2.220446049250313e-15. Taking the real part, which may not be accurate.
└ @ ITensorMPS ~/.julia/packages/ITensorMPS/fZDBz/src/abstractmps.jl:1246
┌ Warning: norm² is 7.464679784342804e9 - 1.9197948801105577e-5im, which is not real up to a relative tolerance of 2.220446049250313e-15 and an absolute tolerance of 2.220446049250313e-15. Taking the real part, which may not be accurate.
└ @ ITensorMPS ~/.julia/packages/ITensorMPS/fZDBz/src/abstractmps.jl:1246
┌ Warning: norm² is 9.439043758125986e9 + 2.1065450495489934e-5im, which is not real up to a relative tolerance of 2.220446049250313e-15 and an absolute tolerance of 2.220446049250313e-15. Taking the real part, which may not be accurate.
└ @ ITensorMPS ~/.julia/packages/ITensorMPS/fZDBz/src/abstractmps.jl:1246
┌ Warning: norm² is 2.386196737455041 + 6.746958510683409e-15im, which is not real up to a relative tolerance of 2.220446049250313e-15 and an absolute tolerance of 2.220446049250313e-15. Taking the real part, which may not be accurate.
└ @ ITensorMPS ~/.julia/packages/ITensorMPS/fZDBz/src/abstractmps.jl:1246
┌ Warning: norm² is 7.468429710070304e9 - 1.7774768509731404e-5im, which is not real up to a relative tolerance of 2.220446049250313e-15 and an absolute tolerance of 2.220446049250313e-15. Taking the real part, which may not be accurate.
└ @ ITensorMPS ~/.julia/packages/ITensorMPS/fZDBz/src/abstractmps.jl:1246
┌ Warning: norm² is 6.944225126778247e9 - 1.6752689786568188e-5im, which is not real up to a relative tolerance of 2.220446049250313e-15 and an absolute tolerance of 2.220446049250313e-15. Taking the real part, which may not be accurate.
└ @ ITensorMPS ~/.julia/packages/ITensorMPS/fZDBz/src/abstractmps.jl:1246
┌ Warning: norm² is 2.412234091098641 - 5.694914626848727e-15im, which is not real up to a relative tolerance of 2.220446049250313e-15 and an absolute tolerance of 2.220446049250313e-15. Taking the real part, which may not be accurate.
└ @ ITensorMPS ~/.julia/packages/ITensorMPS/fZDBz/src/abstractmps.jl:1246
┌ Warning: norm² is 9.627276085238266e9 - 2.2515793547540816e-5im, which is not real up to a relative tolerance of 2.220446049250313e-15 and an absolute tolerance of 2.220446049250313e-15. Taking the real part, which may not be accurate.
└ @ ITensorMPS ~/.julia/packages/ITensorMPS/fZDBz/src/abstractmps.jl:1246
┌ Warning: norm² is 6.968758396580655e9 - 1.7214458058486088e-5im, which is not real up to a relative tolerance of 2.220446049250313e-15 and an absolute tolerance of 2.220446049250313e-15. Taking the real part, which may not be accurate.
└ @ ITensorMPS ~/.julia/packages/ITensorMPS/fZDBz/src/abstractmps.jl:1246
┌ Warning: norm² is 2.349572789880333 - 5.2393468112915554e-15im, which is not real up to a relative tolerance of 2.220446049250313e-15 and an absolute tolerance of 2.220446049250313e-15. Taking the real part, which may not be accurate.
└ @ ITensorMPS ~/.julia/packages/ITensorMPS/fZDBz/src/abstractmps.jl:1246
┌ Warning: norm² is 7.468619851188929e9 - 1.811923189365965e-5im, which is not real up to a relative tolerance of 2.220446049250313e-15 and an absolute tolerance of 2.220446049250313e-15. Taking the real part, which may not be accurate.
└ @ ITensorMPS ~/.julia/packages/ITensorMPS/fZDBz/src/abstractmps.jl:1246
┌ Warning: log(norm²) is 0.8695909902244746 - 2.3767699659512134e-15im, which is not real up to a relative tolerance of 2.220446049250313e-15 and an absolute tolerance of 2.220446049250313e-15. Taking the real part, which may not be accurate.
└ @ ITensorMPS ~/.julia/packages/ITensorMPS/fZDBz/src/abstractmps.jl:1271
┌ Warning: norm² is 9.659362832400986e9 - 2.895334813214309e-5im, which is not real up to a relative tolerance of 2.220446049250313e-15 and an absolute tolerance of 2.220446049250313e-15. Taking the real part, which may not be accurate.
└ @ ITensorMPS ~/.julia/packages/ITensorMPS/fZDBz/src/abstractmps.jl:1246
┌ Warning: norm² is 2.409577784923601 + 6.530896447613575e-15im, which is not real up to a relative tolerance of 2.220446049250313e-15 and an absolute tolerance of 2.220446049250313e-15. Taking the real part, which may not be accurate.
└ @ ITensorMPS ~/.julia/packages/ITensorMPS/fZDBz/src/abstractmps.jl:1246
┌ Warning: norm² is 2.3500169898749386 - 6.645220488982492e-15im, which is not real up to a relative tolerance of 2.220446049250313e-15 and an absolute tolerance of 2.220446049250313e-15. Taking the real part, which may not be accurate.
└ @ ITensorMPS ~/.julia/packages/ITensorMPS/fZDBz/src/abstractmps.jl:1246
┌ Warning: norm² is 9.635611858611055e9 + 2.3139992637148026e-5im, which is not real up to a relative tolerance of 2.220446049250313e-15 and an absolute tolerance of 2.220446049250313e-15. Taking the real part, which may not be accurate.
└ @ ITensorMPS ~/.julia/packages/ITensorMPS/fZDBz/src/abstractmps.jl:1246
┌ Warning: norm² is 2.35106979470705 + 5.821450083406401e-15im, which is not real up to a relative tolerance of 2.220446049250313e-15 and an absolute tolerance of 2.220446049250313e-15. Taking the real part, which may not be accurate.
└ @ ITensorMPS ~/.julia/packages/ITensorMPS/fZDBz/src/abstractmps.jl:1246
┌ Warning: norm² is 9.614574510066145e9 + 2.4498831017741476e-5im, which is not real up to a relative tolerance of 2.220446049250313e-15 and an absolute tolerance of 2.220446049250313e-15. Taking the real part, which may not be accurate.
└ @ ITensorMPS ~/.julia/packages/ITensorMPS/fZDBz/src/abstractmps.jl:1246
┌ Warning: norm² is 6.944460628225612e9 - 1.9858145824296996e-5im, which is not real up to a relative tolerance of 2.220446049250313e-15 and an absolute tolerance of 2.220446049250313e-15. Taking the real part, which may not be accurate.
└ @ ITensorMPS ~/.julia/packages/ITensorMPS/fZDBz/src/abstractmps.jl:1246
┌ Warning: norm² is 2.3756050622803055 + 6.904112002829971e-15im, which is not real up to a relative tolerance of 2.220446049250313e-15 and an absolute tolerance of 2.220446049250313e-15. Taking the real part, which may not be accurate.
└ @ ITensorMPS ~/.julia/packages/ITensorMPS/fZDBz/src/abstractmps.jl:1246
┌ Warning: norm² is 7.459583885817199e9 + 2.234429265863897e-5im, which is not real up to a relative tolerance of 2.220446049250313e-15 and an absolute tolerance of 2.220446049250313e-15. Taking the real part, which may not be accurate.
└ @ ITensorMPS ~/.julia/packages/ITensorMPS/fZDBz/src/abstractmps.jl:1246
┌ Warning: norm² is 9.626067983178654e9 - 2.2491409788976283e-5im, which is not real up to a relative tolerance of 2.220446049250313e-15 and an absolute tolerance of 2.220446049250313e-15. Taking the real part, which may not be accurate.
└ @ ITensorMPS ~/.julia/packages/ITensorMPS/fZDBz/src/abstractmps.jl:1246
┌ Warning: norm² is 7.467777743470645e9 + 2.456363284903092e-5im, which is not real up to a relative tolerance of 2.220446049250313e-15 and an absolute tolerance of 2.220446049250313e-15. Taking the real part, which may not be accurate.
└ @ ITensorMPS ~/.julia/packages/ITensorMPS/fZDBz/src/abstractmps.jl:1246
┌ Warning: norm² is 2.3467183158732405 - 5.551800217457564e-15im, which is not real up to a relative tolerance of 2.220446049250313e-15 and an absolute tolerance of 2.220446049250313e-15. Taking the real part, which may not be accurate.
└ @ ITensorMPS ~/.julia/packages/ITensorMPS/fZDBz/src/abstractmps.jl:1246
┌ Warning: norm² is 6.969992930308776e9 - 1.6070820999922384e-5im, which is not real up to a relative tolerance of 2.220446049250313e-15 and an absolute tolerance of 2.220446049250313e-15. Taking the real part, which may not be accurate.
└ @ ITensorMPS ~/.julia/packages/ITensorMPS/fZDBz/src/abstractmps.jl:1246
┌ Warning: norm² is 6.963815282082276e9 + 1.7187577936403175e-5im, which is not real up to a relative tolerance of 2.220446049250313e-15 and an absolute tolerance of 2.220446049250313e-15. Taking the real part, which may not be accurate.
└ @ ITensorMPS ~/.julia/packages/ITensorMPS/fZDBz/src/abstractmps.jl:1246
┌ Warning: norm² is 2.3503046277059356 - 6.013338805621192e-15im, which is not real up to a relative tolerance of 2.220446049250313e-15 and an absolute tolerance of 2.220446049250313e-15. Taking the real part, which may not be accurate.
└ @ ITensorMPS ~/.julia/packages/ITensorMPS/fZDBz/src/abstractmps.jl:1246
┌ Warning: norm² is 8.958676151539675e9 + 2.2376901118121064e-5im, which is not real up to a relative tolerance of 2.220446049250313e-15 and an absolute tolerance of 2.220446049250313e-15. Taking the real part, which may not be accurate.
└ @ ITensorMPS ~/.julia/packages/ITensorMPS/fZDBz/src/abstractmps.jl:1246
┌ Warning: log(norm²) is 0.8712859235216679 + 2.464496696641001e-15im, which is not real up to a relative tolerance of 2.220446049250313e-15 and an absolute tolerance of 2.220446049250313e-15. Taking the real part, which may not be accurate.
└ @ ITensorMPS ~/.julia/packages/ITensorMPS/fZDBz/src/abstractmps.jl:1271
┌ Warning: norm² is 9.620596764820307e9 - 2.7182428900548756e-5im, which is not real up to a relative tolerance of 2.220446049250313e-15 and an absolute tolerance of 2.220446049250313e-15. Taking the real part, which may not be accurate.
└ @ ITensorMPS ~/.julia/packages/ITensorMPS/fZDBz/src/abstractmps.jl:1246
┌ Warning: norm² is 8.500229754275152e9 + 2.1337244103781482e-5im, which is not real up to a relative tolerance of 2.220446049250313e-15 and an absolute tolerance of 2.220446049250313e-15. Taking the real part, which may not be accurate.
└ @ ITensorMPS ~/.julia/packages/ITensorMPS/fZDBz/src/abstractmps.jl:1246
┌ Warning: norm² is 8.433520653286224e9 + 2.016974455606731e-5im, which is not real up to a relative tolerance of 2.220446049250313e-15 and an absolute tolerance of 2.220446049250313e-15. Taking the real part, which may not be accurate.
└ @ ITensorMPS ~/.julia/packages/ITensorMPS/fZDBz/src/abstractmps.jl:1246
┌ Warning: log(norm²) is 0.8793128004121458 + 2.375177819837743e-15im, which is not real up to a relative tolerance of 2.220446049250313e-15 and an absolute tolerance of 2.220446049250313e-15. Taking the real part, which may not be accurate.
└ @ ITensorMPS ~/.julia/packages/ITensorMPS/fZDBz/src/abstractmps.jl:1271
┌ Warning: norm² is 8.481524745073024e9 + 2.0743081448649682e-5im, which is not real up to a relative tolerance of 2.220446049250313e-15 and an absolute tolerance of 2.220446049250313e-15. Taking the real part, which may not be accurate.
└ @ ITensorMPS ~/.julia/packages/ITensorMPS/fZDBz/src/abstractmps.jl:1246
┌ Warning: log(norm²) is 0.8547123566293343 - 3.4682257698805333e-15im, which is not real up to a relative tolerance of 2.220446049250313e-15 and an absolute tolerance of 2.220446049250313e-15. Taking the real part, which may not be accurate.
└ @ ITensorMPS ~/.julia/packages/ITensorMPS/fZDBz/src/abstractmps.jl:1271
┌ Warning: norm² is 9.624411758510326e9 + 2.1525733152160755e-5im, which is not real up to a relative tolerance of 2.220446049250313e-15 and an absolute tolerance of 2.220446049250313e-15. Taking the real part, which may not be accurate.
└ @ ITensorMPS ~/.julia/packages/ITensorMPS/fZDBz/src/abstractmps.jl:1246
┌ Warning: norm² is 9.640202252537243e9 - 3.0384899228530856e-5im, which is not real up to a relative tolerance of 2.220446049250313e-15 and an absolute tolerance of 2.220446049250313e-15. Taking the real part, which may not be accurate.
└ @ ITensorMPS ~/.julia/packages/ITensorMPS/fZDBz/src/abstractmps.jl:1246
┌ Warning: norm² is 9.640393131960777e9 + 2.1959543337927745e-5im, which is not real up to a relative tolerance of 2.220446049250313e-15 and an absolute tolerance of 2.220446049250313e-15. Taking the real part, which may not be accurate.
└ @ ITensorMPS ~/.julia/packages/ITensorMPS/fZDBz/src/abstractmps.jl:1246
┌ Warning: norm² is 9.6543203524156e9 + 3.2523122566434866e-5im, which is not real up to a relative tolerance of 2.220446049250313e-15 and an absolute tolerance of 2.220446049250313e-15. Taking the real part, which may not be accurate.
└ @ ITensorMPS ~/.julia/packages/ITensorMPS/fZDBz/src/abstractmps.jl:1246
┌ Warning: norm² is 9.650946363856482e9 + 3.0510872103442184e-5im, which is not real up to a relative tolerance of 2.220446049250313e-15 and an absolute tolerance of 2.220446049250313e-15. Taking the real part, which may not be accurate.
└ @ ITensorMPS ~/.julia/packages/ITensorMPS/fZDBz/src/abstractmps.jl:1246
┌ Warning: norm² is 9.646982891871592e9 + 2.9835970600713278e-5im, which is not real up to a relative tolerance of 2.220446049250313e-15 and an absolute tolerance of 2.220446049250313e-15. Taking the real part, which may not be accurate.
└ @ ITensorMPS ~/.julia/packages/ITensorMPS/fZDBz/src/abstractmps.jl:1246
┌ Warning: norm² is 6.944233712827953e9 + 2.5291640859495763e-5im, which is not real up to a relative tolerance of 2.220446049250313e-15 and an absolute tolerance of 2.220446049250313e-15. Taking the real part, which may not be accurate.
└ @ ITensorMPS ~/.julia/packages/ITensorMPS/fZDBz/src/abstractmps.jl:1246
┌ Warning: norm² is 9.635839342135841e9 + 2.2409133936704906e-5im, which is not real up to a relative tolerance of 2.220446049250313e-15 and an absolute tolerance of 2.220446049250313e-15. Taking the real part, which may not be accurate.
└ @ ITensorMPS ~/.julia/packages/ITensorMPS/fZDBz/src/abstractmps.jl:1246
┌ Warning: norm² is 6.938921837469731e9 + 1.87039525418135e-5im, which is not real up to a relative tolerance of 2.220446049250313e-15 and an absolute tolerance of 2.220446049250313e-15. Taking the real part, which may not be accurate.
└ @ ITensorMPS ~/.julia/packages/ITensorMPS/fZDBz/src/abstractmps.jl:1246
┌ Warning: norm² is 6.935841419001032e9 - 2.0101968858118248e-5im, which is not real up to a relative tolerance of 2.220446049250313e-15 and an absolute tolerance of 2.220446049250313e-15. Taking the real part, which may not be accurate.
└ @ ITensorMPS ~/.julia/packages/ITensorMPS/fZDBz/src/abstractmps.jl:1246
┌ Warning: norm² is 6.934762328860098e9 - 1.803736788417221e-5im, which is not real up to a relative tolerance of 2.220446049250313e-15 and an absolute tolerance of 2.220446049250313e-15. Taking the real part, which may not be accurate.
└ @ ITensorMPS ~/.julia/packages/ITensorMPS/fZDBz/src/abstractmps.jl:1246
┌ Warning: log(norm²) is 0.8694272227717625 - 2.281183961849794e-15im, which is not real up to a relative tolerance of 2.220446049250313e-15 and an absolute tolerance of 2.220446049250313e-15. Taking the real part, which may not be accurate.
└ @ ITensorMPS ~/.julia/packages/ITensorMPS/fZDBz/src/abstractmps.jl:1271
┌ Warning: norm² is 2.413010108673397 + 5.380801368173475e-15im, which is not real up to a relative tolerance of 2.220446049250313e-15 and an absolute tolerance of 2.220446049250313e-15. Taking the real part, which may not be accurate.
└ @ ITensorMPS ~/.julia/packages/ITensorMPS/fZDBz/src/abstractmps.jl:1246
┌ Warning: norm² is 2.348412614531219 + 5.279659036053918e-15im, which is not real up to a relative tolerance of 2.220446049250313e-15 and an absolute tolerance of 2.220446049250313e-15. Taking the real part, which may not be accurate.
└ @ ITensorMPS ~/.julia/packages/ITensorMPS/fZDBz/src/abstractmps.jl:1246
┌ Warning: log(norm²) is 0.8797392635008539 + 3.5123863239181543e-15im, which is not real up to a relative tolerance of 2.220446049250313e-15 and an absolute tolerance of 2.220446049250313e-15. Taking the real part, which may not be accurate.
└ @ ITensorMPS ~/.julia/packages/ITensorMPS/fZDBz/src/abstractmps.jl:1271
┌ Warning: norm² is 9.639024606769964e9 + 2.280441017258542e-5im, which is not real up to a relative tolerance of 2.220446049250313e-15 and an absolute tolerance of 2.220446049250313e-15. Taking the real part, which may not be accurate.
└ @ ITensorMPS ~/.julia/packages/ITensorMPS/fZDBz/src/abstractmps.jl:1246
┌ Warning: norm² is 6.938121518321334e9 + 1.576264346652552e-5im, which is not real up to a relative tolerance of 2.220446049250313e-15 and an absolute tolerance of 2.220446049250313e-15. Taking the real part, which may not be accurate.
└ @ ITensorMPS ~/.julia/packages/ITensorMPS/fZDBz/src/abstractmps.jl:1246
┌ Warning: norm² is 6.940425653832547e9 + 2.2374057948536157e-5im, which is not real up to a relative tolerance of 2.220446049250313e-15 and an absolute tolerance of 2.220446049250313e-15. Taking the real part, which may not be accurate.
└ @ ITensorMPS ~/.julia/packages/ITensorMPS/fZDBz/src/abstractmps.jl:1246
┌ Warning: log(norm²) is 0.8651887238016158 - 2.2422890000092354e-15im, which is not real up to a relative tolerance of 2.220446049250313e-15 and an absolute tolerance of 2.220446049250313e-15. Taking the real part, which may not be accurate.
└ @ ITensorMPS ~/.julia/packages/ITensorMPS/fZDBz/src/abstractmps.jl:1271
┌ Warning: log(norm²) is 0.8805247160759568 + 2.461959631223978e-15im, which is not real up to a relative tolerance of 2.220446049250313e-15 and an absolute tolerance of 2.220446049250313e-15. Taking the real part, which may not be accurate.
└ @ ITensorMPS ~/.julia/packages/ITensorMPS/fZDBz/src/abstractmps.jl:1271
┌ Warning: norm² is 9.633685357264788e9 + 2.3430303154823965e-5im, which is not real up to a relative tolerance of 2.220446049250313e-15 and an absolute tolerance of 2.220446049250313e-15. Taking the real part, which may not be accurate.
└ @ ITensorMPS ~/.julia/packages/ITensorMPS/fZDBz/src/abstractmps.jl:1246
┌ Warning: norm² is 8.460617425398584e9 + 2.041862334020661e-5im, which is not real up to a relative tolerance of 2.220446049250313e-15 and an absolute tolerance of 2.220446049250313e-15. Taking the real part, which may not be accurate.
└ @ ITensorMPS ~/.julia/packages/ITensorMPS/fZDBz/src/abstractmps.jl:1246
┌ Warning: norm² is 6.933776197434128e9 - 1.5946923345041413e-5im, which is not real up to a relative tolerance of 2.220446049250313e-15 and an absolute tolerance of 2.220446049250313e-15. Taking the real part, which may not be accurate.
└ @ ITensorMPS ~/.julia/packages/ITensorMPS/fZDBz/src/abstractmps.jl:1246
┌ Warning: norm² is 8.872588964629152e9 - 2.3700932815903954e-5im, which is not real up to a relative tolerance of 2.220446049250313e-15 and an absolute tolerance of 2.220446049250313e-15. Taking the real part, which may not be accurate.
└ @ ITensorMPS ~/.julia/packages/ITensorMPS/fZDBz/src/abstractmps.jl:1246
┌ Warning: norm² is 9.634358701116823e9 + 2.9326092531772697e-5im, which is not real up to a relative tolerance of 2.220446049250313e-15 and an absolute tolerance of 2.220446049250313e-15. Taking the real part, which may not be accurate.
└ @ ITensorMPS ~/.julia/packages/ITensorMPS/fZDBz/src/abstractmps.jl:1246
┌ Warning: norm² is 7.468433157207876e9 - 1.8107580502570063e-5im, which is not real up to a relative tolerance of 2.220446049250313e-15 and an absolute tolerance of 2.220446049250313e-15. Taking the real part, which may not be accurate.
└ @ ITensorMPS ~/.julia/packages/ITensorMPS/fZDBz/src/abstractmps.jl:1246
┌ Warning: log(norm²) is 0.8544349221019539 - 2.722111883219784e-15im, which is not real up to a relative tolerance of 2.220446049250313e-15 and an absolute tolerance of 2.220446049250313e-15. Taking the real part, which may not be accurate.
└ @ ITensorMPS ~/.julia/packages/ITensorMPS/fZDBz/src/abstractmps.jl:1271
┌ Warning: norm² is 8.594726484024254e9 - 2.247781639029515e-5im, which is not real up to a relative tolerance of 2.220446049250313e-15 and an absolute tolerance of 2.220446049250313e-15. Taking the real part, which may not be accurate.
└ @ ITensorMPS ~/.julia/packages/ITensorMPS/fZDBz/src/abstractmps.jl:1246
┌ Warning: log(norm²) is 0.8686329687493427 - 2.513507890545775e-15im, which is not real up to a relative tolerance of 2.220446049250313e-15 and an absolute tolerance of 2.220446049250313e-15. Taking the real part, which may not be accurate.
└ @ ITensorMPS ~/.julia/packages/ITensorMPS/fZDBz/src/abstractmps.jl:1271
┌ Warning: norm² is 2.410846502699219 - 6.491281781110223e-15im, which is not real up to a relative tolerance of 2.220446049250313e-15 and an absolute tolerance of 2.220446049250313e-15. Taking the real part, which may not be accurate.
└ @ ITensorMPS ~/.julia/packages/ITensorMPS/fZDBz/src/abstractmps.jl:1246
┌ Warning: norm² is 2.409981353364955 - 5.760821858365044e-15im, which is not real up to a relative tolerance of 2.220446049250313e-15 and an absolute tolerance of 2.220446049250313e-15. Taking the real part, which may not be accurate.
└ @ ITensorMPS ~/.julia/packages/ITensorMPS/fZDBz/src/abstractmps.jl:1246
┌ Warning: norm² is 2.41123846472694 + 7.806481079278012e-15im, which is not real up to a relative tolerance of 2.220446049250313e-15 and an absolute tolerance of 2.220446049250313e-15. Taking the real part, which may not be accurate.
└ @ ITensorMPS ~/.julia/packages/ITensorMPS/fZDBz/src/abstractmps.jl:1246
┌ Warning: norm² is 9.64403768941993e9 - 2.5098577282165748e-5im, which is not real up to a relative tolerance of 2.220446049250313e-15 and an absolute tolerance of 2.220446049250313e-15. Taking the real part, which may not be accurate.
└ @ ITensorMPS ~/.julia/packages/ITensorMPS/fZDBz/src/abstractmps.jl:1246
┌ Warning: log(norm²) is 0.8542051036821322 + 2.310774019738187e-15im, which is not real up to a relative tolerance of 2.220446049250313e-15 and an absolute tolerance of 2.220446049250313e-15. Taking the real part, which may not be accurate.
└ @ ITensorMPS ~/.julia/packages/ITensorMPS/fZDBz/src/abstractmps.jl:1271
┌ Warning: norm² is 7.464916414745939e9 - 1.861386874008388e-5im, which is not real up to a relative tolerance of 2.220446049250313e-15 and an absolute tolerance of 2.220446049250313e-15. Taking the real part, which may not be accurate.
└ @ ITensorMPS ~/.julia/packages/ITensorMPS/fZDBz/src/abstractmps.jl:1246
┌ Warning: log(norm²) is 0.8703862757476493 - 2.3104342745354536e-15im, which is not real up to a relative tolerance of 2.220446049250313e-15 and an absolute tolerance of 2.220446049250313e-15. Taking the real part, which may not be accurate.
└ @ ITensorMPS ~/.julia/packages/ITensorMPS/fZDBz/src/abstractmps.jl:1271
┌ Warning: norm² is 6.934868386921999e9 + 1.755196793940305e-5im, which is not real up to a relative tolerance of 2.220446049250313e-15 and an absolute tolerance of 2.220446049250313e-15. Taking the real part, which may not be accurate.
└ @ ITensorMPS ~/.julia/packages/ITensorMPS/fZDBz/src/abstractmps.jl:1246
┌ Warning: norm² is 9.633029631641914e9 + 2.4700602749856246e-5im, which is not real up to a relative tolerance of 2.220446049250313e-15 and an absolute tolerance of 2.220446049250313e-15. Taking the real part, which may not be accurate.
└ @ ITensorMPS ~/.julia/packages/ITensorMPS/fZDBz/src/abstractmps.jl:1246
┌ Warning: norm² is 7.466276211076093e9 + 1.7697537581909703e-5im, which is not real up to a relative tolerance of 2.220446049250313e-15 and an absolute tolerance of 2.220446049250313e-15. Taking the real part, which may not be accurate.
└ @ ITensorMPS ~/.julia/packages/ITensorMPS/fZDBz/src/abstractmps.jl:1246
┌ Warning: log(norm²) is 0.8547859122628966 + 2.8404365187340833e-15im, which is not real up to a relative tolerance of 2.220446049250313e-15 and an absolute tolerance of 2.220446049250313e-15. Taking the real part, which may not be accurate.
└ @ ITensorMPS ~/.julia/packages/ITensorMPS/fZDBz/src/abstractmps.jl:1271
┌ Warning: norm² is 9.642919972402655e9 + 3.051929023625099e-5im, which is not real up to a relative tolerance of 2.220446049250313e-15 and an absolute tolerance of 2.220446049250313e-15. Taking the real part, which may not be accurate.
└ @ ITensorMPS ~/.julia/packages/ITensorMPS/fZDBz/src/abstractmps.jl:1246
┌ Warning: log(norm²) is 0.8698967442528364 - 2.6988406932387372e-15im, which is not real up to a relative tolerance of 2.220446049250313e-15 and an absolute tolerance of 2.220446049250313e-15. Taking the real part, which may not be accurate.
└ @ ITensorMPS ~/.julia/packages/ITensorMPS/fZDBz/src/abstractmps.jl:1271
┌ Warning: norm² is 6.935955496756164e9 + 1.9462183330158377e-5im, which is not real up to a relative tolerance of 2.220446049250313e-15 and an absolute tolerance of 2.220446049250313e-15. Taking the real part, which may not be accurate.
└ @ ITensorMPS ~/.julia/packages/ITensorMPS/fZDBz/src/abstractmps.jl:1246
┌ Warning: log(norm²) is 0.8544984636761765 + 2.420229164366947e-15im, which is not real up to a relative tolerance of 2.220446049250313e-15 and an absolute tolerance of 2.220446049250313e-15. Taking the real part, which may not be accurate.
└ @ ITensorMPS ~/.julia/packages/ITensorMPS/fZDBz/src/abstractmps.jl:1271
┌ Warning: norm² is 2.3497357482683423 + 6.820612147031486e-15im, which is not real up to a relative tolerance of 2.220446049250313e-15 and an absolute tolerance of 2.220446049250313e-15. Taking the real part, which may not be accurate.
└ @ ITensorMPS ~/.julia/packages/ITensorMPS/fZDBz/src/abstractmps.jl:1246
┌ Warning: norm² is 2.385174023636155 + 7.102426909629017e-15im, which is not real up to a relative tolerance of 2.220446049250313e-15 and an absolute tolerance of 2.220446049250313e-15. Taking the real part, which may not be accurate.
└ @ ITensorMPS ~/.julia/packages/ITensorMPS/fZDBz/src/abstractmps.jl:1246
┌ Warning: norm² is 9.634015955741938e9 - 3.140804668039264e-5im, which is not real up to a relative tolerance of 2.220446049250313e-15 and an absolute tolerance of 2.220446049250313e-15. Taking the real part, which may not be accurate.
└ @ ITensorMPS ~/.julia/packages/ITensorMPS/fZDBz/src/abstractmps.jl:1246
┌ Warning: norm² is 8.752636020694832e9 - 2.2324522592830587e-5im, which is not real up to a relative tolerance of 2.220446049250313e-15 and an absolute tolerance of 2.220446049250313e-15. Taking the real part, which may not be accurate.
└ @ ITensorMPS ~/.julia/packages/ITensorMPS/fZDBz/src/abstractmps.jl:1246
┌ Warning: log(norm²) is 0.8696622629446609 - 2.232466870151896e-15im, which is not real up to a relative tolerance of 2.220446049250313e-15 and an absolute tolerance of 2.220446049250313e-15. Taking the real part, which may not be accurate.
└ @ ITensorMPS ~/.julia/packages/ITensorMPS/fZDBz/src/abstractmps.jl:1271
┌ Warning: norm² is 2.3820449854863974 - 5.973673351735401e-15im, which is not real up to a relative tolerance of 2.220446049250313e-15 and an absolute tolerance of 2.220446049250313e-15. Taking the real part, which may not be accurate.
└ @ ITensorMPS ~/.julia/packages/ITensorMPS/fZDBz/src/abstractmps.jl:1246
┌ Warning: norm² is 6.933871782322409e9 - 1.6634983475160634e-5im, which is not real up to a relative tolerance of 2.220446049250313e-15 and an absolute tolerance of 2.220446049250313e-15. Taking the real part, which may not be accurate.
└ @ ITensorMPS ~/.julia/packages/ITensorMPS/fZDBz/src/abstractmps.jl:1246
┌ Warning: log(norm²) is 0.8707001280998485 - 2.7816116328054524e-15im, which is not real up to a relative tolerance of 2.220446049250313e-15 and an absolute tolerance of 2.220446049250313e-15. Taking the real part, which may not be accurate.
└ @ ITensorMPS ~/.julia/packages/ITensorMPS/fZDBz/src/abstractmps.jl:1271
┌ Warning: norm² is 7.467013484380856e9 + 1.7044091519106463e-5im, which is not real up to a relative tolerance of 2.220446049250313e-15 and an absolute tolerance of 2.220446049250313e-15. Taking the real part, which may not be accurate.
└ @ ITensorMPS ~/.julia/packages/ITensorMPS/fZDBz/src/abstractmps.jl:1246
┌ Warning: log(norm²) is 0.8679936485813953 - 2.252527906645051e-15im, which is not real up to a relative tolerance of 2.220446049250313e-15 and an absolute tolerance of 2.220446049250313e-15. Taking the real part, which may not be accurate.
└ @ ITensorMPS ~/.julia/packages/ITensorMPS/fZDBz/src/abstractmps.jl:1271
┌ Warning: norm² is 9.644988139525381e9 - 2.506337232836367e-5im, which is not real up to a relative tolerance of 2.220446049250313e-15 and an absolute tolerance of 2.220446049250313e-15. Taking the real part, which may not be accurate.
└ @ ITensorMPS ~/.julia/packages/ITensorMPS/fZDBz/src/abstractmps.jl:1246
┌ Warning: log(norm²) is 0.8547105391708665 - 2.399381020478298e-15im, which is not real up to a relative tolerance of 2.220446049250313e-15 and an absolute tolerance of 2.220446049250313e-15. Taking the real part, which may not be accurate.
└ @ ITensorMPS ~/.julia/packages/ITensorMPS/fZDBz/src/abstractmps.jl:1271
┌ Warning: norm² is 6.931963548434283e9 + 1.6043303285653826e-5im, which is not real up to a relative tolerance of 2.220446049250313e-15 and an absolute tolerance of 2.220446049250313e-15. Taking the real part, which may not be accurate.
└ @ ITensorMPS ~/.julia/packages/ITensorMPS/fZDBz/src/abstractmps.jl:1246
┌ Warning: log(norm²) is 0.8681925438402056 + 2.5096293326694483e-15im, which is not real up to a relative tolerance of 2.220446049250313e-15 and an absolute tolerance of 2.220446049250313e-15. Taking the real part, which may not be accurate.
└ @ ITensorMPS ~/.julia/packages/ITensorMPS/fZDBz/src/abstractmps.jl:1271
┌ Warning: norm² is 9.644777529053102e9 - 2.3713077310972343e-5im, which is not real up to a relative tolerance of 2.220446049250313e-15 and an absolute tolerance of 2.220446049250313e-15. Taking the real part, which may not be accurate.
└ @ ITensorMPS ~/.julia/packages/ITensorMPS/fZDBz/src/abstractmps.jl:1246
┌ Warning: norm² is 8.548418031770723e9 + 2.632470590489635e-5im, which is not real up to a relative tolerance of 2.220446049250313e-15 and an absolute tolerance of 2.220446049250313e-15. Taking the real part, which may not be accurate.
└ @ ITensorMPS ~/.julia/packages/ITensorMPS/fZDBz/src/abstractmps.jl:1246
┌ Warning: norm² is 2.3853450601680675 - 6.190255050653082e-15im, which is not real up to a relative tolerance of 2.220446049250313e-15 and an absolute tolerance of 2.220446049250313e-15. Taking the real part, which may not be accurate.
└ @ ITensorMPS ~/.julia/packages/ITensorMPS/fZDBz/src/abstractmps.jl:1246
┌ Warning: norm² is 7.468427159133208e9 - 2.133646837536982e-5im, which is not real up to a relative tolerance of 2.220446049250313e-15 and an absolute tolerance of 2.220446049250313e-15. Taking the real part, which may not be accurate.
└ @ ITensorMPS ~/.julia/packages/ITensorMPS/fZDBz/src/abstractmps.jl:1246
┌ Warning: norm² is 6.933054080632047e9 - 1.830924291813552e-5im, which is not real up to a relative tolerance of 2.220446049250313e-15 and an absolute tolerance of 2.220446049250313e-15. Taking the real part, which may not be accurate.
└ @ ITensorMPS ~/.julia/packages/ITensorMPS/fZDBz/src/abstractmps.jl:1246
┌ Warning: norm² is 2.3806103034317725 + 5.713519180200354e-15im, which is not real up to a relative tolerance of 2.220446049250313e-15 and an absolute tolerance of 2.220446049250313e-15. Taking the real part, which may not be accurate.
└ @ ITensorMPS ~/.julia/packages/ITensorMPS/fZDBz/src/abstractmps.jl:1246
┌ Warning: norm² is 6.93558860600558e9 - 2.6114049788628733e-5im, which is not real up to a relative tolerance of 2.220446049250313e-15 and an absolute tolerance of 2.220446049250313e-15. Taking the real part, which may not be accurate.
└ @ ITensorMPS ~/.julia/packages/ITensorMPS/fZDBz/src/abstractmps.jl:1246
┌ Warning: log(norm²) is 0.8541863969111956 - 2.3603258507237824e-15im, which is not real up to a relative tolerance of 2.220446049250313e-15 and an absolute tolerance of 2.220446049250313e-15. Taking the real part, which may not be accurate.
└ @ ITensorMPS ~/.julia/packages/ITensorMPS/fZDBz/src/abstractmps.jl:1271
┌ Warning: norm² is 2.3855300684108687 - 5.9822152920734425e-15im, which is not real up to a relative tolerance of 2.220446049250313e-15 and an absolute tolerance of 2.220446049250313e-15. Taking the real part, which may not be accurate.
└ @ ITensorMPS ~/.julia/packages/ITensorMPS/fZDBz/src/abstractmps.jl:1246
┌ Warning: log(norm²) is 0.8652421240758598 + 2.6988300097614604e-15im, which is not real up to a relative tolerance of 2.220446049250313e-15 and an absolute tolerance of 2.220446049250313e-15. Taking the real part, which may not be accurate.
└ @ ITensorMPS ~/.julia/packages/ITensorMPS/fZDBz/src/abstractmps.jl:1271
┌ Warning: norm² is 8.496037016158301e9 - 2.0689281083715397e-5im, which is not real up to a relative tolerance of 2.220446049250313e-15 and an absolute tolerance of 2.220446049250313e-15. Taking the real part, which may not be accurate.
└ @ ITensorMPS ~/.julia/packages/ITensorMPS/fZDBz/src/abstractmps.jl:1246
┌ Warning: norm² is 9.626549072651989e9 + 2.4244890482145907e-5im, which is not real up to a relative tolerance of 2.220446049250313e-15 and an absolute tolerance of 2.220446049250313e-15. Taking the real part, which may not be accurate.
└ @ ITensorMPS ~/.julia/packages/ITensorMPS/fZDBz/src/abstractmps.jl:1246
┌ Warning: norm² is 2.375728622249422 - 5.496808430064747e-15im, which is not real up to a relative tolerance of 2.220446049250313e-15 and an absolute tolerance of 2.220446049250313e-15. Taking the real part, which may not be accurate.
└ @ ITensorMPS ~/.julia/packages/ITensorMPS/fZDBz/src/abstractmps.jl:1246
┌ Warning: norm² is 8.728825189339397e9 - 2.076388328492588e-5im, which is not real up to a relative tolerance of 2.220446049250313e-15 and an absolute tolerance of 2.220446049250313e-15. Taking the real part, which may not be accurate.
└ @ ITensorMPS ~/.julia/packages/ITensorMPS/fZDBz/src/abstractmps.jl:1246
┌ Warning: norm² is 6.931156701027609e9 + 1.766490436118964e-5im, which is not real up to a relative tolerance of 2.220446049250313e-15 and an absolute tolerance of 2.220446049250313e-15. Taking the real part, which may not be accurate.
└ @ ITensorMPS ~/.julia/packages/ITensorMPS/fZDBz/src/abstractmps.jl:1246
┌ Warning: norm² is 2.3847286214315555 + 5.606106839697369e-15im, which is not real up to a relative tolerance of 2.220446049250313e-15 and an absolute tolerance of 2.220446049250313e-15. Taking the real part, which may not be accurate.
└ @ ITensorMPS ~/.julia/packages/ITensorMPS/fZDBz/src/abstractmps.jl:1246
┌ Warning: norm² is 8.462658888006242e9 - 2.581431423644817e-5im, which is not real up to a relative tolerance of 2.220446049250313e-15 and an absolute tolerance of 2.220446049250313e-15. Taking the real part, which may not be accurate.
└ @ ITensorMPS ~/.julia/packages/ITensorMPS/fZDBz/src/abstractmps.jl:1246
┌ Warning: log(norm²) is 0.8541362038762749 - 2.2508849185902984e-15im, which is not real up to a relative tolerance of 2.220446049250313e-15 and an absolute tolerance of 2.220446049250313e-15. Taking the real part, which may not be accurate.
└ @ ITensorMPS ~/.julia/packages/ITensorMPS/fZDBz/src/abstractmps.jl:1271
┌ Warning: norm² is 8.595999867476585e9 - 2.7824032131454056e-5im, which is not real up to a relative tolerance of 2.220446049250313e-15 and an absolute tolerance of 2.220446049250313e-15. Taking the real part, which may not be accurate.
└ @ ITensorMPS ~/.julia/packages/ITensorMPS/fZDBz/src/abstractmps.jl:1246
┌ Warning: norm² is 8.7085205134245e9 - 2.5299469082588276e-5im, which is not real up to a relative tolerance of 2.220446049250313e-15 and an absolute tolerance of 2.220446049250313e-15. Taking the real part, which may not be accurate.
└ @ ITensorMPS ~/.julia/packages/ITensorMPS/fZDBz/src/abstractmps.jl:1246
┌ Warning: norm² is 2.409769710977453 + 6.139042480837021e-15im, which is not real up to a relative tolerance of 2.220446049250313e-15 and an absolute tolerance of 2.220446049250313e-15. Taking the real part, which may not be accurate.
└ @ ITensorMPS ~/.julia/packages/ITensorMPS/fZDBz/src/abstractmps.jl:1246
┌ Warning: log(norm²) is 0.8541099547369103 + 2.3491375050174234e-15im, which is not real up to a relative tolerance of 2.220446049250313e-15 and an absolute tolerance of 2.220446049250313e-15. Taking the real part, which may not be accurate.
└ @ ITensorMPS ~/.julia/packages/ITensorMPS/fZDBz/src/abstractmps.jl:1271
┌ Warning: log(norm²) is 0.8541276999436924 - 2.2907979845946723e-15im, which is not real up to a relative tolerance of 2.220446049250313e-15 and an absolute tolerance of 2.220446049250313e-15. Taking the real part, which may not be accurate.
└ @ ITensorMPS ~/.julia/packages/ITensorMPS/fZDBz/src/abstractmps.jl:1271
┌ Warning: norm² is 8.67815469722363e9 + 2.0488681847889542e-5im, which is not real up to a relative tolerance of 2.220446049250313e-15 and an absolute tolerance of 2.220446049250313e-15. Taking the real part, which may not be accurate.
└ @ ITensorMPS ~/.julia/packages/ITensorMPS/fZDBz/src/abstractmps.jl:1246
┌ Warning: norm² is 2.3850402259405734 + 6.81404670012568e-15im, which is not real up to a relative tolerance of 2.220446049250313e-15 and an absolute tolerance of 2.220446049250313e-15. Taking the real part, which may not be accurate.
└ @ ITensorMPS ~/.julia/packages/ITensorMPS/fZDBz/src/abstractmps.jl:1246
┌ Warning: norm² is 6.931749078952524e9 + 1.6887383005732913e-5im, which is not real up to a relative tolerance of 2.220446049250313e-15 and an absolute tolerance of 2.220446049250313e-15. Taking the real part, which may not be accurate.
└ @ ITensorMPS ~/.julia/packages/ITensorMPS/fZDBz/src/abstractmps.jl:1246
┌ Warning: norm² is 2.385598441407362 - 5.712712372672305e-15im, which is not real up to a relative tolerance of 2.220446049250313e-15 and an absolute tolerance of 2.220446049250313e-15. Taking the real part, which may not be accurate.
└ @ ITensorMPS ~/.julia/packages/ITensorMPS/fZDBz/src/abstractmps.jl:1246
┌ Warning: norm² is 8.51396402899426e9 - 2.0567257226133193e-5im, which is not real up to a relative tolerance of 2.220446049250313e-15 and an absolute tolerance of 2.220446049250313e-15. Taking the real part, which may not be accurate.
└ @ ITensorMPS ~/.julia/packages/ITensorMPS/fZDBz/src/abstractmps.jl:1246
┌ Warning: norm² is 7.46883103047721e9 - 1.8377635300752933e-5im, which is not real up to a relative tolerance of 2.220446049250313e-15 and an absolute tolerance of 2.220446049250313e-15. Taking the real part, which may not be accurate.
└ @ ITensorMPS ~/.julia/packages/ITensorMPS/fZDBz/src/abstractmps.jl:1246
┌ Warning: log(norm²) is 0.880552395191392 - 2.602177237983754e-15im, which is not real up to a relative tolerance of 2.220446049250313e-15 and an absolute tolerance of 2.220446049250313e-15. Taking the real part, which may not be accurate.
└ @ ITensorMPS ~/.julia/packages/ITensorMPS/fZDBz/src/abstractmps.jl:1271
┌ Warning: norm² is 2.3505869635674634 - 5.754446393289162e-15im, which is not real up to a relative tolerance of 2.220446049250313e-15 and an absolute tolerance of 2.220446049250313e-15. Taking the real part, which may not be accurate.
└ @ ITensorMPS ~/.julia/packages/ITensorMPS/fZDBz/src/abstractmps.jl:1246
┌ Warning: log(norm²) is 0.8797590591487888 - 2.970655865445282e-15im, which is not real up to a relative tolerance of 2.220446049250313e-15 and an absolute tolerance of 2.220446049250313e-15. Taking the real part, which may not be accurate.
└ @ ITensorMPS ~/.julia/packages/ITensorMPS/fZDBz/src/abstractmps.jl:1271
┌ Warning: log(norm²) is 0.865283355319922 - 2.3016078154622882e-15im, which is not real up to a relative tolerance of 2.220446049250313e-15 and an absolute tolerance of 2.220446049250313e-15. Taking the real part, which may not be accurate.
└ @ ITensorMPS ~/.julia/packages/ITensorMPS/fZDBz/src/abstractmps.jl:1271
┌ Warning: norm² is 6.934260126944182e9 + 1.8257457649568942e-5im, which is not real up to a relative tolerance of 2.220446049250313e-15 and an absolute tolerance of 2.220446049250313e-15. Taking the real part, which may not be accurate.
└ @ ITensorMPS ~/.julia/packages/ITensorMPS/fZDBz/src/abstractmps.jl:1246
┌ Warning: norm² is 6.930924271863292e9 - 1.6970125354164215e-5im, which is not real up to a relative tolerance of 2.220446049250313e-15 and an absolute tolerance of 2.220446049250313e-15. Taking the real part, which may not be accurate.
└ @ ITensorMPS ~/.julia/packages/ITensorMPS/fZDBz/src/abstractmps.jl:1246
┌ Warning: norm² is 7.467345612551858e9 + 1.8032101129400203e-5im, which is not real up to a relative tolerance of 2.220446049250313e-15 and an absolute tolerance of 2.220446049250313e-15. Taking the real part, which may not be accurate.
└ @ ITensorMPS ~/.julia/packages/ITensorMPS/fZDBz/src/abstractmps.jl:1246
┌ Warning: norm² is 7.4614134588569355e9 + 2.0351383014730465e-5im, which is not real up to a relative tolerance of 2.220446049250313e-15 and an absolute tolerance of 2.220446049250313e-15. Taking the real part, which may not be accurate.
└ @ ITensorMPS ~/.julia/packages/ITensorMPS/fZDBz/src/abstractmps.jl:1246
┌ Warning: norm² is 8.4668458965160885e9 - 2.2845297424909363e-5im, which is not real up to a relative tolerance of 2.220446049250313e-15 and an absolute tolerance of 2.220446049250313e-15. Taking the real part, which may not be accurate.
└ @ ITensorMPS ~/.julia/packages/ITensorMPS/fZDBz/src/abstractmps.jl:1246
┌ Warning: log(norm²) is 0.8807058373241926 - 2.274634530733168e-15im, which is not real up to a relative tolerance of 2.220446049250313e-15 and an absolute tolerance of 2.220446049250313e-15. Taking the real part, which may not be accurate.
└ @ ITensorMPS ~/.julia/packages/ITensorMPS/fZDBz/src/abstractmps.jl:1271
┌ Warning: log(norm²) is 0.8694821020938658 - 2.296514632470403e-15im, which is not real up to a relative tolerance of 2.220446049250313e-15 and an absolute tolerance of 2.220446049250313e-15. Taking the real part, which may not be accurate.
└ @ ITensorMPS ~/.julia/packages/ITensorMPS/fZDBz/src/abstractmps.jl:1271
┌ Warning: log(norm²) is 0.8689079462085034 + 2.4143622348323572e-15im, which is not real up to a relative tolerance of 2.220446049250313e-15 and an absolute tolerance of 2.220446049250313e-15. Taking the real part, which may not be accurate.
└ @ ITensorMPS ~/.julia/packages/ITensorMPS/fZDBz/src/abstractmps.jl:1271
┌ Warning: log(norm²) is 0.8647788641214385 + 2.639180963407575e-15im, which is not real up to a relative tolerance of 2.220446049250313e-15 and an absolute tolerance of 2.220446049250313e-15. Taking the real part, which may not be accurate.
└ @ ITensorMPS ~/.julia/packages/ITensorMPS/fZDBz/src/abstractmps.jl:1271
┌ Warning: log(norm²) is 0.8539890193419137 - 2.6380823152736993e-15im, which is not real up to a relative tolerance of 2.220446049250313e-15 and an absolute tolerance of 2.220446049250313e-15. Taking the real part, which may not be accurate.
└ @ ITensorMPS ~/.julia/packages/ITensorMPS/fZDBz/src/abstractmps.jl:1271
┌ Warning: norm² is 9.64531982674879e9 + 3.08020162125991e-5im, which is not real up to a relative tolerance of 2.220446049250313e-15 and an absolute tolerance of 2.220446049250313e-15. Taking the real part, which may not be accurate.
└ @ ITensorMPS ~/.julia/packages/ITensorMPS/fZDBz/src/abstractmps.jl:1246
┌ Warning: norm² is 6.93206041693976e9 + 1.635309958708892e-5im, which is not real up to a relative tolerance of 2.220446049250313e-15 and an absolute tolerance of 2.220446049250313e-15. Taking the real part, which may not be accurate.
└ @ ITensorMPS ~/.julia/packages/ITensorMPS/fZDBz/src/abstractmps.jl:1246
┌ Warning: norm² is 7.46327905127569e9 - 2.1670258549471455e-5im, which is not real up to a relative tolerance of 2.220446049250313e-15 and an absolute tolerance of 2.220446049250313e-15. Taking the real part, which may not be accurate.
└ @ ITensorMPS ~/.julia/packages/ITensorMPS/fZDBz/src/abstractmps.jl:1246
┌ Warning: norm² is 6.931569619874835e9 - 2.7230937543974007e-5im, which is not real up to a relative tolerance of 2.220446049250313e-15 and an absolute tolerance of 2.220446049250313e-15. Taking the real part, which may not be accurate.
└ @ ITensorMPS ~/.julia/packages/ITensorMPS/fZDBz/src/abstractmps.jl:1246
┌ Warning: norm² is 7.467263424053699e9 - 1.7370281587872392e-5im, which is not real up to a relative tolerance of 2.220446049250313e-15 and an absolute tolerance of 2.220446049250313e-15. Taking the real part, which may not be accurate.
└ @ ITensorMPS ~/.julia/packages/ITensorMPS/fZDBz/src/abstractmps.jl:1246
┌ Warning: log(norm²) is 0.8694609121043669 - 2.3116699455820156e-15im, which is not real up to a relative tolerance of 2.220446049250313e-15 and an absolute tolerance of 2.220446049250313e-15. Taking the real part, which may not be accurate.
└ @ ITensorMPS ~/.julia/packages/ITensorMPS/fZDBz/src/abstractmps.jl:1271
┌ Warning: norm² is 6.93408270074546e9 + 1.7068997262839535e-5im, which is not real up to a relative tolerance of 2.220446049250313e-15 and an absolute tolerance of 2.220446049250313e-15. Taking the real part, which may not be accurate.
└ @ ITensorMPS ~/.julia/packages/ITensorMPS/fZDBz/src/abstractmps.jl:1246
┌ Warning: norm² is 2.3834736359142976 + 6.18917025628895e-15im, which is not real up to a relative tolerance of 2.220446049250313e-15 and an absolute tolerance of 2.220446049250313e-15. Taking the real part, which may not be accurate.
└ @ ITensorMPS ~/.julia/packages/ITensorMPS/fZDBz/src/abstractmps.jl:1246
┌ Warning: log(norm²) is 0.8797464518924555 - 2.3237325630936943e-15im, which is not real up to a relative tolerance of 2.220446049250313e-15 and an absolute tolerance of 2.220446049250313e-15. Taking the real part, which may not be accurate.
└ @ ITensorMPS ~/.julia/packages/ITensorMPS/fZDBz/src/abstractmps.jl:1271
┌ Warning: log(norm²) is 0.8543095961177044 + 2.94738346098968e-15im, which is not real up to a relative tolerance of 2.220446049250313e-15 and an absolute tolerance of 2.220446049250313e-15. Taking the real part, which may not be accurate.
└ @ ITensorMPS ~/.julia/packages/ITensorMPS/fZDBz/src/abstractmps.jl:1271
┌ Warning: norm² is 9.633047920445984e9 - 2.296491309890154e-5im, which is not real up to a relative tolerance of 2.220446049250313e-15 and an absolute tolerance of 2.220446049250313e-15. Taking the real part, which may not be accurate.
└ @ ITensorMPS ~/.julia/packages/ITensorMPS/fZDBz/src/abstractmps.jl:1246
┌ Warning: log(norm²) is 0.8797590922424667 + 2.8388485280343348e-15im, which is not real up to a relative tolerance of 2.220446049250313e-15 and an absolute tolerance of 2.220446049250313e-15. Taking the real part, which may not be accurate.
└ @ ITensorMPS ~/.julia/packages/ITensorMPS/fZDBz/src/abstractmps.jl:1271
┌ Warning: log(norm²) is 0.8675025619033363 + 2.2466170748603822e-15im, which is not real up to a relative tolerance of 2.220446049250313e-15 and an absolute tolerance of 2.220446049250313e-15. Taking the real part, which may not be accurate.
└ @ ITensorMPS ~/.julia/packages/ITensorMPS/fZDBz/src/abstractmps.jl:1271
┌ Warning: norm² is 9.637833488376476e9 + 2.1961953966214354e-5im, which is not real up to a relative tolerance of 2.220446049250313e-15 and an absolute tolerance of 2.220446049250313e-15. Taking the real part, which may not be accurate.
└ @ ITensorMPS ~/.julia/packages/ITensorMPS/fZDBz/src/abstractmps.jl:1246
┌ Warning: norm² is 2.41006034190769 + 6.969162460474601e-15im, which is not real up to a relative tolerance of 2.220446049250313e-15 and an absolute tolerance of 2.220446049250313e-15. Taking the real part, which may not be accurate.
└ @ ITensorMPS ~/.julia/packages/ITensorMPS/fZDBz/src/abstractmps.jl:1246
┌ Warning: log(norm²) is 0.8540480424009493 + 2.708887466819368e-15im, which is not real up to a relative tolerance of 2.220446049250313e-15 and an absolute tolerance of 2.220446049250313e-15. Taking the real part, which may not be accurate.
└ @ ITensorMPS ~/.julia/packages/ITensorMPS/fZDBz/src/abstractmps.jl:1271
┌ Warning: log(norm²) is 0.8796962017618315 - 2.2245300337023888e-15im, which is not real up to a relative tolerance of 2.220446049250313e-15 and an absolute tolerance of 2.220446049250313e-15. Taking the real part, which may not be accurate.
└ @ ITensorMPS ~/.julia/packages/ITensorMPS/fZDBz/src/abstractmps.jl:1271
┌ Warning: norm² is 2.375707181780099 + 5.8904252750484146e-15im, which is not real up to a relative tolerance of 2.220446049250313e-15 and an absolute tolerance of 2.220446049250313e-15. Taking the real part, which may not be accurate.
└ @ ITensorMPS ~/.julia/packages/ITensorMPS/fZDBz/src/abstractmps.jl:1246
┌ Warning: norm² is 7.471118314146766e9 + 2.3994177912415243e-5im, which is not real up to a relative tolerance of 2.220446049250313e-15 and an absolute tolerance of 2.220446049250313e-15. Taking the real part, which may not be accurate.
└ @ ITensorMPS ~/.julia/packages/ITensorMPS/fZDBz/src/abstractmps.jl:1246
┌ Warning: norm² is 2.3860892210016407 - 5.7525624037037525e-15im, which is not real up to a relative tolerance of 2.220446049250313e-15 and an absolute tolerance of 2.220446049250313e-15. Taking the real part, which may not be accurate.
└ @ ITensorMPS ~/.julia/packages/ITensorMPS/fZDBz/src/abstractmps.jl:1246
┌ Warning: norm² is 9.638232407938509e9 + 2.1611907781422173e-5im, which is not real up to a relative tolerance of 2.220446049250313e-15 and an absolute tolerance of 2.220446049250313e-15. Taking the real part, which may not be accurate.
└ @ ITensorMPS ~/.julia/packages/ITensorMPS/fZDBz/src/abstractmps.jl:1246
┌ Warning: norm² is 9.629953315951777e9 + 2.6820371313364588e-5im, which is not real up to a relative tolerance of 2.220446049250313e-15 and an absolute tolerance of 2.220446049250313e-15. Taking the real part, which may not be accurate.
└ @ ITensorMPS ~/.julia/packages/ITensorMPS/fZDBz/src/abstractmps.jl:1246
┌ Warning: norm² is 9.651632925498068e9 + 2.211870610870507e-5im, which is not real up to a relative tolerance of 2.220446049250313e-15 and an absolute tolerance of 2.220446049250313e-15. Taking the real part, which may not be accurate.
└ @ ITensorMPS ~/.julia/packages/ITensorMPS/fZDBz/src/abstractmps.jl:1246
┌ Warning: norm² is 9.646231545224474e9 + 2.4583582201849412e-5im, which is not real up to a relative tolerance of 2.220446049250313e-15 and an absolute tolerance of 2.220446049250313e-15. Taking the real part, which may not be accurate.
└ @ ITensorMPS ~/.julia/packages/ITensorMPS/fZDBz/src/abstractmps.jl:1246
┌ Warning: norm² is 7.471889158797963e9 + 1.992241501058093e-5im, which is not real up to a relative tolerance of 2.220446049250313e-15 and an absolute tolerance of 2.220446049250313e-15. Taking the real part, which may not be accurate.
└ @ ITensorMPS ~/.julia/packages/ITensorMPS/fZDBz/src/abstractmps.jl:1246
┌ Warning: norm² is 6.934192607547377e9 - 1.6740625537258682e-5im, which is not real up to a relative tolerance of 2.220446049250313e-15 and an absolute tolerance of 2.220446049250313e-15. Taking the real part, which may not be accurate.
└ @ ITensorMPS ~/.julia/packages/ITensorMPS/fZDBz/src/abstractmps.jl:1246
┌ Warning: norm² is 8.574620652441689e9 + 1.9885532652617096e-5im, which is not real up to a relative tolerance of 2.220446049250313e-15 and an absolute tolerance of 2.220446049250313e-15. Taking the real part, which may not be accurate.
└ @ ITensorMPS ~/.julia/packages/ITensorMPS/fZDBz/src/abstractmps.jl:1246
┌ Warning: log(norm²) is 0.8808942898613604 + 2.4518098737232707e-15im, which is not real up to a relative tolerance of 2.220446049250313e-15 and an absolute tolerance of 2.220446049250313e-15. Taking the real part, which may not be accurate.
└ @ ITensorMPS ~/.julia/packages/ITensorMPS/fZDBz/src/abstractmps.jl:1271
┌ Warning: log(norm²) is 0.8696852615562138 + 2.4212399243249416e-15im, which is not real up to a relative tolerance of 2.220446049250313e-15 and an absolute tolerance of 2.220446049250313e-15. Taking the real part, which may not be accurate.
└ @ ITensorMPS ~/.julia/packages/ITensorMPS/fZDBz/src/abstractmps.jl:1271
┌ Warning: log(norm²) is 0.8797692812024287 - 2.7526498709003063e-15im, which is not real up to a relative tolerance of 2.220446049250313e-15 and an absolute tolerance of 2.220446049250313e-15. Taking the real part, which may not be accurate.
└ @ ITensorMPS ~/.julia/packages/ITensorMPS/fZDBz/src/abstractmps.jl:1271
┌ Warning: log(norm²) is 0.8540768943751831 + 2.6605452009072893e-15im, which is not real up to a relative tolerance of 2.220446049250313e-15 and an absolute tolerance of 2.220446049250313e-15. Taking the real part, which may not be accurate.
└ @ ITensorMPS ~/.julia/packages/ITensorMPS/fZDBz/src/abstractmps.jl:1271
┌ Warning: norm² is 7.470816863489732e9 + 2.6559911927955395e-5im, which is not real up to a relative tolerance of 2.220446049250313e-15 and an absolute tolerance of 2.220446049250313e-15. Taking the real part, which may not be accurate.
└ @ ITensorMPS ~/.julia/packages/ITensorMPS/fZDBz/src/abstractmps.jl:1246
┌ Warning: norm² is 2.4106839155542197 - 5.5512261750480385e-15im, which is not real up to a relative tolerance of 2.220446049250313e-15 and an absolute tolerance of 2.220446049250313e-15. Taking the real part, which may not be accurate.
└ @ ITensorMPS ~/.julia/packages/ITensorMPS/fZDBz/src/abstractmps.jl:1246
┌ Warning: norm² is 6.930242572969008e9 + 1.821499502742517e-5im, which is not real up to a relative tolerance of 2.220446049250313e-15 and an absolute tolerance of 2.220446049250313e-15. Taking the real part, which may not be accurate.
└ @ ITensorMPS ~/.julia/packages/ITensorMPS/fZDBz/src/abstractmps.jl:1246
┌ Warning: norm² is 7.466311829818634e9 + 2.0556934177964474e-5im, which is not real up to a relative tolerance of 2.220446049250313e-15 and an absolute tolerance of 2.220446049250313e-15. Taking the real part, which may not be accurate.
└ @ ITensorMPS ~/.julia/packages/ITensorMPS/fZDBz/src/abstractmps.jl:1246
┌ Warning: norm² is 9.64266022690743e9 - 2.164579225435207e-5im, which is not real up to a relative tolerance of 2.220446049250313e-15 and an absolute tolerance of 2.220446049250313e-15. Taking the real part, which may not be accurate.
└ @ ITensorMPS ~/.julia/packages/ITensorMPS/fZDBz/src/abstractmps.jl:1246
┌ Warning: norm² is 2.3849522064339825 + 6.318513502984581e-15im, which is not real up to a relative tolerance of 2.220446049250313e-15 and an absolute tolerance of 2.220446049250313e-15. Taking the real part, which may not be accurate.
└ @ ITensorMPS ~/.julia/packages/ITensorMPS/fZDBz/src/abstractmps.jl:1246
┌ Warning: log(norm²) is 0.8649430904826652 + 2.555246755054755e-15im, which is not real up to a relative tolerance of 2.220446049250313e-15 and an absolute tolerance of 2.220446049250313e-15. Taking the real part, which may not be accurate.
└ @ ITensorMPS ~/.julia/packages/ITensorMPS/fZDBz/src/abstractmps.jl:1271
┌ Warning: norm² is 2.3753181692218575 - 5.276491057701134e-15im, which is not real up to a relative tolerance of 2.220446049250313e-15 and an absolute tolerance of 2.220446049250313e-15. Taking the real part, which may not be accurate.
└ @ ITensorMPS ~/.julia/packages/ITensorMPS/fZDBz/src/abstractmps.jl:1246
┌ Warning: log(norm²) is 0.8648758652340185 - 2.539389916463745e-15im, which is not real up to a relative tolerance of 2.220446049250313e-15 and an absolute tolerance of 2.220446049250313e-15. Taking the real part, which may not be accurate.
└ @ ITensorMPS ~/.julia/packages/ITensorMPS/fZDBz/src/abstractmps.jl:1271
┌ Warning: log(norm²) is 0.8682149348847423 + 2.563793102812527e-15im, which is not real up to a relative tolerance of 2.220446049250313e-15 and an absolute tolerance of 2.220446049250313e-15. Taking the real part, which may not be accurate.
└ @ ITensorMPS ~/.julia/packages/ITensorMPS/fZDBz/src/abstractmps.jl:1271
┌ Warning: norm² is 2.412209545806841 + 6.558846057460318e-15im, which is not real up to a relative tolerance of 2.220446049250313e-15 and an absolute tolerance of 2.220446049250313e-15. Taking the real part, which may not be accurate.
└ @ ITensorMPS ~/.julia/packages/ITensorMPS/fZDBz/src/abstractmps.jl:1246
┌ Warning: norm² is 9.649119657313177e9 + 2.1695580292254893e-5im, which is not real up to a relative tolerance of 2.220446049250313e-15 and an absolute tolerance of 2.220446049250313e-15. Taking the real part, which may not be accurate.
└ @ ITensorMPS ~/.julia/packages/ITensorMPS/fZDBz/src/abstractmps.jl:1246
┌ Warning: norm² is 9.62690209199093e9 - 2.34925109572038e-5im, which is not real up to a relative tolerance of 2.220446049250313e-15 and an absolute tolerance of 2.220446049250313e-15. Taking the real part, which may not be accurate.
└ @ ITensorMPS ~/.julia/packages/ITensorMPS/fZDBz/src/abstractmps.jl:1246
┌ Warning: norm² is 9.654510456427458e9 - 2.443169604544326e-5im, which is not real up to a relative tolerance of 2.220446049250313e-15 and an absolute tolerance of 2.220446049250313e-15. Taking the real part, which may not be accurate.
└ @ ITensorMPS ~/.julia/packages/ITensorMPS/fZDBz/src/abstractmps.jl:1246
┌ Warning: norm² is 6.933308553203874e9 - 1.678128693648501e-5im, which is not real up to a relative tolerance of 2.220446049250313e-15 and an absolute tolerance of 2.220446049250313e-15. Taking the real part, which may not be accurate.
└ @ ITensorMPS ~/.julia/packages/ITensorMPS/fZDBz/src/abstractmps.jl:1246
┌ Warning: norm² is 6.93207839665808e9 + 1.8867932695914914e-5im, which is not real up to a relative tolerance of 2.220446049250313e-15 and an absolute tolerance of 2.220446049250313e-15. Taking the real part, which may not be accurate.
└ @ ITensorMPS ~/.julia/packages/ITensorMPS/fZDBz/src/abstractmps.jl:1246
┌ Warning: norm² is 9.646738500145271e9 - 3.4365165208249676e-5im, which is not real up to a relative tolerance of 2.220446049250313e-15 and an absolute tolerance of 2.220446049250313e-15. Taking the real part, which may not be accurate.
└ @ ITensorMPS ~/.julia/packages/ITensorMPS/fZDBz/src/abstractmps.jl:1246
┌ Warning: log(norm²) is 0.8648285457031303 - 2.2944136905674717e-15im, which is not real up to a relative tolerance of 2.220446049250313e-15 and an absolute tolerance of 2.220446049250313e-15. Taking the real part, which may not be accurate.
└ @ ITensorMPS ~/.julia/packages/ITensorMPS/fZDBz/src/abstractmps.jl:1271
┌ Warning: norm² is 6.934145910712242e9 + 1.790541656764092e-5im, which is not real up to a relative tolerance of 2.220446049250313e-15 and an absolute tolerance of 2.220446049250313e-15. Taking the real part, which may not be accurate.
└ @ ITensorMPS ~/.julia/packages/ITensorMPS/fZDBz/src/abstractmps.jl:1246
┌ Warning: norm² is 6.9331772985286875e9 + 1.6308821464799887e-5im, which is not real up to a relative tolerance of 2.220446049250313e-15 and an absolute tolerance of 2.220446049250313e-15. Taking the real part, which may not be accurate.
└ @ ITensorMPS ~/.julia/packages/ITensorMPS/fZDBz/src/abstractmps.jl:1246
┌ Warning: norm² is 7.469689843949685e9 + 1.7317204574718572e-5im, which is not real up to a relative tolerance of 2.220446049250313e-15 and an absolute tolerance of 2.220446049250313e-15. Taking the real part, which may not be accurate.
└ @ ITensorMPS ~/.julia/packages/ITensorMPS/fZDBz/src/abstractmps.jl:1246
┌ Warning: norm² is 6.931289453130618e9 + 1.7316807147203707e-5im, which is not real up to a relative tolerance of 2.220446049250313e-15 and an absolute tolerance of 2.220446049250313e-15. Taking the real part, which may not be accurate.
└ @ ITensorMPS ~/.julia/packages/ITensorMPS/fZDBz/src/abstractmps.jl:1246
┌ Warning: norm² is 7.4659932231976385e9 - 1.659239775183746e-5im, which is not real up to a relative tolerance of 2.220446049250313e-15 and an absolute tolerance of 2.220446049250313e-15. Taking the real part, which may not be accurate.
└ @ ITensorMPS ~/.julia/packages/ITensorMPS/fZDBz/src/abstractmps.jl:1246
┌ Warning: norm² is 2.385839379716521 + 5.54093488063597e-15im, which is not real up to a relative tolerance of 2.220446049250313e-15 and an absolute tolerance of 2.220446049250313e-15. Taking the real part, which may not be accurate.
└ @ ITensorMPS ~/.julia/packages/ITensorMPS/fZDBz/src/abstractmps.jl:1246
┌ Warning: norm² is 2.4091655315786102 + 5.764667572579723e-15im, which is not real up to a relative tolerance of 2.220446049250313e-15 and an absolute tolerance of 2.220446049250313e-15. Taking the real part, which may not be accurate.
└ @ ITensorMPS ~/.julia/packages/ITensorMPS/fZDBz/src/abstractmps.jl:1246
┌ Warning: log(norm²) is 0.8540881050862592 - 2.2362965538934142e-15im, which is not real up to a relative tolerance of 2.220446049250313e-15 and an absolute tolerance of 2.220446049250313e-15. Taking the real part, which may not be accurate.
└ @ ITensorMPS ~/.julia/packages/ITensorMPS/fZDBz/src/abstractmps.jl:1271
┌ Warning: norm² is 2.3833875272560228 + 6.288005900056634e-15im, which is not real up to a relative tolerance of 2.220446049250313e-15 and an absolute tolerance of 2.220446049250313e-15. Taking the real part, which may not be accurate.
└ @ ITensorMPS ~/.julia/packages/ITensorMPS/fZDBz/src/abstractmps.jl:1246
┌ Warning: norm² is 7.46634683245605e9 - 1.6642054210360658e-5im, which is not real up to a relative tolerance of 2.220446049250313e-15 and an absolute tolerance of 2.220446049250313e-15. Taking the real part, which may not be accurate.
└ @ ITensorMPS ~/.julia/packages/ITensorMPS/fZDBz/src/abstractmps.jl:1246
┌ Warning: log(norm²) is 0.8688963306646704 + 2.543829268818167e-15im, which is not real up to a relative tolerance of 2.220446049250313e-15 and an absolute tolerance of 2.220446049250313e-15. Taking the real part, which may not be accurate.
└ @ ITensorMPS ~/.julia/packages/ITensorMPS/fZDBz/src/abstractmps.jl:1271
┌ Warning: norm² is 6.9319259503886e9 + 2.007293231885477e-5im, which is not real up to a relative tolerance of 2.220446049250313e-15 and an absolute tolerance of 2.220446049250313e-15. Taking the real part, which may not be accurate.
└ @ ITensorMPS ~/.julia/packages/ITensorMPS/fZDBz/src/abstractmps.jl:1246
┌ Warning: log(norm²) is 0.8646584622605178 - 2.3096912123821726e-15im, which is not real up to a relative tolerance of 2.220446049250313e-15 and an absolute tolerance of 2.220446049250313e-15. Taking the real part, which may not be accurate.
└ @ ITensorMPS ~/.julia/packages/ITensorMPS/fZDBz/src/abstractmps.jl:1271
┌ Warning: norm² is 7.462866217519399e9 + 2.060199598702219e-5im, which is not real up to a relative tolerance of 2.220446049250313e-15 and an absolute tolerance of 2.220446049250313e-15. Taking the real part, which may not be accurate.
└ @ ITensorMPS ~/.julia/packages/ITensorMPS/fZDBz/src/abstractmps.jl:1246
┌ Warning: log(norm²) is 0.8646959466717672 - 2.2980131644690306e-15im, which is not real up to a relative tolerance of 2.220446049250313e-15 and an absolute tolerance of 2.220446049250313e-15. Taking the real part, which may not be accurate.
└ @ ITensorMPS ~/.julia/packages/ITensorMPS/fZDBz/src/abstractmps.jl:1271
┌ Warning: norm² is 6.931374532491233e9 + 2.3167448616911073e-5im, which is not real up to a relative tolerance of 2.220446049250313e-15 and an absolute tolerance of 2.220446049250313e-15. Taking the real part, which may not be accurate.
└ @ ITensorMPS ~/.julia/packages/ITensorMPS/fZDBz/src/abstractmps.jl:1246
┌ Warning: norm² is 2.3883163973058874 + 5.876359249263362e-15im, which is not real up to a relative tolerance of 2.220446049250313e-15 and an absolute tolerance of 2.220446049250313e-15. Taking the real part, which may not be accurate.
└ @ ITensorMPS ~/.julia/packages/ITensorMPS/fZDBz/src/abstractmps.jl:1246
┌ Warning: norm² is 9.635314627454615e9 - 2.6228832720157687e-5im, which is not real up to a relative tolerance of 2.220446049250313e-15 and an absolute tolerance of 2.220446049250313e-15. Taking the real part, which may not be accurate.
└ @ ITensorMPS ~/.julia/packages/ITensorMPS/fZDBz/src/abstractmps.jl:1246
┌ Warning: norm² is 8.472083187402619e9 + 2.7517851268629383e-5im, which is not real up to a relative tolerance of 2.220446049250313e-15 and an absolute tolerance of 2.220446049250313e-15. Taking the real part, which may not be accurate.
└ @ ITensorMPS ~/.julia/packages/ITensorMPS/fZDBz/src/abstractmps.jl:1246
┌ Warning: log(norm²) is 0.879757431619753 + 2.708409385026703e-15im, which is not real up to a relative tolerance of 2.220446049250313e-15 and an absolute tolerance of 2.220446049250313e-15. Taking the real part, which may not be accurate.
└ @ ITensorMPS ~/.julia/packages/ITensorMPS/fZDBz/src/abstractmps.jl:1271
┌ Warning: norm² is 7.474671248520282e9 + 1.924302509034458e-5im, which is not real up to a relative tolerance of 2.220446049250313e-15 and an absolute tolerance of 2.220446049250313e-15. Taking the real part, which may not be accurate.
└ @ ITensorMPS ~/.julia/packages/ITensorMPS/fZDBz/src/abstractmps.jl:1246
┌ Warning: norm² is 6.931023797816756e9 - 1.8768308234064717e-5im, which is not real up to a relative tolerance of 2.220446049250313e-15 and an absolute tolerance of 2.220446049250313e-15. Taking the real part, which may not be accurate.
└ @ ITensorMPS ~/.julia/packages/ITensorMPS/fZDBz/src/abstractmps.jl:1246
┌ Warning: norm² is 8.528713551171045e9 + 2.0070608589655802e-5im, which is not real up to a relative tolerance of 2.220446049250313e-15 and an absolute tolerance of 2.220446049250313e-15. Taking the real part, which may not be accurate.
└ @ ITensorMPS ~/.julia/packages/ITensorMPS/fZDBz/src/abstractmps.jl:1246
┌ Warning: norm² is 9.636521575321468e9 + 2.7316614229495615e-5im, which is not real up to a relative tolerance of 2.220446049250313e-15 and an absolute tolerance of 2.220446049250313e-15. Taking the real part, which may not be accurate.
└ @ ITensorMPS ~/.julia/packages/ITensorMPS/fZDBz/src/abstractmps.jl:1246
┌ Warning: norm² is 6.930933311152131e9 - 1.971467796883672e-5im, which is not real up to a relative tolerance of 2.220446049250313e-15 and an absolute tolerance of 2.220446049250313e-15. Taking the real part, which may not be accurate.
└ @ ITensorMPS ~/.julia/packages/ITensorMPS/fZDBz/src/abstractmps.jl:1246
┌ Warning: norm² is 8.502267243890377e9 - 2.0617223950097927e-5im, which is not real up to a relative tolerance of 2.220446049250313e-15 and an absolute tolerance of 2.220446049250313e-15. Taking the real part, which may not be accurate.
└ @ ITensorMPS ~/.julia/packages/ITensorMPS/fZDBz/src/abstractmps.jl:1246
┌ Warning: norm² is 8.461301828722251e9 + 2.4590105853035054e-5im, which is not real up to a relative tolerance of 2.220446049250313e-15 and an absolute tolerance of 2.220446049250313e-15. Taking the real part, which may not be accurate.
└ @ ITensorMPS ~/.julia/packages/ITensorMPS/fZDBz/src/abstractmps.jl:1246
┌ Warning: norm² is 6.930854579496082e9 + 1.75315292781282e-5im, which is not real up to a relative tolerance of 2.220446049250313e-15 and an absolute tolerance of 2.220446049250313e-15. Taking the real part, which may not be accurate.
└ @ ITensorMPS ~/.julia/packages/ITensorMPS/fZDBz/src/abstractmps.jl:1246
┌ Warning: norm² is 6.933964712530747e9 - 1.6510828945213327e-5im, which is not real up to a relative tolerance of 2.220446049250313e-15 and an absolute tolerance of 2.220446049250313e-15. Taking the real part, which may not be accurate.
└ @ ITensorMPS ~/.julia/packages/ITensorMPS/fZDBz/src/abstractmps.jl:1246
┌ Warning: norm² is 2.412468489529581 + 5.913198127280513e-15im, which is not real up to a relative tolerance of 2.220446049250313e-15 and an absolute tolerance of 2.220446049250313e-15. Taking the real part, which may not be accurate.
└ @ ITensorMPS ~/.julia/packages/ITensorMPS/fZDBz/src/abstractmps.jl:1246
┌ Warning: norm² is 8.471895507826039e9 - 2.0758284784221555e-5im, which is not real up to a relative tolerance of 2.220446049250313e-15 and an absolute tolerance of 2.220446049250313e-15. Taking the real part, which may not be accurate.
└ @ ITensorMPS ~/.julia/packages/ITensorMPS/fZDBz/src/abstractmps.jl:1246
┌ Warning: log(norm²) is 0.86908486563769 - 2.2322840829274266e-15im, which is not real up to a relative tolerance of 2.220446049250313e-15 and an absolute tolerance of 2.220446049250313e-15. Taking the real part, which may not be accurate.
└ @ ITensorMPS ~/.julia/packages/ITensorMPS/fZDBz/src/abstractmps.jl:1271
┌ Warning: norm² is 2.3839284101679414 + 6.432454340937142e-15im, which is not real up to a relative tolerance of 2.220446049250313e-15 and an absolute tolerance of 2.220446049250313e-15. Taking the real part, which may not be accurate.
└ @ ITensorMPS ~/.julia/packages/ITensorMPS/fZDBz/src/abstractmps.jl:1246
┌ Warning: norm² is 8.482422074295047e9 + 1.9831595311929645e-5im, which is not real up to a relative tolerance of 2.220446049250313e-15 and an absolute tolerance of 2.220446049250313e-15. Taking the real part, which may not be accurate.
└ @ ITensorMPS ~/.julia/packages/ITensorMPS/fZDBz/src/abstractmps.jl:1246
┌ Warning: norm² is 2.3493502117812843 + 5.217783744016375e-15im, which is not real up to a relative tolerance of 2.220446049250313e-15 and an absolute tolerance of 2.220446049250313e-15. Taking the real part, which may not be accurate.
└ @ ITensorMPS ~/.julia/packages/ITensorMPS/fZDBz/src/abstractmps.jl:1246
┌ Warning: log(norm²) is 0.8797219066891108 + 2.7264550270487296e-15im, which is not real up to a relative tolerance of 2.220446049250313e-15 and an absolute tolerance of 2.220446049250313e-15. Taking the real part, which may not be accurate.
└ @ ITensorMPS ~/.julia/packages/ITensorMPS/fZDBz/src/abstractmps.jl:1271
┌ Warning: norm² is 6.931034182273151e9 - 2.320934763433338e-5im, which is not real up to a relative tolerance of 2.220446049250313e-15 and an absolute tolerance of 2.220446049250313e-15. Taking the real part, which may not be accurate.
└ @ ITensorMPS ~/.julia/packages/ITensorMPS/fZDBz/src/abstractmps.jl:1246
┌ Warning: norm² is 6.934281216121524e9 - 1.719420862507674e-5im, which is not real up to a relative tolerance of 2.220446049250313e-15 and an absolute tolerance of 2.220446049250313e-15. Taking the real part, which may not be accurate.
└ @ ITensorMPS ~/.julia/packages/ITensorMPS/fZDBz/src/abstractmps.jl:1246
┌ Warning: norm² is 2.3821070415231365 - 6.0259121314057025e-15im, which is not real up to a relative tolerance of 2.220446049250313e-15 and an absolute tolerance of 2.220446049250313e-15. Taking the real part, which may not be accurate.
└ @ ITensorMPS ~/.julia/packages/ITensorMPS/fZDBz/src/abstractmps.jl:1246
┌ Warning: norm² is 9.644105429633196e9 - 4.477168775649645e-5im, which is not real up to a relative tolerance of 2.220446049250313e-15 and an absolute tolerance of 2.220446049250313e-15. Taking the real part, which may not be accurate.
└ @ ITensorMPS ~/.julia/packages/ITensorMPS/fZDBz/src/abstractmps.jl:1246
┌ Warning: norm² is 2.3875528264167936 + 5.430525445870907e-15im, which is not real up to a relative tolerance of 2.220446049250313e-15 and an absolute tolerance of 2.220446049250313e-15. Taking the real part, which may not be accurate.
└ @ ITensorMPS ~/.julia/packages/ITensorMPS/fZDBz/src/abstractmps.jl:1246
┌ Warning: norm² is 9.634919165022465e9 + 2.163022057723831e-5im, which is not real up to a relative tolerance of 2.220446049250313e-15 and an absolute tolerance of 2.220446049250313e-15. Taking the real part, which may not be accurate.
└ @ ITensorMPS ~/.julia/packages/ITensorMPS/fZDBz/src/abstractmps.jl:1246
┌ Warning: norm² is 2.410754946276313 - 6.0571287688596725e-15im, which is not real up to a relative tolerance of 2.220446049250313e-15 and an absolute tolerance of 2.220446049250313e-15. Taking the real part, which may not be accurate.
└ @ ITensorMPS ~/.julia/packages/ITensorMPS/fZDBz/src/abstractmps.jl:1246
┌ Warning: norm² is 8.452472933743896e9 + 2.5194782520035182e-5im, which is not real up to a relative tolerance of 2.220446049250313e-15 and an absolute tolerance of 2.220446049250313e-15. Taking the real part, which may not be accurate.
└ @ ITensorMPS ~/.julia/packages/ITensorMPS/fZDBz/src/abstractmps.jl:1246
┌ Warning: norm² is 2.3501317456302186 + 5.362590499066619e-15im, which is not real up to a relative tolerance of 2.220446049250313e-15 and an absolute tolerance of 2.220446049250313e-15. Taking the real part, which may not be accurate.
└ @ ITensorMPS ~/.julia/packages/ITensorMPS/fZDBz/src/abstractmps.jl:1246
┌ Warning: norm² is 9.640472095924326e9 - 3.266209287779645e-5im, which is not real up to a relative tolerance of 2.220446049250313e-15 and an absolute tolerance of 2.220446049250313e-15. Taking the real part, which may not be accurate.
└ @ ITensorMPS ~/.julia/packages/ITensorMPS/fZDBz/src/abstractmps.jl:1246
┌ Warning: norm² is 9.634094753149744e9 - 2.276425485075638e-5im, which is not real up to a relative tolerance of 2.220446049250313e-15 and an absolute tolerance of 2.220446049250313e-15. Taking the real part, which may not be accurate.
└ @ ITensorMPS ~/.julia/packages/ITensorMPS/fZDBz/src/abstractmps.jl:1246
┌ Warning: norm² is 6.932932365638457e9 + 1.9156113673807066e-5im, which is not real up to a relative tolerance of 2.220446049250313e-15 and an absolute tolerance of 2.220446049250313e-15. Taking the real part, which may not be accurate.
└ @ ITensorMPS ~/.julia/packages/ITensorMPS/fZDBz/src/abstractmps.jl:1246
┌ Warning: norm² is 8.483271841885469e9 + 2.7795184609447233e-5im, which is not real up to a relative tolerance of 2.220446049250313e-15 and an absolute tolerance of 2.220446049250313e-15. Taking the real part, which may not be accurate.
└ @ ITensorMPS ~/.julia/packages/ITensorMPS/fZDBz/src/abstractmps.jl:1246
┌ Warning: norm² is 2.4104235959362397 + 7.197098398675019e-15im, which is not real up to a relative tolerance of 2.220446049250313e-15 and an absolute tolerance of 2.220446049250313e-15. Taking the real part, which may not be accurate.
└ @ ITensorMPS ~/.julia/packages/ITensorMPS/fZDBz/src/abstractmps.jl:1246
┌ Warning: log(norm²) is 0.870069503819499 - 2.8892157522259004e-15im, which is not real up to a relative tolerance of 2.220446049250313e-15 and an absolute tolerance of 2.220446049250313e-15. Taking the real part, which may not be accurate.
└ @ ITensorMPS ~/.julia/packages/ITensorMPS/fZDBz/src/abstractmps.jl:1271
┌ Warning: log(norm²) is 0.8692370109385941 + 2.6389242041750056e-15im, which is not real up to a relative tolerance of 2.220446049250313e-15 and an absolute tolerance of 2.220446049250313e-15. Taking the real part, which may not be accurate.
└ @ ITensorMPS ~/.julia/packages/ITensorMPS/fZDBz/src/abstractmps.jl:1271
┌ Warning: norm² is 6.931312866083114e9 - 2.338699897699755e-5im, which is not real up to a relative tolerance of 2.220446049250313e-15 and an absolute tolerance of 2.220446049250313e-15. Taking the real part, which may not be accurate.
└ @ ITensorMPS ~/.julia/packages/ITensorMPS/fZDBz/src/abstractmps.jl:1246
┌ Warning: norm² is 9.647948976624355e9 + 2.4324068327864247e-5im, which is not real up to a relative tolerance of 2.220446049250313e-15 and an absolute tolerance of 2.220446049250313e-15. Taking the real part, which may not be accurate.
└ @ ITensorMPS ~/.julia/packages/ITensorMPS/fZDBz/src/abstractmps.jl:1246
┌ Warning: norm² is 7.471129369822968e9 + 1.660227851010401e-5im, which is not real up to a relative tolerance of 2.220446049250313e-15 and an absolute tolerance of 2.220446049250313e-15. Taking the real part, which may not be accurate.
└ @ ITensorMPS ~/.julia/packages/ITensorMPS/fZDBz/src/abstractmps.jl:1246
┌ Warning: log(norm²) is 0.8795116009681048 + 2.2999911900771296e-15im, which is not real up to a relative tolerance of 2.220446049250313e-15 and an absolute tolerance of 2.220446049250313e-15. Taking the real part, which may not be accurate.
└ @ ITensorMPS ~/.julia/packages/ITensorMPS/fZDBz/src/abstractmps.jl:1271
┌ Warning: norm² is 7.469426592743862e9 + 2.485486101047699e-5im, which is not real up to a relative tolerance of 2.220446049250313e-15 and an absolute tolerance of 2.220446049250313e-15. Taking the real part, which may not be accurate.
└ @ ITensorMPS ~/.julia/packages/ITensorMPS/fZDBz/src/abstractmps.jl:1246
┌ Warning: norm² is 7.467926599939708e9 + 2.1456791094995128e-5im, which is not real up to a relative tolerance of 2.220446049250313e-15 and an absolute tolerance of 2.220446049250313e-15. Taking the real part, which may not be accurate.
└ @ ITensorMPS ~/.julia/packages/ITensorMPS/fZDBz/src/abstractmps.jl:1246
┌ Warning: norm² is 2.409104990937407 - 6.987728740707885e-15im, which is not real up to a relative tolerance of 2.220446049250313e-15 and an absolute tolerance of 2.220446049250313e-15. Taking the real part, which may not be accurate.
└ @ ITensorMPS ~/.julia/packages/ITensorMPS/fZDBz/src/abstractmps.jl:1246
┌ Warning: norm² is 9.638531863240343e9 - 2.3976354444512164e-5im, which is not real up to a relative tolerance of 2.220446049250313e-15 and an absolute tolerance of 2.220446049250313e-15. Taking the real part, which may not be accurate.
└ @ ITensorMPS ~/.julia/packages/ITensorMPS/fZDBz/src/abstractmps.jl:1246
┌ Warning: norm² is 8.4682858055683975e9 + 2.673577169197571e-5im, which is not real up to a relative tolerance of 2.220446049250313e-15 and an absolute tolerance of 2.220446049250313e-15. Taking the real part, which may not be accurate.
└ @ ITensorMPS ~/.julia/packages/ITensorMPS/fZDBz/src/abstractmps.jl:1246
┌ Warning: norm² is 6.931221793089266e9 + 1.5656593107958573e-5im, which is not real up to a relative tolerance of 2.220446049250313e-15 and an absolute tolerance of 2.220446049250313e-15. Taking the real part, which may not be accurate.
└ @ ITensorMPS ~/.julia/packages/ITensorMPS/fZDBz/src/abstractmps.jl:1246
┌ Warning: norm² is 9.638472246828749e9 - 3.057516380169623e-5im, which is not real up to a relative tolerance of 2.220446049250313e-15 and an absolute tolerance of 2.220446049250313e-15. Taking the real part, which may not be accurate.
└ @ ITensorMPS ~/.julia/packages/ITensorMPS/fZDBz/src/abstractmps.jl:1246
┌ Warning: log(norm²) is 0.8796399264005038 + 3.0917742061971794e-15im, which is not real up to a relative tolerance of 2.220446049250313e-15 and an absolute tolerance of 2.220446049250313e-15. Taking the real part, which may not be accurate.
└ @ ITensorMPS ~/.julia/packages/ITensorMPS/fZDBz/src/abstractmps.jl:1271
┌ Warning: norm² is 9.637752541653404e9 + 2.8776778695472165e-5im, which is not real up to a relative tolerance of 2.220446049250313e-15 and an absolute tolerance of 2.220446049250313e-15. Taking the real part, which may not be accurate.
└ @ ITensorMPS ~/.julia/packages/ITensorMPS/fZDBz/src/abstractmps.jl:1246
┌ Warning: log(norm²) is 0.8696617733187366 + 2.2365930177839357e-15im, which is not real up to a relative tolerance of 2.220446049250313e-15 and an absolute tolerance of 2.220446049250313e-15. Taking the real part, which may not be accurate.
└ @ ITensorMPS ~/.julia/packages/ITensorMPS/fZDBz/src/abstractmps.jl:1271
┌ Warning: log(norm²) is 0.8677536314206168 - 2.6124425016205047e-15im, which is not real up to a relative tolerance of 2.220446049250313e-15 and an absolute tolerance of 2.220446049250313e-15. Taking the real part, which may not be accurate.
└ @ ITensorMPS ~/.julia/packages/ITensorMPS/fZDBz/src/abstractmps.jl:1271
┌ Warning: norm² is 9.64010753914898e9 - 2.1920475783149627e-5im, which is not real up to a relative tolerance of 2.220446049250313e-15 and an absolute tolerance of 2.220446049250313e-15. Taking the real part, which may not be accurate.
└ @ ITensorMPS ~/.julia/packages/ITensorMPS/fZDBz/src/abstractmps.jl:1246
┌ Warning: log(norm²) is 0.8654008047350046 - 2.2860129286643876e-15im, which is not real up to a relative tolerance of 2.220446049250313e-15 and an absolute tolerance of 2.220446049250313e-15. Taking the real part, which may not be accurate.
└ @ ITensorMPS ~/.julia/packages/ITensorMPS/fZDBz/src/abstractmps.jl:1271
┌ Warning: norm² is 6.930964454542769e9 - 1.795197716755922e-5im, which is not real up to a relative tolerance of 2.220446049250313e-15 and an absolute tolerance of 2.220446049250313e-15. Taking the real part, which may not be accurate.
└ @ ITensorMPS ~/.julia/packages/ITensorMPS/fZDBz/src/abstractmps.jl:1246
┌ Warning: norm² is 8.453077127872228e9 - 2.147059413915763e-5im, which is not real up to a relative tolerance of 2.220446049250313e-15 and an absolute tolerance of 2.220446049250313e-15. Taking the real part, which may not be accurate.
└ @ ITensorMPS ~/.julia/packages/ITensorMPS/fZDBz/src/abstractmps.jl:1246
┌ Warning: norm² is 6.932931078666233e9 + 1.704880673200933e-5im, which is not real up to a relative tolerance of 2.220446049250313e-15 and an absolute tolerance of 2.220446049250313e-15. Taking the real part, which may not be accurate.
└ @ ITensorMPS ~/.julia/packages/ITensorMPS/fZDBz/src/abstractmps.jl:1246
┌ Warning: norm² is 2.3484730667411653 + 5.638860299861345e-15im, which is not real up to a relative tolerance of 2.220446049250313e-15 and an absolute tolerance of 2.220446049250313e-15. Taking the real part, which may not be accurate.
└ @ ITensorMPS ~/.julia/packages/ITensorMPS/fZDBz/src/abstractmps.jl:1246
┌ Warning: norm² is 2.410704302780979 + 5.933385432271917e-15im, which is not real up to a relative tolerance of 2.220446049250313e-15 and an absolute tolerance of 2.220446049250313e-15. Taking the real part, which may not be accurate.
└ @ ITensorMPS ~/.julia/packages/ITensorMPS/fZDBz/src/abstractmps.jl:1246
┌ Warning: log(norm²) is 0.8542169050467114 - 2.4899932788650215e-15im, which is not real up to a relative tolerance of 2.220446049250313e-15 and an absolute tolerance of 2.220446049250313e-15. Taking the real part, which may not be accurate.
└ @ ITensorMPS ~/.julia/packages/ITensorMPS/fZDBz/src/abstractmps.jl:1271
┌ Warning: log(norm²) is 0.8645952962345312 - 2.723630871681254e-15im, which is not real up to a relative tolerance of 2.220446049250313e-15 and an absolute tolerance of 2.220446049250313e-15. Taking the real part, which may not be accurate.
└ @ ITensorMPS ~/.julia/packages/ITensorMPS/fZDBz/src/abstractmps.jl:1271
┌ Warning: norm² is 7.4622742741059265e9 + 1.7266474063778627e-5im, which is not real up to a relative tolerance of 2.220446049250313e-15 and an absolute tolerance of 2.220446049250313e-15. Taking the real part, which may not be accurate.
└ @ ITensorMPS ~/.julia/packages/ITensorMPS/fZDBz/src/abstractmps.jl:1246
┌ Warning: norm² is 7.473993116676889e9 + 1.9555969095645435e-5im, which is not real up to a relative tolerance of 2.220446049250313e-15 and an absolute tolerance of 2.220446049250313e-15. Taking the real part, which may not be accurate.
└ @ ITensorMPS ~/.julia/packages/ITensorMPS/fZDBz/src/abstractmps.jl:1246
┌ Warning: norm² is 2.388472468270216 + 6.028585180854147e-15im, which is not real up to a relative tolerance of 2.220446049250313e-15 and an absolute tolerance of 2.220446049250313e-15. Taking the real part, which may not be accurate.
└ @ ITensorMPS ~/.julia/packages/ITensorMPS/fZDBz/src/abstractmps.jl:1246
┌ Warning: norm² is 7.463688586554109e9 + 1.7449385569702714e-5im, which is not real up to a relative tolerance of 2.220446049250313e-15 and an absolute tolerance of 2.220446049250313e-15. Taking the real part, which may not be accurate.
└ @ ITensorMPS ~/.julia/packages/ITensorMPS/fZDBz/src/abstractmps.jl:1246
┌ Warning: norm² is 8.475853456440441e9 + 2.2994380323555598e-5im, which is not real up to a relative tolerance of 2.220446049250313e-15 and an absolute tolerance of 2.220446049250313e-15. Taking the real part, which may not be accurate.
└ @ ITensorMPS ~/.julia/packages/ITensorMPS/fZDBz/src/abstractmps.jl:1246
┌ Warning: norm² is 2.3504966476669407 + 6.59884764849047e-15im, which is not real up to a relative tolerance of 2.220446049250313e-15 and an absolute tolerance of 2.220446049250313e-15. Taking the real part, which may not be accurate.
└ @ ITensorMPS ~/.julia/packages/ITensorMPS/fZDBz/src/abstractmps.jl:1246
┌ Warning: norm² is 6.931437759896934e9 - 1.9091854295680916e-5im, which is not real up to a relative tolerance of 2.220446049250313e-15 and an absolute tolerance of 2.220446049250313e-15. Taking the real part, which may not be accurate.
└ @ ITensorMPS ~/.julia/packages/ITensorMPS/fZDBz/src/abstractmps.jl:1246
┌ Warning: norm² is 2.4111137753583862 + 5.520766689747953e-15im, which is not real up to a relative tolerance of 2.220446049250313e-15 and an absolute tolerance of 2.220446049250313e-15. Taking the real part, which may not be accurate.
└ @ ITensorMPS ~/.julia/packages/ITensorMPS/fZDBz/src/abstractmps.jl:1246
┌ Warning: log(norm²) is 0.8652730840163084 + 2.2380102331148995e-15im, which is not real up to a relative tolerance of 2.220446049250313e-15 and an absolute tolerance of 2.220446049250313e-15. Taking the real part, which may not be accurate.
└ @ ITensorMPS ~/.julia/packages/ITensorMPS/fZDBz/src/abstractmps.jl:1271
┌ Warning: norm² is 9.632225901722826e9 - 2.7192182055594443e-5im, which is not real up to a relative tolerance of 2.220446049250313e-15 and an absolute tolerance of 2.220446049250313e-15. Taking the real part, which may not be accurate.
└ @ ITensorMPS ~/.julia/packages/ITensorMPS/fZDBz/src/abstractmps.jl:1246
┌ Warning: norm² is 7.472148574307118e9 + 2.633989131518879e-5im, which is not real up to a relative tolerance of 2.220446049250313e-15 and an absolute tolerance of 2.220446049250313e-15. Taking the real part, which may not be accurate.
└ @ ITensorMPS ~/.julia/packages/ITensorMPS/fZDBz/src/abstractmps.jl:1246
┌ Warning: norm² is 2.3500361511591157 - 5.540285690279034e-15im, which is not real up to a relative tolerance of 2.220446049250313e-15 and an absolute tolerance of 2.220446049250313e-15. Taking the real part, which may not be accurate.
└ @ ITensorMPS ~/.julia/packages/ITensorMPS/fZDBz/src/abstractmps.jl:1246
┌ Warning: norm² is 8.463929308211345e9 - 2.2671060381348752e-5im, which is not real up to a relative tolerance of 2.220446049250313e-15 and an absolute tolerance of 2.220446049250313e-15. Taking the real part, which may not be accurate.
└ @ ITensorMPS ~/.julia/packages/ITensorMPS/fZDBz/src/abstractmps.jl:1246
┌ Warning: norm² is 2.37422552014321 - 5.546295942810989e-15im, which is not real up to a relative tolerance of 2.220446049250313e-15 and an absolute tolerance of 2.220446049250313e-15. Taking the real part, which may not be accurate.
└ @ ITensorMPS ~/.julia/packages/ITensorMPS/fZDBz/src/abstractmps.jl:1246
┌ Warning: norm² is 2.382065044759262 - 5.954400136148209e-15im, which is not real up to a relative tolerance of 2.220446049250313e-15 and an absolute tolerance of 2.220446049250313e-15. Taking the real part, which may not be accurate.
└ @ ITensorMPS ~/.julia/packages/ITensorMPS/fZDBz/src/abstractmps.jl:1246
┌ Warning: log(norm²) is 0.8651186274958431 - 2.555469615110238e-15im, which is not real up to a relative tolerance of 2.220446049250313e-15 and an absolute tolerance of 2.220446049250313e-15. Taking the real part, which may not be accurate.
└ @ ITensorMPS ~/.julia/packages/ITensorMPS/fZDBz/src/abstractmps.jl:1271
┌ Warning: norm² is 2.388428913454183 + 5.9221429901213795e-15im, which is not real up to a relative tolerance of 2.220446049250313e-15 and an absolute tolerance of 2.220446049250313e-15. Taking the real part, which may not be accurate.
└ @ ITensorMPS ~/.julia/packages/ITensorMPS/fZDBz/src/abstractmps.jl:1246
┌ Warning: norm² is 2.3811381528625803 + 5.969667628450977e-15im, which is not real up to a relative tolerance of 2.220446049250313e-15 and an absolute tolerance of 2.220446049250313e-15. Taking the real part, which may not be accurate.
└ @ ITensorMPS ~/.julia/packages/ITensorMPS/fZDBz/src/abstractmps.jl:1246
┌ Warning: norm² is 2.3508038449439472 + 5.230926961150696e-15im, which is not real up to a relative tolerance of 2.220446049250313e-15 and an absolute tolerance of 2.220446049250313e-15. Taking the real part, which may not be accurate.
└ @ ITensorMPS ~/.julia/packages/ITensorMPS/fZDBz/src/abstractmps.jl:1246
┌ Warning: log(norm²) is 0.868877044375766 + 2.6193190657826955e-15im, which is not real up to a relative tolerance of 2.220446049250313e-15 and an absolute tolerance of 2.220446049250313e-15. Taking the real part, which may not be accurate.
└ @ ITensorMPS ~/.julia/packages/ITensorMPS/fZDBz/src/abstractmps.jl:1271
┌ Warning: norm² is 6.934604929449882e9 - 2.259187637581624e-5im, which is not real up to a relative tolerance of 2.220446049250313e-15 and an absolute tolerance of 2.220446049250313e-15. Taking the real part, which may not be accurate.
└ @ ITensorMPS ~/.julia/packages/ITensorMPS/fZDBz/src/abstractmps.jl:1246
┌ Warning: norm² is 9.641294965509644e9 - 2.38952241207732e-5im, which is not real up to a relative tolerance of 2.220446049250313e-15 and an absolute tolerance of 2.220446049250313e-15. Taking the real part, which may not be accurate.
└ @ ITensorMPS ~/.julia/packages/ITensorMPS/fZDBz/src/abstractmps.jl:1246
┌ Warning: norm² is 2.4092052202830585 - 5.8844440223604366e-15im, which is not real up to a relative tolerance of 2.220446049250313e-15 and an absolute tolerance of 2.220446049250313e-15. Taking the real part, which may not be accurate.
└ @ ITensorMPS ~/.julia/packages/ITensorMPS/fZDBz/src/abstractmps.jl:1246
┌ Warning: norm² is 6.933187674039751e9 + 1.6994936462139442e-5im, which is not real up to a relative tolerance of 2.220446049250313e-15 and an absolute tolerance of 2.220446049250313e-15. Taking the real part, which may not be accurate.
└ @ ITensorMPS ~/.julia/packages/ITensorMPS/fZDBz/src/abstractmps.jl:1246
┌ Warning: norm² is 7.467737284521598e9 - 1.856519958063606e-5im, which is not real up to a relative tolerance of 2.220446049250313e-15 and an absolute tolerance of 2.220446049250313e-15. Taking the real part, which may not be accurate.
└ @ ITensorMPS ~/.julia/packages/ITensorMPS/fZDBz/src/abstractmps.jl:1246
┌ Warning: norm² is 2.375846202206733 + 7.487929365021834e-15im, which is not real up to a relative tolerance of 2.220446049250313e-15 and an absolute tolerance of 2.220446049250313e-15. Taking the real part, which may not be accurate.
└ @ ITensorMPS ~/.julia/packages/ITensorMPS/fZDBz/src/abstractmps.jl:1246
┌ Warning: norm² is 8.450720741860608e9 - 2.4861167568028007e-5im, which is not real up to a relative tolerance of 2.220446049250313e-15 and an absolute tolerance of 2.220446049250313e-15. Taking the real part, which may not be accurate.
└ @ ITensorMPS ~/.julia/packages/ITensorMPS/fZDBz/src/abstractmps.jl:1246
┌ Warning: norm² is 8.458813987764448e9 - 2.377176268173846e-5im, which is not real up to a relative tolerance of 2.220446049250313e-15 and an absolute tolerance of 2.220446049250313e-15. Taking the real part, which may not be accurate.
└ @ ITensorMPS ~/.julia/packages/ITensorMPS/fZDBz/src/abstractmps.jl:1246
┌ Warning: norm² is 8.47000897221184e9 + 2.2232780915141762e-5im, which is not real up to a relative tolerance of 2.220446049250313e-15 and an absolute tolerance of 2.220446049250313e-15. Taking the real part, which may not be accurate.
└ @ ITensorMPS ~/.julia/packages/ITensorMPS/fZDBz/src/abstractmps.jl:1246
┌ Warning: log(norm²) is 0.8543171521367419 - 2.4116858259743492e-15im, which is not real up to a relative tolerance of 2.220446049250313e-15 and an absolute tolerance of 2.220446049250313e-15. Taking the real part, which may not be accurate.
└ @ ITensorMPS ~/.julia/packages/ITensorMPS/fZDBz/src/abstractmps.jl:1271
┌ Warning: norm² is 8.455743771381204e9 + 2.1121399272596126e-5im, which is not real up to a relative tolerance of 2.220446049250313e-15 and an absolute tolerance of 2.220446049250313e-15. Taking the real part, which may not be accurate.
└ @ ITensorMPS ~/.julia/packages/ITensorMPS/fZDBz/src/abstractmps.jl:1246
┌ Warning: norm² is 2.3832361687824726 - 6.103029652868806e-15im, which is not real up to a relative tolerance of 2.220446049250313e-15 and an absolute tolerance of 2.220446049250313e-15. Taking the real part, which may not be accurate.
└ @ ITensorMPS ~/.julia/packages/ITensorMPS/fZDBz/src/abstractmps.jl:1246
┌ Warning: log(norm²) is 0.8789851821936122 - 2.320545586961551e-15im, which is not real up to a relative tolerance of 2.220446049250313e-15 and an absolute tolerance of 2.220446049250313e-15. Taking the real part, which may not be accurate.
└ @ ITensorMPS ~/.julia/packages/ITensorMPS/fZDBz/src/abstractmps.jl:1271
┌ Warning: norm² is 2.387383826350189 + 5.730964732359905e-15im, which is not real up to a relative tolerance of 2.220446049250313e-15 and an absolute tolerance of 2.220446049250313e-15. Taking the real part, which may not be accurate.
└ @ ITensorMPS ~/.julia/packages/ITensorMPS/fZDBz/src/abstractmps.jl:1246
┌ Warning: log(norm²) is 0.870198133068517 - 2.2663501946512598e-15im, which is not real up to a relative tolerance of 2.220446049250313e-15 and an absolute tolerance of 2.220446049250313e-15. Taking the real part, which may not be accurate.
└ @ ITensorMPS ~/.julia/packages/ITensorMPS/fZDBz/src/abstractmps.jl:1271
┌ Warning: norm² is 9.63935334966102e9 - 3.840251853991111e-5im, which is not real up to a relative tolerance of 2.220446049250313e-15 and an absolute tolerance of 2.220446049250313e-15. Taking the real part, which may not be accurate.
└ @ ITensorMPS ~/.julia/packages/ITensorMPS/fZDBz/src/abstractmps.jl:1246
┌ Warning: norm² is 9.647148138316248e9 + 2.4778013794171072e-5im, which is not real up to a relative tolerance of 2.220446049250313e-15 and an absolute tolerance of 2.220446049250313e-15. Taking the real part, which may not be accurate.
└ @ ITensorMPS ~/.julia/packages/ITensorMPS/fZDBz/src/abstractmps.jl:1246
┌ Warning: norm² is 2.3507707892701255 - 6.42631598578504e-15im, which is not real up to a relative tolerance of 2.220446049250313e-15 and an absolute tolerance of 2.220446049250313e-15. Taking the real part, which may not be accurate.
└ @ ITensorMPS ~/.julia/packages/ITensorMPS/fZDBz/src/abstractmps.jl:1246
┌ Warning: norm² is 2.3753490320488564 - 6.260290230952625e-15im, which is not real up to a relative tolerance of 2.220446049250313e-15 and an absolute tolerance of 2.220446049250313e-15. Taking the real part, which may not be accurate.
└ @ ITensorMPS ~/.julia/packages/ITensorMPS/fZDBz/src/abstractmps.jl:1246
┌ Warning: norm² is 7.469702187964236e9 + 2.32053865369706e-5im, which is not real up to a relative tolerance of 2.220446049250313e-15 and an absolute tolerance of 2.220446049250313e-15. Taking the real part, which may not be accurate.
└ @ ITensorMPS ~/.julia/packages/ITensorMPS/fZDBz/src/abstractmps.jl:1246
┌ Warning: log(norm²) is 0.8545671511147999 + 2.519131632911599e-15im, which is not real up to a relative tolerance of 2.220446049250313e-15 and an absolute tolerance of 2.220446049250313e-15. Taking the real part, which may not be accurate.
└ @ ITensorMPS ~/.julia/packages/ITensorMPS/fZDBz/src/abstractmps.jl:1271
┌ Warning: norm² is 8.468234290757806e9 + 2.0861157997418953e-5im, which is not real up to a relative tolerance of 2.220446049250313e-15 and an absolute tolerance of 2.220446049250313e-15. Taking the real part, which may not be accurate.
└ @ ITensorMPS ~/.julia/packages/ITensorMPS/fZDBz/src/abstractmps.jl:1246
┌ Warning: norm² is 8.471952155513218e9 - 2.8466709411221737e-5im, which is not real up to a relative tolerance of 2.220446049250313e-15 and an absolute tolerance of 2.220446049250313e-15. Taking the real part, which may not be accurate.
└ @ ITensorMPS ~/.julia/packages/ITensorMPS/fZDBz/src/abstractmps.jl:1246
┌ Warning: norm² is 9.636183413326973e9 + 3.848742133165089e-5im, which is not real up to a relative tolerance of 2.220446049250313e-15 and an absolute tolerance of 2.220446049250313e-15. Taking the real part, which may not be accurate.
└ @ ITensorMPS ~/.julia/packages/ITensorMPS/fZDBz/src/abstractmps.jl:1246
┌ Warning: log(norm²) is 0.87899876632751 - 2.427975457961602e-15im, which is not real up to a relative tolerance of 2.220446049250313e-15 and an absolute tolerance of 2.220446049250313e-15. Taking the real part, which may not be accurate.
└ @ ITensorMPS ~/.julia/packages/ITensorMPS/fZDBz/src/abstractmps.jl:1271
┌ Warning: norm² is 7.465338078041575e9 - 1.6883294344540523e-5im, which is not real up to a relative tolerance of 2.220446049250313e-15 and an absolute tolerance of 2.220446049250313e-15. Taking the real part, which may not be accurate.
└ @ ITensorMPS ~/.julia/packages/ITensorMPS/fZDBz/src/abstractmps.jl:1246
┌ Warning: norm² is 6.931403140640884e9 + 1.6459600446584034e-5im, which is not real up to a relative tolerance of 2.220446049250313e-15 and an absolute tolerance of 2.220446049250313e-15. Taking the real part, which may not be accurate.
└ @ ITensorMPS ~/.julia/packages/ITensorMPS/fZDBz/src/abstractmps.jl:1246
┌ Warning: norm² is 2.4150516132458018 - 6.202177993265085e-15im, which is not real up to a relative tolerance of 2.220446049250313e-15 and an absolute tolerance of 2.220446049250313e-15. Taking the real part, which may not be accurate.
└ @ ITensorMPS ~/.julia/packages/ITensorMPS/fZDBz/src/abstractmps.jl:1246
┌ Warning: norm² is 6.934017171221006e9 + 1.6386270731133653e-5im, which is not real up to a relative tolerance of 2.220446049250313e-15 and an absolute tolerance of 2.220446049250313e-15. Taking the real part, which may not be accurate.
└ @ ITensorMPS ~/.julia/packages/ITensorMPS/fZDBz/src/abstractmps.jl:1246
┌ Warning: norm² is 9.640577476046068e9 + 3.3213848000539386e-5im, which is not real up to a relative tolerance of 2.220446049250313e-15 and an absolute tolerance of 2.220446049250313e-15. Taking the real part, which may not be accurate.
└ @ ITensorMPS ~/.julia/packages/ITensorMPS/fZDBz/src/abstractmps.jl:1246
┌ Warning: norm² is 6.931149035114838e9 + 1.705146802154003e-5im, which is not real up to a relative tolerance of 2.220446049250313e-15 and an absolute tolerance of 2.220446049250313e-15. Taking the real part, which may not be accurate.
└ @ ITensorMPS ~/.julia/packages/ITensorMPS/fZDBz/src/abstractmps.jl:1246
┌ Warning: log(norm²) is 0.8544694951562934 + 2.4209925534226366e-15im, which is not real up to a relative tolerance of 2.220446049250313e-15 and an absolute tolerance of 2.220446049250313e-15. Taking the real part, which may not be accurate.
└ @ ITensorMPS ~/.julia/packages/ITensorMPS/fZDBz/src/abstractmps.jl:1271
┌ Warning: norm² is 2.34983382651345 + 6.9482524863787265e-15im, which is not real up to a relative tolerance of 2.220446049250313e-15 and an absolute tolerance of 2.220446049250313e-15. Taking the real part, which may not be accurate.
└ @ ITensorMPS ~/.julia/packages/ITensorMPS/fZDBz/src/abstractmps.jl:1246
┌ Warning: norm² is 2.3872657640348525 + 5.9546499453698786e-15im, which is not real up to a relative tolerance of 2.220446049250313e-15 and an absolute tolerance of 2.220446049250313e-15. Taking the real part, which may not be accurate.
└ @ ITensorMPS ~/.julia/packages/ITensorMPS/fZDBz/src/abstractmps.jl:1246
┌ Warning: norm² is 2.3491166875239196 + 5.515548063549604e-15im, which is not real up to a relative tolerance of 2.220446049250313e-15 and an absolute tolerance of 2.220446049250313e-15. Taking the real part, which may not be accurate.
└ @ ITensorMPS ~/.julia/packages/ITensorMPS/fZDBz/src/abstractmps.jl:1246
┌ Warning: norm² is 6.932676546798894e9 + 1.9422595463506823e-5im, which is not real up to a relative tolerance of 2.220446049250313e-15 and an absolute tolerance of 2.220446049250313e-15. Taking the real part, which may not be accurate.
└ @ ITensorMPS ~/.julia/packages/ITensorMPS/fZDBz/src/abstractmps.jl:1246
┌ Warning: norm² is 8.468305539203754e9 - 2.568566609624273e-5im, which is not real up to a relative tolerance of 2.220446049250313e-15 and an absolute tolerance of 2.220446049250313e-15. Taking the real part, which may not be accurate.
└ @ ITensorMPS ~/.julia/packages/ITensorMPS/fZDBz/src/abstractmps.jl:1246
┌ Warning: norm² is 2.3862381019184205 + 5.7152817834487994e-15im, which is not real up to a relative tolerance of 2.220446049250313e-15 and an absolute tolerance of 2.220446049250313e-15. Taking the real part, which may not be accurate.
└ @ ITensorMPS ~/.julia/packages/ITensorMPS/fZDBz/src/abstractmps.jl:1246
┌ Warning: log(norm²) is 0.8703327453245492 + 2.966570061288917e-15im, which is not real up to a relative tolerance of 2.220446049250313e-15 and an absolute tolerance of 2.220446049250313e-15. Taking the real part, which may not be accurate.
└ @ ITensorMPS ~/.julia/packages/ITensorMPS/fZDBz/src/abstractmps.jl:1271
┌ Warning: log(norm²) is 0.8688068059490835 + 2.5090542466779675e-15im, which is not real up to a relative tolerance of 2.220446049250313e-15 and an absolute tolerance of 2.220446049250313e-15. Taking the real part, which may not be accurate.
└ @ ITensorMPS ~/.julia/packages/ITensorMPS/fZDBz/src/abstractmps.jl:1271
┌ Warning: norm² is 2.3496356540347922 + 5.51129519577908e-15im, which is not real up to a relative tolerance of 2.220446049250313e-15 and an absolute tolerance of 2.220446049250313e-15. Taking the real part, which may not be accurate.
└ @ ITensorMPS ~/.julia/packages/ITensorMPS/fZDBz/src/abstractmps.jl:1246
┌ Warning: norm² is 2.411441342572031 - 5.65903550607583e-15im, which is not real up to a relative tolerance of 2.220446049250313e-15 and an absolute tolerance of 2.220446049250313e-15. Taking the real part, which may not be accurate.
└ @ ITensorMPS ~/.julia/packages/ITensorMPS/fZDBz/src/abstractmps.jl:1246
┌ Warning: log(norm²) is 0.8807552511824696 - 2.3232090334592268e-15im, which is not real up to a relative tolerance of 2.220446049250313e-15 and an absolute tolerance of 2.220446049250313e-15. Taking the real part, which may not be accurate.
└ @ ITensorMPS ~/.julia/packages/ITensorMPS/fZDBz/src/abstractmps.jl:1271
┌ Warning: norm² is 7.46919773166091e9 - 2.4496594831299245e-5im, which is not real up to a relative tolerance of 2.220446049250313e-15 and an absolute tolerance of 2.220446049250313e-15. Taking the real part, which may not be accurate.
└ @ ITensorMPS ~/.julia/packages/ITensorMPS/fZDBz/src/abstractmps.jl:1246
┌ Warning: norm² is 9.635773977837118e9 + 2.5441539670087274e-5im, which is not real up to a relative tolerance of 2.220446049250313e-15 and an absolute tolerance of 2.220446049250313e-15. Taking the real part, which may not be accurate.
└ @ ITensorMPS ~/.julia/packages/ITensorMPS/fZDBz/src/abstractmps.jl:1246
┌ Warning: norm² is 2.3500404099221153 - 5.5700673009597904e-15im, which is not real up to a relative tolerance of 2.220446049250313e-15 and an absolute tolerance of 2.220446049250313e-15. Taking the real part, which may not be accurate.
└ @ ITensorMPS ~/.julia/packages/ITensorMPS/fZDBz/src/abstractmps.jl:1246
┌ Warning: log(norm²) is 0.8686195495382818 - 2.476439804847292e-15im, which is not real up to a relative tolerance of 2.220446049250313e-15 and an absolute tolerance of 2.220446049250313e-15. Taking the real part, which may not be accurate.
└ @ ITensorMPS ~/.julia/packages/ITensorMPS/fZDBz/src/abstractmps.jl:1271
┌ Warning: norm² is 6.931232244201767e9 + 2.1999143383586753e-5im, which is not real up to a relative tolerance of 2.220446049250313e-15 and an absolute tolerance of 2.220446049250313e-15. Taking the real part, which may not be accurate.
└ @ ITensorMPS ~/.julia/packages/ITensorMPS/fZDBz/src/abstractmps.jl:1246
┌ Warning: log(norm²) is 0.8684817680588618 + 3.4865228276027886e-15im, which is not real up to a relative tolerance of 2.220446049250313e-15 and an absolute tolerance of 2.220446049250313e-15. Taking the real part, which may not be accurate.
└ @ ITensorMPS ~/.julia/packages/ITensorMPS/fZDBz/src/abstractmps.jl:1271
┌ Warning: log(norm²) is 0.86862319044105 - 2.8546115311724076e-15im, which is not real up to a relative tolerance of 2.220446049250313e-15 and an absolute tolerance of 2.220446049250313e-15. Taking the real part, which may not be accurate.
└ @ ITensorMPS ~/.julia/packages/ITensorMPS/fZDBz/src/abstractmps.jl:1271
┌ Warning: norm² is 9.645666666201895e9 + 2.228982136069649e-5im, which is not real up to a relative tolerance of 2.220446049250313e-15 and an absolute tolerance of 2.220446049250313e-15. Taking the real part, which may not be accurate.
└ @ ITensorMPS ~/.julia/packages/ITensorMPS/fZDBz/src/abstractmps.jl:1246
┌ Warning: log(norm²) is 0.8803260662544219 + 2.6169141146639005e-15im, which is not real up to a relative tolerance of 2.220446049250313e-15 and an absolute tolerance of 2.220446049250313e-15. Taking the real part, which may not be accurate.
└ @ ITensorMPS ~/.julia/packages/ITensorMPS/fZDBz/src/abstractmps.jl:1271
┌ Warning: norm² is 6.9342145558268e9 + 1.765008018622707e-5im, which is not real up to a relative tolerance of 2.220446049250313e-15 and an absolute tolerance of 2.220446049250313e-15. Taking the real part, which may not be accurate.
└ @ ITensorMPS ~/.julia/packages/ITensorMPS/fZDBz/src/abstractmps.jl:1246
┌ Warning: log(norm²) is 0.8800732875324409 - 2.3670160768172475e-15im, which is not real up to a relative tolerance of 2.220446049250313e-15 and an absolute tolerance of 2.220446049250313e-15. Taking the real part, which may not be accurate.
└ @ ITensorMPS ~/.julia/packages/ITensorMPS/fZDBz/src/abstractmps.jl:1271
┌ Warning: norm² is 8.452270540514844e9 - 2.214218761454572e-5im, which is not real up to a relative tolerance of 2.220446049250313e-15 and an absolute tolerance of 2.220446049250313e-15. Taking the real part, which may not be accurate.
└ @ ITensorMPS ~/.julia/packages/ITensorMPS/fZDBz/src/abstractmps.jl:1246
┌ Warning: norm² is 9.640502652158209e9 + 2.283194150722454e-5im, which is not real up to a relative tolerance of 2.220446049250313e-15 and an absolute tolerance of 2.220446049250313e-15. Taking the real part, which may not be accurate.
└ @ ITensorMPS ~/.julia/packages/ITensorMPS/fZDBz/src/abstractmps.jl:1246
┌ Warning: norm² is 9.6402574532928e9 + 2.760130132254892e-5im, which is not real up to a relative tolerance of 2.220446049250313e-15 and an absolute tolerance of 2.220446049250313e-15. Taking the real part, which may not be accurate.
└ @ ITensorMPS ~/.julia/packages/ITensorMPS/fZDBz/src/abstractmps.jl:1246
┌ Warning: norm² is 6.932511704144453e9 + 1.5398128390683407e-5im, which is not real up to a relative tolerance of 2.220446049250313e-15 and an absolute tolerance of 2.220446049250313e-15. Taking the real part, which may not be accurate.
└ @ ITensorMPS ~/.julia/packages/ITensorMPS/fZDBz/src/abstractmps.jl:1246
┌ Warning: norm² is 7.470947488629097e9 - 1.710152078578886e-5im, which is not real up to a relative tolerance of 2.220446049250313e-15 and an absolute tolerance of 2.220446049250313e-15. Taking the real part, which may not be accurate.
└ @ ITensorMPS ~/.julia/packages/ITensorMPS/fZDBz/src/abstractmps.jl:1246
┌ Warning: norm² is 6.933259509359782e9 + 1.8988743480777698e-5im, which is not real up to a relative tolerance of 2.220446049250313e-15 and an absolute tolerance of 2.220446049250313e-15. Taking the real part, which may not be accurate.
└ @ ITensorMPS ~/.julia/packages/ITensorMPS/fZDBz/src/abstractmps.jl:1246
┌ Warning: norm² is 2.3496127570113443 - 7.569807283034713e-15im, which is not real up to a relative tolerance of 2.220446049250313e-15 and an absolute tolerance of 2.220446049250313e-15. Taking the real part, which may not be accurate.
└ @ ITensorMPS ~/.julia/packages/ITensorMPS/fZDBz/src/abstractmps.jl:1246
┌ Warning: log(norm²) is 0.8792724865932076 + 3.140484146830109e-15im, which is not real up to a relative tolerance of 2.220446049250313e-15 and an absolute tolerance of 2.220446049250313e-15. Taking the real part, which may not be accurate.
└ @ ITensorMPS ~/.julia/packages/ITensorMPS/fZDBz/src/abstractmps.jl:1271
┌ Warning: log(norm²) is 0.880056803513549 - 2.221865637688368e-15im, which is not real up to a relative tolerance of 2.220446049250313e-15 and an absolute tolerance of 2.220446049250313e-15. Taking the real part, which may not be accurate.
└ @ ITensorMPS ~/.julia/packages/ITensorMPS/fZDBz/src/abstractmps.jl:1271
┌ Warning: norm² is 8.463494416858296e9 + 2.173719197574246e-5im, which is not real up to a relative tolerance of 2.220446049250313e-15 and an absolute tolerance of 2.220446049250313e-15. Taking the real part, which may not be accurate.
└ @ ITensorMPS ~/.julia/packages/ITensorMPS/fZDBz/src/abstractmps.jl:1246
┌ Warning: log(norm²) is 0.868555727262074 + 2.6498790746603474e-15im, which is not real up to a relative tolerance of 2.220446049250313e-15 and an absolute tolerance of 2.220446049250313e-15. Taking the real part, which may not be accurate.
└ @ ITensorMPS ~/.julia/packages/ITensorMPS/fZDBz/src/abstractmps.jl:1271
┌ Warning: norm² is 7.469657143938345e9 - 1.7891478524362288e-5im, which is not real up to a relative tolerance of 2.220446049250313e-15 and an absolute tolerance of 2.220446049250313e-15. Taking the real part, which may not be accurate.
└ @ ITensorMPS ~/.julia/packages/ITensorMPS/fZDBz/src/abstractmps.jl:1246
┌ Warning: norm² is 2.349791770387148 - 5.809758471004495e-15im, which is not real up to a relative tolerance of 2.220446049250313e-15 and an absolute tolerance of 2.220446049250313e-15. Taking the real part, which may not be accurate.
└ @ ITensorMPS ~/.julia/packages/ITensorMPS/fZDBz/src/abstractmps.jl:1246
┌ Warning: norm² is 2.40823671222986 - 7.029924179149867e-15im, which is not real up to a relative tolerance of 2.220446049250313e-15 and an absolute tolerance of 2.220446049250313e-15. Taking the real part, which may not be accurate.
└ @ ITensorMPS ~/.julia/packages/ITensorMPS/fZDBz/src/abstractmps.jl:1246
┌ Warning: log(norm²) is 0.8545074187759389 - 2.288468136779629e-15im, which is not real up to a relative tolerance of 2.220446049250313e-15 and an absolute tolerance of 2.220446049250313e-15. Taking the real part, which may not be accurate.
└ @ ITensorMPS ~/.julia/packages/ITensorMPS/fZDBz/src/abstractmps.jl:1271
┌ Warning: log(norm²) is 0.8647562514642472 - 2.5639140985750923e-15im, which is not real up to a relative tolerance of 2.220446049250313e-15 and an absolute tolerance of 2.220446049250313e-15. Taking the real part, which may not be accurate.
└ @ ITensorMPS ~/.julia/packages/ITensorMPS/fZDBz/src/abstractmps.jl:1271
┌ Warning: norm² is 8.458157923941383e9 - 2.252761855531633e-5im, which is not real up to a relative tolerance of 2.220446049250313e-15 and an absolute tolerance of 2.220446049250313e-15. Taking the real part, which may not be accurate.
└ @ ITensorMPS ~/.julia/packages/ITensorMPS/fZDBz/src/abstractmps.jl:1246
┌ Warning: log(norm²) is 0.8541895126041983 - 2.7314094960645083e-15im, which is not real up to a relative tolerance of 2.220446049250313e-15 and an absolute tolerance of 2.220446049250313e-15. Taking the real part, which may not be accurate.
└ @ ITensorMPS ~/.julia/packages/ITensorMPS/fZDBz/src/abstractmps.jl:1271
┌ Warning: norm² is 2.3740796554114394 - 6.248915287510768e-15im, which is not real up to a relative tolerance of 2.220446049250313e-15 and an absolute tolerance of 2.220446049250313e-15. Taking the real part, which may not be accurate.
└ @ ITensorMPS ~/.julia/packages/ITensorMPS/fZDBz/src/abstractmps.jl:1246
┌ Warning: norm² is 6.931675259255689e9 + 1.8266293785739887e-5im, which is not real up to a relative tolerance of 2.220446049250313e-15 and an absolute tolerance of 2.220446049250313e-15. Taking the real part, which may not be accurate.
└ @ ITensorMPS ~/.julia/packages/ITensorMPS/fZDBz/src/abstractmps.jl:1246
┌ Warning: norm² is 6.932721134242785e9 + 2.2009947177233702e-5im, which is not real up to a relative tolerance of 2.220446049250313e-15 and an absolute tolerance of 2.220446049250313e-15. Taking the real part, which may not be accurate.
└ @ ITensorMPS ~/.julia/packages/ITensorMPS/fZDBz/src/abstractmps.jl:1246
┌ Warning: norm² is 6.932193766308326e9 - 2.6056025149576858e-5im, which is not real up to a relative tolerance of 2.220446049250313e-15 and an absolute tolerance of 2.220446049250313e-15. Taking the real part, which may not be accurate.
└ @ ITensorMPS ~/.julia/packages/ITensorMPS/fZDBz/src/abstractmps.jl:1246
┌ Warning: norm² is 7.466156811261356e9 + 1.830190376224545e-5im, which is not real up to a relative tolerance of 2.220446049250313e-15 and an absolute tolerance of 2.220446049250313e-15. Taking the real part, which may not be accurate.
└ @ ITensorMPS ~/.julia/packages/ITensorMPS/fZDBz/src/abstractmps.jl:1246
┌ Warning: norm² is 7.466491174129306e9 + 2.017666485328289e-5im, which is not real up to a relative tolerance of 2.220446049250313e-15 and an absolute tolerance of 2.220446049250313e-15. Taking the real part, which may not be accurate.
└ @ ITensorMPS ~/.julia/packages/ITensorMPS/fZDBz/src/abstractmps.jl:1246
┌ Warning: norm² is 9.640824779055962e9 - 2.440986502201663e-5im, which is not real up to a relative tolerance of 2.220446049250313e-15 and an absolute tolerance of 2.220446049250313e-15. Taking the real part, which may not be accurate.
└ @ ITensorMPS ~/.julia/packages/ITensorMPS/fZDBz/src/abstractmps.jl:1246
┌ Warning: norm² is 7.467423420125371e9 + 1.7709149664119913e-5im, which is not real up to a relative tolerance of 2.220446049250313e-15 and an absolute tolerance of 2.220446049250313e-15. Taking the real part, which may not be accurate.
└ @ ITensorMPS ~/.julia/packages/ITensorMPS/fZDBz/src/abstractmps.jl:1246
┌ Warning: norm² is 9.641106459628366e9 + 2.614476564576899e-5im, which is not real up to a relative tolerance of 2.220446049250313e-15 and an absolute tolerance of 2.220446049250313e-15. Taking the real part, which may not be accurate.
└ @ ITensorMPS ~/.julia/packages/ITensorMPS/fZDBz/src/abstractmps.jl:1246
┌ Warning: norm² is 7.463973972662004e9 + 1.8184079183490278e-5im, which is not real up to a relative tolerance of 2.220446049250313e-15 and an absolute tolerance of 2.220446049250313e-15. Taking the real part, which may not be accurate.
└ @ ITensorMPS ~/.julia/packages/ITensorMPS/fZDBz/src/abstractmps.jl:1246
┌ Warning: log(norm²) is 0.8694346896779266 + 2.3004983988098744e-15im, which is not real up to a relative tolerance of 2.220446049250313e-15 and an absolute tolerance of 2.220446049250313e-15. Taking the real part, which may not be accurate.
└ @ ITensorMPS ~/.julia/packages/ITensorMPS/fZDBz/src/abstractmps.jl:1271
┌ Warning: norm² is 6.934836157645885e9 - 1.5786111497355972e-5im, which is not real up to a relative tolerance of 2.220446049250313e-15 and an absolute tolerance of 2.220446049250313e-15. Taking the real part, which may not be accurate.
└ @ ITensorMPS ~/.julia/packages/ITensorMPS/fZDBz/src/abstractmps.jl:1246
┌ Warning: norm² is 2.375861056258879 + 5.560035398140575e-15im, which is not real up to a relative tolerance of 2.220446049250313e-15 and an absolute tolerance of 2.220446049250313e-15. Taking the real part, which may not be accurate.
└ @ ITensorMPS ~/.julia/packages/ITensorMPS/fZDBz/src/abstractmps.jl:1246
┌ Warning: norm² is 8.456071439402538e9 + 2.1929733516196387e-5im, which is not real up to a relative tolerance of 2.220446049250313e-15 and an absolute tolerance of 2.220446049250313e-15. Taking the real part, which may not be accurate.
└ @ ITensorMPS ~/.julia/packages/ITensorMPS/fZDBz/src/abstractmps.jl:1246
┌ Warning: norm² is 6.931591008967056e9 + 2.1583687431877952e-5im, which is not real up to a relative tolerance of 2.220446049250313e-15 and an absolute tolerance of 2.220446049250313e-15. Taking the real part, which may not be accurate.
└ @ ITensorMPS ~/.julia/packages/ITensorMPS/fZDBz/src/abstractmps.jl:1246
┌ Warning: log(norm²) is 0.8543238134487218 - 2.585200537195445e-15im, which is not real up to a relative tolerance of 2.220446049250313e-15 and an absolute tolerance of 2.220446049250313e-15. Taking the real part, which may not be accurate.
└ @ ITensorMPS ~/.julia/packages/ITensorMPS/fZDBz/src/abstractmps.jl:1271
┌ Warning: log(norm²) is 0.8806520132274678 + 2.3241713719627516e-15im, which is not real up to a relative tolerance of 2.220446049250313e-15 and an absolute tolerance of 2.220446049250313e-15. Taking the real part, which may not be accurate.
└ @ ITensorMPS ~/.julia/packages/ITensorMPS/fZDBz/src/abstractmps.jl:1271
┌ Warning: norm² is 7.463909771997209e9 + 2.453163335981485e-5im, which is not real up to a relative tolerance of 2.220446049250313e-15 and an absolute tolerance of 2.220446049250313e-15. Taking the real part, which may not be accurate.
└ @ ITensorMPS ~/.julia/packages/ITensorMPS/fZDBz/src/abstractmps.jl:1246
┌ Warning: norm² is 6.93488595681926e9 + 1.764737958269692e-5im, which is not real up to a relative tolerance of 2.220446049250313e-15 and an absolute tolerance of 2.220446049250313e-15. Taking the real part, which may not be accurate.
└ @ ITensorMPS ~/.julia/packages/ITensorMPS/fZDBz/src/abstractmps.jl:1246
┌ Warning: norm² is 2.4116917752304103 + 5.517145517306394e-15im, which is not real up to a relative tolerance of 2.220446049250313e-15 and an absolute tolerance of 2.220446049250313e-15. Taking the real part, which may not be accurate.
└ @ ITensorMPS ~/.julia/packages/ITensorMPS/fZDBz/src/abstractmps.jl:1246
┌ Warning: log(norm²) is 0.8683807695087896 - 2.8151320626178133e-15im, which is not real up to a relative tolerance of 2.220446049250313e-15 and an absolute tolerance of 2.220446049250313e-15. Taking the real part, which may not be accurate.
└ @ ITensorMPS ~/.julia/packages/ITensorMPS/fZDBz/src/abstractmps.jl:1271
┌ Warning: log(norm²) is 0.8680280778761288 - 2.8520233160184675e-15im, which is not real up to a relative tolerance of 2.220446049250313e-15 and an absolute tolerance of 2.220446049250313e-15. Taking the real part, which may not be accurate.
└ @ ITensorMPS ~/.julia/packages/ITensorMPS/fZDBz/src/abstractmps.jl:1271
┌ Warning: norm² is 2.4082707335825324 + 5.5052310789977936e-15im, which is not real up to a relative tolerance of 2.220446049250313e-15 and an absolute tolerance of 2.220446049250313e-15. Taking the real part, which may not be accurate.
└ @ ITensorMPS ~/.julia/packages/ITensorMPS/fZDBz/src/abstractmps.jl:1246
┌ Warning: norm² is 7.471786600648649e9 - 1.7421593458744594e-5im, which is not real up to a relative tolerance of 2.220446049250313e-15 and an absolute tolerance of 2.220446049250313e-15. Taking the real part, which may not be accurate.
└ @ ITensorMPS ~/.julia/packages/ITensorMPS/fZDBz/src/abstractmps.jl:1246
┌ Warning: norm² is 2.35022676221102 + 5.296143040216918e-15im, which is not real up to a relative tolerance of 2.220446049250313e-15 and an absolute tolerance of 2.220446049250313e-15. Taking the real part, which may not be accurate.
└ @ ITensorMPS ~/.julia/packages/ITensorMPS/fZDBz/src/abstractmps.jl:1246
┌ Warning: log(norm²) is 0.8791282308351451 - 3.409222324473651e-15im, which is not real up to a relative tolerance of 2.220446049250313e-15 and an absolute tolerance of 2.220446049250313e-15. Taking the real part, which may not be accurate.
└ @ ITensorMPS ~/.julia/packages/ITensorMPS/fZDBz/src/abstractmps.jl:1271
┌ Warning: log(norm²) is 0.8648268026609084 + 2.2333112431841145e-15im, which is not real up to a relative tolerance of 2.220446049250313e-15 and an absolute tolerance of 2.220446049250313e-15. Taking the real part, which may not be accurate.
└ @ ITensorMPS ~/.julia/packages/ITensorMPS/fZDBz/src/abstractmps.jl:1271
┌ Warning: norm² is 8.455647990236143e9 - 1.995387406275496e-5im, which is not real up to a relative tolerance of 2.220446049250313e-15 and an absolute tolerance of 2.220446049250313e-15. Taking the real part, which may not be accurate.
└ @ ITensorMPS ~/.julia/packages/ITensorMPS/fZDBz/src/abstractmps.jl:1246
┌ Warning: norm² is 2.3834166807845265 - 6.2185176270174506e-15im, which is not real up to a relative tolerance of 2.220446049250313e-15 and an absolute tolerance of 2.220446049250313e-15. Taking the real part, which may not be accurate.
└ @ ITensorMPS ~/.julia/packages/ITensorMPS/fZDBz/src/abstractmps.jl:1246
┌ Warning: log(norm²) is 0.8648576869918977 + 2.817951485747448e-15im, which is not real up to a relative tolerance of 2.220446049250313e-15 and an absolute tolerance of 2.220446049250313e-15. Taking the real part, which may not be accurate.
└ @ ITensorMPS ~/.julia/packages/ITensorMPS/fZDBz/src/abstractmps.jl:1271
┌ Warning: log(norm²) is 0.8791344645925767 - 2.833167253116042e-15im, which is not real up to a relative tolerance of 2.220446049250313e-15 and an absolute tolerance of 2.220446049250313e-15. Taking the real part, which may not be accurate.
└ @ ITensorMPS ~/.julia/packages/ITensorMPS/fZDBz/src/abstractmps.jl:1271
┌ Warning: norm² is 2.3852998513315247 - 5.8195779955093566e-15im, which is not real up to a relative tolerance of 2.220446049250313e-15 and an absolute tolerance of 2.220446049250313e-15. Taking the real part, which may not be accurate.
└ @ ITensorMPS ~/.julia/packages/ITensorMPS/fZDBz/src/abstractmps.jl:1246
┌ Warning: norm² is 8.459411712285667e9 - 1.9210210540437807e-5im, which is not real up to a relative tolerance of 2.220446049250313e-15 and an absolute tolerance of 2.220446049250313e-15. Taking the real part, which may not be accurate.
└ @ ITensorMPS ~/.julia/packages/ITensorMPS/fZDBz/src/abstractmps.jl:1246
┌ Warning: norm² is 9.639960387288847e9 - 2.4616261344517306e-5im, which is not real up to a relative tolerance of 2.220446049250313e-15 and an absolute tolerance of 2.220446049250313e-15. Taking the real part, which may not be accurate.
└ @ ITensorMPS ~/.julia/packages/ITensorMPS/fZDBz/src/abstractmps.jl:1246
┌ Warning: norm² is 2.3833920227492658 - 6.2314179692797615e-15im, which is not real up to a relative tolerance of 2.220446049250313e-15 and an absolute tolerance of 2.220446049250313e-15. Taking the real part, which may not be accurate.
└ @ ITensorMPS ~/.julia/packages/ITensorMPS/fZDBz/src/abstractmps.jl:1246
┌ Warning: norm² is 8.456133538498307e9 + 2.3273446699357275e-5im, which is not real up to a relative tolerance of 2.220446049250313e-15 and an absolute tolerance of 2.220446049250313e-15. Taking the real part, which may not be accurate.
└ @ ITensorMPS ~/.julia/packages/ITensorMPS/fZDBz/src/abstractmps.jl:1246
┌ Warning: log(norm²) is 0.8648536749794841 + 2.804274529627906e-15im, which is not real up to a relative tolerance of 2.220446049250313e-15 and an absolute tolerance of 2.220446049250313e-15. Taking the real part, which may not be accurate.
└ @ ITensorMPS ~/.julia/packages/ITensorMPS/fZDBz/src/abstractmps.jl:1271
┌ Warning: norm² is 7.467466641560536e9 + 2.0511476202600404e-5im, which is not real up to a relative tolerance of 2.220446049250313e-15 and an absolute tolerance of 2.220446049250313e-15. Taking the real part, which may not be accurate.
└ @ ITensorMPS ~/.julia/packages/ITensorMPS/fZDBz/src/abstractmps.jl:1246
┌ Warning: norm² is 7.465608718736586e9 + 2.2492281822712737e-5im, which is not real up to a relative tolerance of 2.220446049250313e-15 and an absolute tolerance of 2.220446049250313e-15. Taking the real part, which may not be accurate.
└ @ ITensorMPS ~/.julia/packages/ITensorMPS/fZDBz/src/abstractmps.jl:1246
┌ Warning: log(norm²) is 0.868965696477667 - 2.3056920705905076e-15im, which is not real up to a relative tolerance of 2.220446049250313e-15 and an absolute tolerance of 2.220446049250313e-15. Taking the real part, which may not be accurate.
└ @ ITensorMPS ~/.julia/packages/ITensorMPS/fZDBz/src/abstractmps.jl:1271
┌ Warning: norm² is 8.460316493476762e9 + 2.0772798939615735e-5im, which is not real up to a relative tolerance of 2.220446049250313e-15 and an absolute tolerance of 2.220446049250313e-15. Taking the real part, which may not be accurate.
└ @ ITensorMPS ~/.julia/packages/ITensorMPS/fZDBz/src/abstractmps.jl:1246
┌ Warning: norm² is 2.410168059413162 + 5.7391908049527495e-15im, which is not real up to a relative tolerance of 2.220446049250313e-15 and an absolute tolerance of 2.220446049250313e-15. Taking the real part, which may not be accurate.
└ @ ITensorMPS ~/.julia/packages/ITensorMPS/fZDBz/src/abstractmps.jl:1246
┌ Warning: norm² is 8.456209349195626e9 + 2.161397488272001e-5im, which is not real up to a relative tolerance of 2.220446049250313e-15 and an absolute tolerance of 2.220446049250313e-15. Taking the real part, which may not be accurate.
└ @ ITensorMPS ~/.julia/packages/ITensorMPS/fZDBz/src/abstractmps.jl:1246
┌ Warning: norm² is 7.464786487381825e9 + 1.801205523262725e-5im, which is not real up to a relative tolerance of 2.220446049250313e-15 and an absolute tolerance of 2.220446049250313e-15. Taking the real part, which may not be accurate.
└ @ ITensorMPS ~/.julia/packages/ITensorMPS/fZDBz/src/abstractmps.jl:1246
┌ Warning: norm² is 9.646325537426954e9 - 2.2059268115534172e-5im, which is not real up to a relative tolerance of 2.220446049250313e-15 and an absolute tolerance of 2.220446049250313e-15. Taking the real part, which may not be accurate.
└ @ ITensorMPS ~/.julia/packages/ITensorMPS/fZDBz/src/abstractmps.jl:1246
┌ Warning: log(norm²) is 0.8798276391354932 - 2.2754834222405e-15im, which is not real up to a relative tolerance of 2.220446049250313e-15 and an absolute tolerance of 2.220446049250313e-15. Taking the real part, which may not be accurate.
└ @ ITensorMPS ~/.julia/packages/ITensorMPS/fZDBz/src/abstractmps.jl:1271
┌ Warning: log(norm²) is 0.8544793016878814 + 2.7193375401043598e-15im, which is not real up to a relative tolerance of 2.220446049250313e-15 and an absolute tolerance of 2.220446049250313e-15. Taking the real part, which may not be accurate.
└ @ ITensorMPS ~/.julia/packages/ITensorMPS/fZDBz/src/abstractmps.jl:1271
┌ Warning: norm² is 9.642604934747292e9 - 2.9820358759602154e-5im, which is not real up to a relative tolerance of 2.220446049250313e-15 and an absolute tolerance of 2.220446049250313e-15. Taking the real part, which may not be accurate.
└ @ ITensorMPS ~/.julia/packages/ITensorMPS/fZDBz/src/abstractmps.jl:1246
┌ Warning: norm² is 7.468823940785273e9 - 1.7613416591130908e-5im, which is not real up to a relative tolerance of 2.220446049250313e-15 and an absolute tolerance of 2.220446049250313e-15. Taking the real part, which may not be accurate.
└ @ ITensorMPS ~/.julia/packages/ITensorMPS/fZDBz/src/abstractmps.jl:1246
┌ Warning: log(norm²) is 0.8652375792156047 + 2.2384402907008525e-15im, which is not real up to a relative tolerance of 2.220446049250313e-15 and an absolute tolerance of 2.220446049250313e-15. Taking the real part, which may not be accurate.
└ @ ITensorMPS ~/.julia/packages/ITensorMPS/fZDBz/src/abstractmps.jl:1271
┌ Warning: norm² is 7.467928242503775e9 - 2.0642468324819754e-5im, which is not real up to a relative tolerance of 2.220446049250313e-15 and an absolute tolerance of 2.220446049250313e-15. Taking the real part, which may not be accurate.
└ @ ITensorMPS ~/.julia/packages/ITensorMPS/fZDBz/src/abstractmps.jl:1246
┌ Warning: norm² is 2.410093648473563 - 5.505568722698538e-15im, which is not real up to a relative tolerance of 2.220446049250313e-15 and an absolute tolerance of 2.220446049250313e-15. Taking the real part, which may not be accurate.
└ @ ITensorMPS ~/.julia/packages/ITensorMPS/fZDBz/src/abstractmps.jl:1246
┌ Warning: norm² is 6.933444961755478e9 - 1.8852729240763948e-5im, which is not real up to a relative tolerance of 2.220446049250313e-15 and an absolute tolerance of 2.220446049250313e-15. Taking the real part, which may not be accurate.
└ @ ITensorMPS ~/.julia/packages/ITensorMPS/fZDBz/src/abstractmps.jl:1246
┌ Warning: norm² is 8.4559117610412445e9 - 2.077296509603401e-5im, which is not real up to a relative tolerance of 2.220446049250313e-15 and an absolute tolerance of 2.220446049250313e-15. Taking the real part, which may not be accurate.
└ @ ITensorMPS ~/.julia/packages/ITensorMPS/fZDBz/src/abstractmps.jl:1246
┌ Warning: norm² is 7.472723847842384e9 + 1.9991126391467586e-5im, which is not real up to a relative tolerance of 2.220446049250313e-15 and an absolute tolerance of 2.220446049250313e-15. Taking the real part, which may not be accurate.
└ @ ITensorMPS ~/.julia/packages/ITensorMPS/fZDBz/src/abstractmps.jl:1246
┌ Warning: norm² is 2.3847787491083645 + 6.48529381945552e-15im, which is not real up to a relative tolerance of 2.220446049250313e-15 and an absolute tolerance of 2.220446049250313e-15. Taking the real part, which may not be accurate.
└ @ ITensorMPS ~/.julia/packages/ITensorMPS/fZDBz/src/abstractmps.jl:1246
┌ Warning: log(norm²) is 0.865045175075618 - 3.0744737245979387e-15im, which is not real up to a relative tolerance of 2.220446049250313e-15 and an absolute tolerance of 2.220446049250313e-15. Taking the real part, which may not be accurate.
└ @ ITensorMPS ~/.julia/packages/ITensorMPS/fZDBz/src/abstractmps.jl:1271
┌ Warning: log(norm²) is 0.8802556464527831 - 2.4430199777595676e-15im, which is not real up to a relative tolerance of 2.220446049250313e-15 and an absolute tolerance of 2.220446049250313e-15. Taking the real part, which may not be accurate.
└ @ ITensorMPS ~/.julia/packages/ITensorMPS/fZDBz/src/abstractmps.jl:1271
┌ Warning: norm² is 6.931859893413609e9 + 1.8584915017863196e-5im, which is not real up to a relative tolerance of 2.220446049250313e-15 and an absolute tolerance of 2.220446049250313e-15. Taking the real part, which may not be accurate.
└ @ ITensorMPS ~/.julia/packages/ITensorMPS/fZDBz/src/abstractmps.jl:1246
┌ Warning: norm² is 6.934259189277448e9 + 1.690057426538628e-5im, which is not real up to a relative tolerance of 2.220446049250313e-15 and an absolute tolerance of 2.220446049250313e-15. Taking the real part, which may not be accurate.
└ @ ITensorMPS ~/.julia/packages/ITensorMPS/fZDBz/src/abstractmps.jl:1246
┌ Warning: norm² is 2.374585878707167 - 5.7457232164602715e-15im, which is not real up to a relative tolerance of 2.220446049250313e-15 and an absolute tolerance of 2.220446049250313e-15. Taking the real part, which may not be accurate.
└ @ ITensorMPS ~/.julia/packages/ITensorMPS/fZDBz/src/abstractmps.jl:1246
┌ Warning: log(norm²) is 0.854208558433653 + 2.2304648376501185e-15im, which is not real up to a relative tolerance of 2.220446049250313e-15 and an absolute tolerance of 2.220446049250313e-15. Taking the real part, which may not be accurate.
└ @ ITensorMPS ~/.julia/packages/ITensorMPS/fZDBz/src/abstractmps.jl:1271
┌ Warning: norm² is 2.4107665854879534 + 5.499710146283984e-15im, which is not real up to a relative tolerance of 2.220446049250313e-15 and an absolute tolerance of 2.220446049250313e-15. Taking the real part, which may not be accurate.
└ @ ITensorMPS ~/.julia/packages/ITensorMPS/fZDBz/src/abstractmps.jl:1246
┌ Warning: log(norm²) is 0.8794608918305211 + 2.2233632223266546e-15im, which is not real up to a relative tolerance of 2.220446049250313e-15 and an absolute tolerance of 2.220446049250313e-15. Taking the real part, which may not be accurate.
└ @ ITensorMPS ~/.julia/packages/ITensorMPS/fZDBz/src/abstractmps.jl:1271
┌ Warning: norm² is 6.935082312330198e9 + 1.927660631257793e-5im, which is not real up to a relative tolerance of 2.220446049250313e-15 and an absolute tolerance of 2.220446049250313e-15. Taking the real part, which may not be accurate.
└ @ ITensorMPS ~/.julia/packages/ITensorMPS/fZDBz/src/abstractmps.jl:1246
┌ Warning: norm² is 2.3832317564022847 - 5.318633391668439e-15im, which is not real up to a relative tolerance of 2.220446049250313e-15 and an absolute tolerance of 2.220446049250313e-15. Taking the real part, which may not be accurate.
└ @ ITensorMPS ~/.julia/packages/ITensorMPS/fZDBz/src/abstractmps.jl:1246
┌ Warning: norm² is 2.3859022380609556 + 5.525735373511408e-15im, which is not real up to a relative tolerance of 2.220446049250313e-15 and an absolute tolerance of 2.220446049250313e-15. Taking the real part, which may not be accurate.
└ @ ITensorMPS ~/.julia/packages/ITensorMPS/fZDBz/src/abstractmps.jl:1246
┌ Warning: norm² is 9.640201584005402e9 - 2.9701248670469713e-5im, which is not real up to a relative tolerance of 2.220446049250313e-15 and an absolute tolerance of 2.220446049250313e-15. Taking the real part, which may not be accurate.
└ @ ITensorMPS ~/.julia/packages/ITensorMPS/fZDBz/src/abstractmps.jl:1246
┌ Warning: norm² is 2.4099828073495977 + 7.365452548248316e-15im, which is not real up to a relative tolerance of 2.220446049250313e-15 and an absolute tolerance of 2.220446049250313e-15. Taking the real part, which may not be accurate.
└ @ ITensorMPS ~/.julia/packages/ITensorMPS/fZDBz/src/abstractmps.jl:1246
┌ Warning: norm² is 6.93116444969294e9 + 2.3431740123393406e-5im, which is not real up to a relative tolerance of 2.220446049250313e-15 and an absolute tolerance of 2.220446049250313e-15. Taking the real part, which may not be accurate.
└ @ ITensorMPS ~/.julia/packages/ITensorMPS/fZDBz/src/abstractmps.jl:1246
┌ Warning: norm² is 2.3744240776855596 + 5.6604220941460535e-15im, which is not real up to a relative tolerance of 2.220446049250313e-15 and an absolute tolerance of 2.220446049250313e-15. Taking the real part, which may not be accurate.
└ @ ITensorMPS ~/.julia/packages/ITensorMPS/fZDBz/src/abstractmps.jl:1246
┌ Warning: norm² is 2.41133253075136 - 7.075072012155214e-15im, which is not real up to a relative tolerance of 2.220446049250313e-15 and an absolute tolerance of 2.220446049250313e-15. Taking the real part, which may not be accurate.
└ @ ITensorMPS ~/.julia/packages/ITensorMPS/fZDBz/src/abstractmps.jl:1246
┌ Warning: log(norm²) is 0.880179512024317 + 2.2451598710445816e-15im, which is not real up to a relative tolerance of 2.220446049250313e-15 and an absolute tolerance of 2.220446049250313e-15. Taking the real part, which may not be accurate.
└ @ ITensorMPS ~/.julia/packages/ITensorMPS/fZDBz/src/abstractmps.jl:1271
┌ Warning: norm² is 7.466961068802498e9 - 1.7647480036436378e-5im, which is not real up to a relative tolerance of 2.220446049250313e-15 and an absolute tolerance of 2.220446049250313e-15. Taking the real part, which may not be accurate.
└ @ ITensorMPS ~/.julia/packages/ITensorMPS/fZDBz/src/abstractmps.jl:1246
┌ Warning: norm² is 6.930760970749938e9 - 2.395329434210407e-5im, which is not real up to a relative tolerance of 2.220446049250313e-15 and an absolute tolerance of 2.220446049250313e-15. Taking the real part, which may not be accurate.
└ @ ITensorMPS ~/.julia/packages/ITensorMPS/fZDBz/src/abstractmps.jl:1246
┌ Warning: log(norm²) is 0.8651277302755782 + 2.940452160215912e-15im, which is not real up to a relative tolerance of 2.220446049250313e-15 and an absolute tolerance of 2.220446049250313e-15. Taking the real part, which may not be accurate.
└ @ ITensorMPS ~/.julia/packages/ITensorMPS/fZDBz/src/abstractmps.jl:1271
┌ Warning: norm² is 9.651313222818867e9 - 3.0472209797157334e-5im, which is not real up to a relative tolerance of 2.220446049250313e-15 and an absolute tolerance of 2.220446049250313e-15. Taking the real part, which may not be accurate.
└ @ ITensorMPS ~/.julia/packages/ITensorMPS/fZDBz/src/abstractmps.jl:1246
┌ Warning: norm² is 6.931117562931582e9 + 1.7200585286927845e-5im, which is not real up to a relative tolerance of 2.220446049250313e-15 and an absolute tolerance of 2.220446049250313e-15. Taking the real part, which may not be accurate.
└ @ ITensorMPS ~/.julia/packages/ITensorMPS/fZDBz/src/abstractmps.jl:1246
┌ Warning: norm² is 2.3831817759637937 - 5.29424412008446e-15im, which is not real up to a relative tolerance of 2.220446049250313e-15 and an absolute tolerance of 2.220446049250313e-15. Taking the real part, which may not be accurate.
└ @ ITensorMPS ~/.julia/packages/ITensorMPS/fZDBz/src/abstractmps.jl:1246
┌ Warning: log(norm²) is 0.8687283293475625 + 2.27631497121473e-15im, which is not real up to a relative tolerance of 2.220446049250313e-15 and an absolute tolerance of 2.220446049250313e-15. Taking the real part, which may not be accurate.
└ @ ITensorMPS ~/.julia/packages/ITensorMPS/fZDBz/src/abstractmps.jl:1271
┌ Warning: norm² is 9.641996610763811e9 - 2.31062467021603e-5im, which is not real up to a relative tolerance of 2.220446049250313e-15 and an absolute tolerance of 2.220446049250313e-15. Taking the real part, which may not be accurate.
└ @ ITensorMPS ~/.julia/packages/ITensorMPS/fZDBz/src/abstractmps.jl:1246
┌ Warning: norm² is 7.461515020081912e9 + 1.669155218992974e-5im, which is not real up to a relative tolerance of 2.220446049250313e-15 and an absolute tolerance of 2.220446049250313e-15. Taking the real part, which may not be accurate.
└ @ ITensorMPS ~/.julia/packages/ITensorMPS/fZDBz/src/abstractmps.jl:1246
┌ Warning: norm² is 9.642898961950281e9 + 2.406304462588504e-5im, which is not real up to a relative tolerance of 2.220446049250313e-15 and an absolute tolerance of 2.220446049250313e-15. Taking the real part, which may not be accurate.
└ @ ITensorMPS ~/.julia/packages/ITensorMPS/fZDBz/src/abstractmps.jl:1246
┌ Warning: norm² is 9.647049611700583e9 - 2.384175173963998e-5im, which is not real up to a relative tolerance of 2.220446049250313e-15 and an absolute tolerance of 2.220446049250313e-15. Taking the real part, which may not be accurate.
└ @ ITensorMPS ~/.julia/packages/ITensorMPS/fZDBz/src/abstractmps.jl:1246
┌ Warning: norm² is 9.64263856176339e9 + 3.261674807021017e-5im, which is not real up to a relative tolerance of 2.220446049250313e-15 and an absolute tolerance of 2.220446049250313e-15. Taking the real part, which may not be accurate.
└ @ ITensorMPS ~/.julia/packages/ITensorMPS/fZDBz/src/abstractmps.jl:1246
┌ Warning: log(norm²) is 0.8807220214357298 + 2.6459180053478385e-15im, which is not real up to a relative tolerance of 2.220446049250313e-15 and an absolute tolerance of 2.220446049250313e-15. Taking the real part, which may not be accurate.
└ @ ITensorMPS ~/.julia/packages/ITensorMPS/fZDBz/src/abstractmps.jl:1271
┌ Warning: norm² is 7.468627759066678e9 + 1.691390994052055e-5im, which is not real up to a relative tolerance of 2.220446049250313e-15 and an absolute tolerance of 2.220446049250313e-15. Taking the real part, which may not be accurate.
└ @ ITensorMPS ~/.julia/packages/ITensorMPS/fZDBz/src/abstractmps.jl:1246
┌ Warning: norm² is 9.634184605996939e9 + 2.2214355698692388e-5im, which is not real up to a relative tolerance of 2.220446049250313e-15 and an absolute tolerance of 2.220446049250313e-15. Taking the real part, which may not be accurate.
└ @ ITensorMPS ~/.julia/packages/ITensorMPS/fZDBz/src/abstractmps.jl:1246
┌ Warning: norm² is 6.930970259051772e9 - 1.5925310512199087e-5im, which is not real up to a relative tolerance of 2.220446049250313e-15 and an absolute tolerance of 2.220446049250313e-15. Taking the real part, which may not be accurate.
└ @ ITensorMPS ~/.julia/packages/ITensorMPS/fZDBz/src/abstractmps.jl:1246
┌ Warning: norm² is 2.385265233330147 + 5.666086514349617e-15im, which is not real up to a relative tolerance of 2.220446049250313e-15 and an absolute tolerance of 2.220446049250313e-15. Taking the real part, which may not be accurate.
└ @ ITensorMPS ~/.julia/packages/ITensorMPS/fZDBz/src/abstractmps.jl:1246
┌ Warning: norm² is 9.641726962823738e9 - 2.636004726259619e-5im, which is not real up to a relative tolerance of 2.220446049250313e-15 and an absolute tolerance of 2.220446049250313e-15. Taking the real part, which may not be accurate.
└ @ ITensorMPS ~/.julia/packages/ITensorMPS/fZDBz/src/abstractmps.jl:1246
┌ Warning: norm² is 6.931790171346312e9 + 1.7121714957719487e-5im, which is not real up to a relative tolerance of 2.220446049250313e-15 and an absolute tolerance of 2.220446049250313e-15. Taking the real part, which may not be accurate.
└ @ ITensorMPS ~/.julia/packages/ITensorMPS/fZDBz/src/abstractmps.jl:1246
┌ Warning: log(norm²) is 0.8797798796583409 + 2.670785807516212e-15im, which is not real up to a relative tolerance of 2.220446049250313e-15 and an absolute tolerance of 2.220446049250313e-15. Taking the real part, which may not be accurate.
└ @ ITensorMPS ~/.julia/packages/ITensorMPS/fZDBz/src/abstractmps.jl:1271
┌ Warning: norm² is 9.647989624877842e9 - 2.600638858807395e-5im, which is not real up to a relative tolerance of 2.220446049250313e-15 and an absolute tolerance of 2.220446049250313e-15. Taking the real part, which may not be accurate.
└ @ ITensorMPS ~/.julia/packages/ITensorMPS/fZDBz/src/abstractmps.jl:1246
┌ Warning: norm² is 63579.76474947361 + 1.6004740135875808e-10im, which is not real up to a relative tolerance of 2.220446049250313e-15 and an absolute tolerance of 2.220446049250313e-15. Taking the real part, which may not be accurate.
└ @ ITensorMPS ~/.julia/packages/ITensorMPS/fZDBz/src/abstractmps.jl:1246
[ Info: [cut_tight] T=9.0  stuck@1529  |θ0|=1.5526  peak=0.7029  r=[1.8e-05,1.6e-05,1.9e-05,1.7e-05]  15088s
