load JULIA/1.12.0 (PATH, LD_LIBRARY_PATH, LIBRARY_PATH, C_INCLUDE_PATH,
CPLUS_INCLUDE_PATH, MANPATH) 
[ Info: Checking symmetry MPO tensor on physical(space) => bond(time) indices
┌ Warning: Tensor *not* symmetric (dim=2|id=194|"S=1/2,Site") <-> (dim=2|id=194|"S=1/2,Site")', normdiff = 0.27616420236277306
└ @ ITransverse ~/.julia/packages/ITransverse/8pmYI/src/ITenUtils/itensor_utils.jl:93
[ Info: Checking symmetry MPO tensor on bond(space) => phys(time) indices
┌ Warning: Tensor *not* symmetric (dim=7|id=913|"Link,l=1") <-> (dim=7|id=225|"Link,l=2"), normdiff = 1.3391131620216266
└ @ ITransverse ~/.julia/packages/ITransverse/8pmYI/src/ITenUtils/itensor_utils.jl:93
[ Info: Checking symmetry MPO tensor on physical(space) => bond(time) indices
┌ Warning: Tensor *not* symmetric (dim=2|id=941|"S=1/2,Site") <-> (dim=2|id=941|"S=1/2,Site")', normdiff = 0.27616420236277306
└ @ ITransverse ~/.julia/packages/ITransverse/8pmYI/src/ITenUtils/itensor_utils.jl:93
[ Info: Checking symmetry MPO tensor on bond(space) => phys(time) indices
┌ Warning: Tensor *not* symmetric (dim=7|id=420|"Link,l=1") <-> (dim=7|id=751|"Link,l=2"), normdiff = 1.5642546233009471
└ @ ITransverse ~/.julia/packages/ITransverse/8pmYI/src/ITenUtils/itensor_utils.jl:93
┌ Warning: norm² is 1.8962484619623645e11 - 0.0005255002825327315im, which is not real up to a relative tolerance of 2.220446049250313e-15 and an absolute tolerance of 2.220446049250313e-15. Taking the real part, which may not be accurate.
└ @ ITensorMPS ~/.julia/packages/ITensorMPS/fZDBz/src/abstractmps.jl:1246
┌ Warning: norm² is 1.8722903538260742e11 + 0.0005110081021374863im, which is not real up to a relative tolerance of 2.220446049250313e-15 and an absolute tolerance of 2.220446049250313e-15. Taking the real part, which may not be accurate.
└ @ ITensorMPS ~/.julia/packages/ITensorMPS/fZDBz/src/abstractmps.jl:1246
┌ Warning: norm² is 1.3561230644855289e11 - 0.00032361879951284256im, which is not real up to a relative tolerance of 2.220446049250313e-15 and an absolute tolerance of 2.220446049250313e-15. Taking the real part, which may not be accurate.
└ @ ITensorMPS ~/.julia/packages/ITensorMPS/fZDBz/src/abstractmps.jl:1246
[ Info: [rtm_p0.5] T=5.0  converged@147  k=4  |θ0|=1.7933  gap=1.074  peak=0.9251  r=[6.8e-06,1e-05,4.1e-06,4.8e-06]  1007s
[ Info: Checking symmetry MPO tensor on physical(space) => bond(time) indices
┌ Warning: Tensor *not* symmetric (dim=2|id=686|"S=1/2,Site") <-> (dim=2|id=686|"S=1/2,Site")', normdiff = 0.27616420236277306
└ @ ITransverse ~/.julia/packages/ITransverse/8pmYI/src/ITenUtils/itensor_utils.jl:93
[ Info: Checking symmetry MPO tensor on bond(space) => phys(time) indices
┌ Warning: Tensor *not* symmetric (dim=7|id=160|"Link,l=1") <-> (dim=7|id=819|"Link,l=2"), normdiff = 1.3391131620216266
└ @ ITransverse ~/.julia/packages/ITransverse/8pmYI/src/ITenUtils/itensor_utils.jl:93
[ Info: Checking symmetry MPO tensor on physical(space) => bond(time) indices
┌ Warning: Tensor *not* symmetric (dim=2|id=399|"S=1/2,Site") <-> (dim=2|id=399|"S=1/2,Site")', normdiff = 0.27616420236277306
└ @ ITransverse ~/.julia/packages/ITransverse/8pmYI/src/ITenUtils/itensor_utils.jl:93
[ Info: Checking symmetry MPO tensor on bond(space) => phys(time) indices
┌ Warning: Tensor *not* symmetric (dim=7|id=916|"Link,l=1") <-> (dim=7|id=868|"Link,l=2"), normdiff = 1.5642546233009471
└ @ ITransverse ~/.julia/packages/ITransverse/8pmYI/src/ITenUtils/itensor_utils.jl:93
┌ Warning: norm² is 5.027772763152376e13 - 0.11864907990093343im, which is not real up to a relative tolerance of 2.220446049250313e-15 and an absolute tolerance of 2.220446049250313e-15. Taking the real part, which may not be accurate.
└ @ ITensorMPS ~/.julia/packages/ITensorMPS/fZDBz/src/abstractmps.jl:1246
┌ Warning: norm² is 2.567173364825678e15 - 6.530406534817303im, which is not real up to a relative tolerance of 2.220446049250313e-15 and an absolute tolerance of 2.220446049250313e-15. Taking the real part, which may not be accurate.
└ @ ITensorMPS ~/.julia/packages/ITensorMPS/fZDBz/src/abstractmps.jl:1246
┌ Warning: norm² is 3.1487194383601578 + 7.768109417163083e-15im, which is not real up to a relative tolerance of 2.220446049250313e-15 and an absolute tolerance of 2.220446049250313e-15. Taking the real part, which may not be accurate.
└ @ ITensorMPS ~/.julia/packages/ITensorMPS/fZDBz/src/abstractmps.jl:1246
┌ Warning: norm² is 3.5516530282405587 + 7.960153448222325e-15im, which is not real up to a relative tolerance of 2.220446049250313e-15 and an absolute tolerance of 2.220446049250313e-15. Taking the real part, which may not be accurate.
└ @ ITensorMPS ~/.julia/packages/ITensorMPS/fZDBz/src/abstractmps.jl:1246
┌ Warning: log(norm²) is 1.0384697838172865 + 2.607187969505574e-15im, which is not real up to a relative tolerance of 2.220446049250313e-15 and an absolute tolerance of 2.220446049250313e-15. Taking the real part, which may not be accurate.
└ @ ITensorMPS ~/.julia/packages/ITensorMPS/fZDBz/src/abstractmps.jl:1271
┌ Warning: norm² is 3.3675459930568453e13 + 0.08164602963074685im, which is not real up to a relative tolerance of 2.220446049250313e-15 and an absolute tolerance of 2.220446049250313e-15. Taking the real part, which may not be accurate.
└ @ ITensorMPS ~/.julia/packages/ITensorMPS/fZDBz/src/abstractmps.jl:1246
┌ Warning: norm² is 1.1621404017276797e13 - 0.027229680242947224im, which is not real up to a relative tolerance of 2.220446049250313e-15 and an absolute tolerance of 2.220446049250313e-15. Taking the real part, which may not be accurate.
└ @ ITensorMPS ~/.julia/packages/ITensorMPS/fZDBz/src/abstractmps.jl:1246
┌ Warning: norm² is 3.6423550480388323 - 8.438438206123678e-15im, which is not real up to a relative tolerance of 2.220446049250313e-15 and an absolute tolerance of 2.220446049250313e-15. Taking the real part, which may not be accurate.
└ @ ITensorMPS ~/.julia/packages/ITensorMPS/fZDBz/src/abstractmps.jl:1246
┌ Warning: log(norm²) is 0.9967464596590323 - 2.44035455627909e-15im, which is not real up to a relative tolerance of 2.220446049250313e-15 and an absolute tolerance of 2.220446049250313e-15. Taking the real part, which may not be accurate.
└ @ ITensorMPS ~/.julia/packages/ITensorMPS/fZDBz/src/abstractmps.jl:1271
┌ Warning: norm² is 3.1152191473438373 - 7.240123881869057e-15im, which is not real up to a relative tolerance of 2.220446049250313e-15 and an absolute tolerance of 2.220446049250313e-15. Taking the real part, which may not be accurate.
└ @ ITensorMPS ~/.julia/packages/ITensorMPS/fZDBz/src/abstractmps.jl:1246
┌ Warning: norm² is 1.188161973315868e13 - 0.03198066900333278im, which is not real up to a relative tolerance of 2.220446049250313e-15 and an absolute tolerance of 2.220446049250313e-15. Taking the real part, which may not be accurate.
└ @ ITensorMPS ~/.julia/packages/ITensorMPS/fZDBz/src/abstractmps.jl:1246
┌ Warning: log(norm²) is 1.1103365843609614 - 2.966088159116661e-15im, which is not real up to a relative tolerance of 2.220446049250313e-15 and an absolute tolerance of 2.220446049250313e-15. Taking the real part, which may not be accurate.
└ @ ITensorMPS ~/.julia/packages/ITensorMPS/fZDBz/src/abstractmps.jl:1271
┌ Warning: norm² is 3.31362813059038 + 7.613409163489608e-15im, which is not real up to a relative tolerance of 2.220446049250313e-15 and an absolute tolerance of 2.220446049250313e-15. Taking the real part, which may not be accurate.
└ @ ITensorMPS ~/.julia/packages/ITensorMPS/fZDBz/src/abstractmps.jl:1246
┌ Warning: norm² is 1.3042651454708238e13 - 0.03441731422617522im, which is not real up to a relative tolerance of 2.220446049250313e-15 and an absolute tolerance of 2.220446049250313e-15. Taking the real part, which may not be accurate.
└ @ ITensorMPS ~/.julia/packages/ITensorMPS/fZDBz/src/abstractmps.jl:1246
┌ Warning: norm² is 6.872030313556508e12 - 0.01594311023774253im, which is not real up to a relative tolerance of 2.220446049250313e-15 and an absolute tolerance of 2.220446049250313e-15. Taking the real part, which may not be accurate.
└ @ ITensorMPS ~/.julia/packages/ITensorMPS/fZDBz/src/abstractmps.jl:1246
┌ Warning: norm² is 6.217852479756406e12 - 0.014112268201966913im, which is not real up to a relative tolerance of 2.220446049250313e-15 and an absolute tolerance of 2.220446049250313e-15. Taking the real part, which may not be accurate.
└ @ ITensorMPS ~/.julia/packages/ITensorMPS/fZDBz/src/abstractmps.jl:1246
┌ Warning: norm² is 6.806829682537289e12 + 0.016313694209227236im, which is not real up to a relative tolerance of 2.220446049250313e-15 and an absolute tolerance of 2.220446049250313e-15. Taking the real part, which may not be accurate.
└ @ ITensorMPS ~/.julia/packages/ITensorMPS/fZDBz/src/abstractmps.jl:1246
┌ Warning: norm² is 3.313632179018062 + 7.359987136745001e-15im, which is not real up to a relative tolerance of 2.220446049250313e-15 and an absolute tolerance of 2.220446049250313e-15. Taking the real part, which may not be accurate.
└ @ ITensorMPS ~/.julia/packages/ITensorMPS/fZDBz/src/abstractmps.jl:1246
┌ Warning: norm² is 6.219480672576152e12 + 0.01731342902234792im, which is not real up to a relative tolerance of 2.220446049250313e-15 and an absolute tolerance of 2.220446049250313e-15. Taking the real part, which may not be accurate.
└ @ ITensorMPS ~/.julia/packages/ITensorMPS/fZDBz/src/abstractmps.jl:1246
┌ Warning: norm² is 3.641671887084216 - 8.585221264195184e-15im, which is not real up to a relative tolerance of 2.220446049250313e-15 and an absolute tolerance of 2.220446049250313e-15. Taking the real part, which may not be accurate.
└ @ ITensorMPS ~/.julia/packages/ITensorMPS/fZDBz/src/abstractmps.jl:1246
┌ Warning: norm² is 3.6418253351475838 + 8.800685499312496e-15im, which is not real up to a relative tolerance of 2.220446049250313e-15 and an absolute tolerance of 2.220446049250313e-15. Taking the real part, which may not be accurate.
└ @ ITensorMPS ~/.julia/packages/ITensorMPS/fZDBz/src/abstractmps.jl:1246
┌ Warning: norm² is 1.2180275912099291e13 + 0.03456840560277943im, which is not real up to a relative tolerance of 2.220446049250313e-15 and an absolute tolerance of 2.220446049250313e-15. Taking the real part, which may not be accurate.
└ @ ITensorMPS ~/.julia/packages/ITensorMPS/fZDBz/src/abstractmps.jl:1246
┌ Warning: norm² is 6.217942441304853e12 + 0.01612150413991774im, which is not real up to a relative tolerance of 2.220446049250313e-15 and an absolute tolerance of 2.220446049250313e-15. Taking the real part, which may not be accurate.
└ @ ITensorMPS ~/.julia/packages/ITensorMPS/fZDBz/src/abstractmps.jl:1246
┌ Warning: norm² is 3.312794585977741 + 8.530536173496155e-15im, which is not real up to a relative tolerance of 2.220446049250313e-15 and an absolute tolerance of 2.220446049250313e-15. Taking the real part, which may not be accurate.
└ @ ITensorMPS ~/.julia/packages/ITensorMPS/fZDBz/src/abstractmps.jl:1246
┌ Warning: norm² is 6.219506578347685e12 - 0.015446264492683284im, which is not real up to a relative tolerance of 2.220446049250313e-15 and an absolute tolerance of 2.220446049250313e-15. Taking the real part, which may not be accurate.
└ @ ITensorMPS ~/.julia/packages/ITensorMPS/fZDBz/src/abstractmps.jl:1246
┌ Warning: norm² is 3.5727650903933252 - 7.959582089862375e-15im, which is not real up to a relative tolerance of 2.220446049250313e-15 and an absolute tolerance of 2.220446049250313e-15. Taking the real part, which may not be accurate.
└ @ ITensorMPS ~/.julia/packages/ITensorMPS/fZDBz/src/abstractmps.jl:1246
┌ Warning: norm² is 1.5103073912679479e13 + 0.034828439238768424im, which is not real up to a relative tolerance of 2.220446049250313e-15 and an absolute tolerance of 2.220446049250313e-15. Taking the real part, which may not be accurate.
└ @ ITensorMPS ~/.julia/packages/ITensorMPS/fZDBz/src/abstractmps.jl:1246
┌ Warning: norm² is 6.884817378856669e12 + 0.019880100683400403im, which is not real up to a relative tolerance of 2.220446049250313e-15 and an absolute tolerance of 2.220446049250313e-15. Taking the real part, which may not be accurate.
└ @ ITensorMPS ~/.julia/packages/ITensorMPS/fZDBz/src/abstractmps.jl:1246
┌ Warning: norm² is 6.217934961039906e12 - 0.014067268422503137im, which is not real up to a relative tolerance of 2.220446049250313e-15 and an absolute tolerance of 2.220446049250313e-15. Taking the real part, which may not be accurate.
└ @ ITensorMPS ~/.julia/packages/ITensorMPS/fZDBz/src/abstractmps.jl:1246
┌ Warning: norm² is 3.641192455063304 - 8.929303752909812e-15im, which is not real up to a relative tolerance of 2.220446049250313e-15 and an absolute tolerance of 2.220446049250313e-15. Taking the real part, which may not be accurate.
└ @ ITensorMPS ~/.julia/packages/ITensorMPS/fZDBz/src/abstractmps.jl:1246
┌ Warning: norm² is 3.0814299048558964 + 8.08497234726792e-15im, which is not real up to a relative tolerance of 2.220446049250313e-15 and an absolute tolerance of 2.220446049250313e-15. Taking the real part, which may not be accurate.
└ @ ITensorMPS ~/.julia/packages/ITensorMPS/fZDBz/src/abstractmps.jl:1246
┌ Warning: norm² is 1.2308790301506256e13 + 0.03530015804378643im, which is not real up to a relative tolerance of 2.220446049250313e-15 and an absolute tolerance of 2.220446049250313e-15. Taking the real part, which may not be accurate.
└ @ ITensorMPS ~/.julia/packages/ITensorMPS/fZDBz/src/abstractmps.jl:1246
┌ Warning: norm² is 3.0546157461045107 - 7.624275696145758e-15im, which is not real up to a relative tolerance of 2.220446049250313e-15 and an absolute tolerance of 2.220446049250313e-15. Taking the real part, which may not be accurate.
└ @ ITensorMPS ~/.julia/packages/ITensorMPS/fZDBz/src/abstractmps.jl:1246
┌ Warning: norm² is 3.5725247061531573 - 8.046486211950886e-15im, which is not real up to a relative tolerance of 2.220446049250313e-15 and an absolute tolerance of 2.220446049250313e-15. Taking the real part, which may not be accurate.
└ @ ITensorMPS ~/.julia/packages/ITensorMPS/fZDBz/src/abstractmps.jl:1246
┌ Warning: norm² is 3.3134837765880687 - 9.949073112063896e-15im, which is not real up to a relative tolerance of 2.220446049250313e-15 and an absolute tolerance of 2.220446049250313e-15. Taking the real part, which may not be accurate.
└ @ ITensorMPS ~/.julia/packages/ITensorMPS/fZDBz/src/abstractmps.jl:1246
┌ Warning: norm² is 6.217932213408335e12 + 0.015422258248891776im, which is not real up to a relative tolerance of 2.220446049250313e-15 and an absolute tolerance of 2.220446049250313e-15. Taking the real part, which may not be accurate.
└ @ ITensorMPS ~/.julia/packages/ITensorMPS/fZDBz/src/abstractmps.jl:1246
┌ Warning: norm² is 6.2178374089208545e12 + 0.01663846393529808im, which is not real up to a relative tolerance of 2.220446049250313e-15 and an absolute tolerance of 2.220446049250313e-15. Taking the real part, which may not be accurate.
└ @ ITensorMPS ~/.julia/packages/ITensorMPS/fZDBz/src/abstractmps.jl:1246
┌ Warning: norm² is 3.5678524066827872 - 9.27278056124356e-15im, which is not real up to a relative tolerance of 2.220446049250313e-15 and an absolute tolerance of 2.220446049250313e-15. Taking the real part, which may not be accurate.
└ @ ITensorMPS ~/.julia/packages/ITensorMPS/fZDBz/src/abstractmps.jl:1246
┌ Warning: norm² is 1.2116320281735012e13 - 0.02886976644106809im, which is not real up to a relative tolerance of 2.220446049250313e-15 and an absolute tolerance of 2.220446049250313e-15. Taking the real part, which may not be accurate.
└ @ ITensorMPS ~/.julia/packages/ITensorMPS/fZDBz/src/abstractmps.jl:1246
┌ Warning: norm² is 1.5102427644622781e13 + 0.0463666886032328im, which is not real up to a relative tolerance of 2.220446049250313e-15 and an absolute tolerance of 2.220446049250313e-15. Taking the real part, which may not be accurate.
└ @ ITensorMPS ~/.julia/packages/ITensorMPS/fZDBz/src/abstractmps.jl:1246
┌ Warning: norm² is 1.5102297564464387e13 - 0.035488328425914935im, which is not real up to a relative tolerance of 2.220446049250313e-15 and an absolute tolerance of 2.220446049250313e-15. Taking the real part, which may not be accurate.
└ @ ITensorMPS ~/.julia/packages/ITensorMPS/fZDBz/src/abstractmps.jl:1246
┌ Warning: norm² is 3.6413796901862865 - 9.379740479953864e-15im, which is not real up to a relative tolerance of 2.220446049250313e-15 and an absolute tolerance of 2.220446049250313e-15. Taking the real part, which may not be accurate.
└ @ ITensorMPS ~/.julia/packages/ITensorMPS/fZDBz/src/abstractmps.jl:1246
┌ Warning: norm² is 3.3127943258246013 - 7.553720447297603e-15im, which is not real up to a relative tolerance of 2.220446049250313e-15 and an absolute tolerance of 2.220446049250313e-15. Taking the real part, which may not be accurate.
└ @ ITensorMPS ~/.julia/packages/ITensorMPS/fZDBz/src/abstractmps.jl:1246
┌ Warning: norm² is 7.145957371270796e12 - 0.022494063767089893im, which is not real up to a relative tolerance of 2.220446049250313e-15 and an absolute tolerance of 2.220446049250313e-15. Taking the real part, which may not be accurate.
└ @ ITensorMPS ~/.julia/packages/ITensorMPS/fZDBz/src/abstractmps.jl:1246
┌ Warning: norm² is 1.5101391850396191e13 + 0.037150113855036276im, which is not real up to a relative tolerance of 2.220446049250313e-15 and an absolute tolerance of 2.220446049250313e-15. Taking the real part, which may not be accurate.
└ @ ITensorMPS ~/.julia/packages/ITensorMPS/fZDBz/src/abstractmps.jl:1246
[ Info: [rtm_p0.5] T=6.0  stuck@824  k=4  |θ0|=1.8202  gap=1.048  peak=1.1182  r=[4.9e-07,5.5e-07,7.3e-07,6.3e-07]  9606s
[ Info: Checking symmetry MPO tensor on physical(space) => bond(time) indices
┌ Warning: Tensor *not* symmetric (dim=2|id=361|"S=1/2,Site") <-> (dim=2|id=361|"S=1/2,Site")', normdiff = 0.27616420236277306
└ @ ITransverse ~/.julia/packages/ITransverse/8pmYI/src/ITenUtils/itensor_utils.jl:93
[ Info: Checking symmetry MPO tensor on bond(space) => phys(time) indices
┌ Warning: Tensor *not* symmetric (dim=7|id=63|"Link,l=1") <-> (dim=7|id=23|"Link,l=2"), normdiff = 1.3391131620216266
└ @ ITransverse ~/.julia/packages/ITransverse/8pmYI/src/ITenUtils/itensor_utils.jl:93
[ Info: Checking symmetry MPO tensor on physical(space) => bond(time) indices
┌ Warning: Tensor *not* symmetric (dim=2|id=133|"S=1/2,Site") <-> (dim=2|id=133|"S=1/2,Site")', normdiff = 0.27616420236277306
└ @ ITransverse ~/.julia/packages/ITransverse/8pmYI/src/ITenUtils/itensor_utils.jl:93
[ Info: Checking symmetry MPO tensor on bond(space) => phys(time) indices
┌ Warning: Tensor *not* symmetric (dim=7|id=470|"Link,l=1") <-> (dim=7|id=478|"Link,l=2"), normdiff = 1.5642546233009471
└ @ ITransverse ~/.julia/packages/ITransverse/8pmYI/src/ITenUtils/itensor_utils.jl:93
┌ Warning: log(norm²) is -0.13290599281247367 - 2.8727250068251356e-15im, which is not real up to a relative tolerance of 2.220446049250313e-15 and an absolute tolerance of 2.220446049250313e-15. Taking the real part, which may not be accurate.
└ @ ITensorMPS ~/.julia/packages/ITensorMPS/fZDBz/src/abstractmps.jl:1271
┌ Warning: norm² is 3.726988017853065e17 - 947.3900946378708im, which is not real up to a relative tolerance of 2.220446049250313e-15 and an absolute tolerance of 2.220446049250313e-15. Taking the real part, which may not be accurate.
└ @ ITensorMPS ~/.julia/packages/ITensorMPS/fZDBz/src/abstractmps.jl:1246
┌ Warning: norm² is 1.2402201566199354e16 + 32.717953611165285im, which is not real up to a relative tolerance of 2.220446049250313e-15 and an absolute tolerance of 2.220446049250313e-15. Taking the real part, which may not be accurate.
└ @ ITensorMPS ~/.julia/packages/ITensorMPS/fZDBz/src/abstractmps.jl:1246
┌ Warning: log(norm²) is 1.0327735195837606 + 2.504252027153187e-15im, which is not real up to a relative tolerance of 2.220446049250313e-15 and an absolute tolerance of 2.220446049250313e-15. Taking the real part, which may not be accurate.
└ @ ITensorMPS ~/.julia/packages/ITensorMPS/fZDBz/src/abstractmps.jl:1271
┌ Warning: norm² is 1.8925851166807542e15 + 4.383539860674773im, which is not real up to a relative tolerance of 2.220446049250313e-15 and an absolute tolerance of 2.220446049250313e-15. Taking the real part, which may not be accurate.
└ @ ITensorMPS ~/.julia/packages/ITensorMPS/fZDBz/src/abstractmps.jl:1246
┌ Warning: norm² is 6.658524410058058e16 + 150.2984448937932im, which is not real up to a relative tolerance of 2.220446049250313e-15 and an absolute tolerance of 2.220446049250313e-15. Taking the real part, which may not be accurate.
└ @ ITensorMPS ~/.julia/packages/ITensorMPS/fZDBz/src/abstractmps.jl:1246
┌ Warning: norm² is 1.0677922075682971e15 - 2.7091162048236583im, which is not real up to a relative tolerance of 2.220446049250313e-15 and an absolute tolerance of 2.220446049250313e-15. Taking the real part, which may not be accurate.
└ @ ITensorMPS ~/.julia/packages/ITensorMPS/fZDBz/src/abstractmps.jl:1246
┌ Warning: norm² is 4.4312016376038635e15 - 10.435405186901335im, which is not real up to a relative tolerance of 2.220446049250313e-15 and an absolute tolerance of 2.220446049250313e-15. Taking the real part, which may not be accurate.
└ @ ITensorMPS ~/.julia/packages/ITensorMPS/fZDBz/src/abstractmps.jl:1246
┌ Warning: norm² is 4.103584850715706 + 9.909540461149922e-15im, which is not real up to a relative tolerance of 2.220446049250313e-15 and an absolute tolerance of 2.220446049250313e-15. Taking the real part, which may not be accurate.
└ @ ITensorMPS ~/.julia/packages/ITensorMPS/fZDBz/src/abstractmps.jl:1246
┌ Warning: norm² is 2.4752762092105 + 5.732262868822296e-15im, which is not real up to a relative tolerance of 2.220446049250313e-15 and an absolute tolerance of 2.220446049250313e-15. Taking the real part, which may not be accurate.
└ @ ITensorMPS ~/.julia/packages/ITensorMPS/fZDBz/src/abstractmps.jl:1246
┌ Warning: norm² is 2.0653589841933172e15 + 5.0739196671915465im, which is not real up to a relative tolerance of 2.220446049250313e-15 and an absolute tolerance of 2.220446049250313e-15. Taking the real part, which may not be accurate.
└ @ ITensorMPS ~/.julia/packages/ITensorMPS/fZDBz/src/abstractmps.jl:1246
┌ Warning: norm² is 1.1261026556835685e18 + 3544.0279112905264im, which is not real up to a relative tolerance of 2.220446049250313e-15 and an absolute tolerance of 2.220446049250313e-15. Taking the real part, which may not be accurate.
└ @ ITensorMPS ~/.julia/packages/ITensorMPS/fZDBz/src/abstractmps.jl:1246
┌ Warning: norm² is 2.1896136983818228e15 - 5.643737311000228im, which is not real up to a relative tolerance of 2.220446049250313e-15 and an absolute tolerance of 2.220446049250313e-15. Taking the real part, which may not be accurate.
└ @ ITensorMPS ~/.julia/packages/ITensorMPS/fZDBz/src/abstractmps.jl:1246
┌ Warning: norm² is 3.7386450547575656 + 1.0567189050289561e-14im, which is not real up to a relative tolerance of 2.220446049250313e-15 and an absolute tolerance of 2.220446049250313e-15. Taking the real part, which may not be accurate.
└ @ ITensorMPS ~/.julia/packages/ITensorMPS/fZDBz/src/abstractmps.jl:1246
┌ Warning: norm² is 1.5756136052100334e16 + 35.15757077795752im, which is not real up to a relative tolerance of 2.220446049250313e-15 and an absolute tolerance of 2.220446049250313e-15. Taking the real part, which may not be accurate.
└ @ ITensorMPS ~/.julia/packages/ITensorMPS/fZDBz/src/abstractmps.jl:1246
┌ Warning: norm² is 3.228316112758994e16 + 72.25351191638038im, which is not real up to a relative tolerance of 2.220446049250313e-15 and an absolute tolerance of 2.220446049250313e-15. Taking the real part, which may not be accurate.
└ @ ITensorMPS ~/.julia/packages/ITensorMPS/fZDBz/src/abstractmps.jl:1246
┌ Warning: norm² is 3.32282105802868 + 9.147655440404929e-15im, which is not real up to a relative tolerance of 2.220446049250313e-15 and an absolute tolerance of 2.220446049250313e-15. Taking the real part, which may not be accurate.
└ @ ITensorMPS ~/.julia/packages/ITensorMPS/fZDBz/src/abstractmps.jl:1246
┌ Warning: norm² is 2.0405938828285205e15 + 5.664601594850893im, which is not real up to a relative tolerance of 2.220446049250313e-15 and an absolute tolerance of 2.220446049250313e-15. Taking the real part, which may not be accurate.
└ @ ITensorMPS ~/.julia/packages/ITensorMPS/fZDBz/src/abstractmps.jl:1246
┌ Warning: norm² is 6.0181526529616856e16 + 166.4855637436267im, which is not real up to a relative tolerance of 2.220446049250313e-15 and an absolute tolerance of 2.220446049250313e-15. Taking the real part, which may not be accurate.
└ @ ITensorMPS ~/.julia/packages/ITensorMPS/fZDBz/src/abstractmps.jl:1246
┌ Warning: norm² is 3.7412669492432973 + 8.577035483689051e-15im, which is not real up to a relative tolerance of 2.220446049250313e-15 and an absolute tolerance of 2.220446049250313e-15. Taking the real part, which may not be accurate.
└ @ ITensorMPS ~/.julia/packages/ITensorMPS/fZDBz/src/abstractmps.jl:1246
┌ Warning: norm² is 3.513804518024948 - 9.734485532649025e-15im, which is not real up to a relative tolerance of 2.220446049250313e-15 and an absolute tolerance of 2.220446049250313e-15. Taking the real part, which may not be accurate.
└ @ ITensorMPS ~/.julia/packages/ITensorMPS/fZDBz/src/abstractmps.jl:1246
┌ Warning: norm² is 6.832589820442995e14 + 2.3021972657270453im, which is not real up to a relative tolerance of 2.220446049250313e-15 and an absolute tolerance of 2.220446049250313e-15. Taking the real part, which may not be accurate.
└ @ ITensorMPS ~/.julia/packages/ITensorMPS/fZDBz/src/abstractmps.jl:1246
┌ Warning: norm² is 7.143692312082721e15 - 16.939835806784686im, which is not real up to a relative tolerance of 2.220446049250313e-15 and an absolute tolerance of 2.220446049250313e-15. Taking the real part, which may not be accurate.
└ @ ITensorMPS ~/.julia/packages/ITensorMPS/fZDBz/src/abstractmps.jl:1246
┌ Warning: norm² is 3.54625095779049e16 + 78.7573350261664im, which is not real up to a relative tolerance of 2.220446049250313e-15 and an absolute tolerance of 2.220446049250313e-15. Taking the real part, which may not be accurate.
└ @ ITensorMPS ~/.julia/packages/ITensorMPS/fZDBz/src/abstractmps.jl:1246
┌ Warning: norm² is 3.3868627838398724 - 7.611288274074386e-15im, which is not real up to a relative tolerance of 2.220446049250313e-15 and an absolute tolerance of 2.220446049250313e-15. Taking the real part, which may not be accurate.
└ @ ITensorMPS ~/.julia/packages/ITensorMPS/fZDBz/src/abstractmps.jl:1246
┌ Warning: norm² is 2.032652075193775e15 + 4.809685555396353im, which is not real up to a relative tolerance of 2.220446049250313e-15 and an absolute tolerance of 2.220446049250313e-15. Taking the real part, which may not be accurate.
└ @ ITensorMPS ~/.julia/packages/ITensorMPS/fZDBz/src/abstractmps.jl:1246
┌ Warning: norm² is 1.2107949066412618e16 - 33.261423629679484im, which is not real up to a relative tolerance of 2.220446049250313e-15 and an absolute tolerance of 2.220446049250313e-15. Taking the real part, which may not be accurate.
└ @ ITensorMPS ~/.julia/packages/ITensorMPS/fZDBz/src/abstractmps.jl:1246
┌ Warning: norm² is 3.51152778501303 + 8.095602257236644e-15im, which is not real up to a relative tolerance of 2.220446049250313e-15 and an absolute tolerance of 2.220446049250313e-15. Taking the real part, which may not be accurate.
└ @ ITensorMPS ~/.julia/packages/ITensorMPS/fZDBz/src/abstractmps.jl:1246
┌ Warning: log(norm²) is 1.1783605739115157 - 2.7184092611740393e-15im, which is not real up to a relative tolerance of 2.220446049250313e-15 and an absolute tolerance of 2.220446049250313e-15. Taking the real part, which may not be accurate.
└ @ ITensorMPS ~/.julia/packages/ITensorMPS/fZDBz/src/abstractmps.jl:1271
┌ Warning: norm² is 6.70612936246718e14 + 1.9331353843895442im, which is not real up to a relative tolerance of 2.220446049250313e-15 and an absolute tolerance of 2.220446049250313e-15. Taking the real part, which may not be accurate.
└ @ ITensorMPS ~/.julia/packages/ITensorMPS/fZDBz/src/abstractmps.jl:1246
┌ Warning: norm² is 6.725294635046774e14 + 1.5530041056167079im, which is not real up to a relative tolerance of 2.220446049250313e-15 and an absolute tolerance of 2.220446049250313e-15. Taking the real part, which may not be accurate.
└ @ ITensorMPS ~/.julia/packages/ITensorMPS/fZDBz/src/abstractmps.jl:1246
┌ Warning: norm² is 2.287906846517071e15 - 5.434074147399915im, which is not real up to a relative tolerance of 2.220446049250313e-15 and an absolute tolerance of 2.220446049250313e-15. Taking the real part, which may not be accurate.
└ @ ITensorMPS ~/.julia/packages/ITensorMPS/fZDBz/src/abstractmps.jl:1246
┌ Warning: norm² is 7.176662918794487e15 + 22.75144617434853im, which is not real up to a relative tolerance of 2.220446049250313e-15 and an absolute tolerance of 2.220446049250313e-15. Taking the real part, which may not be accurate.
└ @ ITensorMPS ~/.julia/packages/ITensorMPS/fZDBz/src/abstractmps.jl:1246
┌ Warning: norm² is 2.0434758010060398e15 + 4.576567037961452im, which is not real up to a relative tolerance of 2.220446049250313e-15 and an absolute tolerance of 2.220446049250313e-15. Taking the real part, which may not be accurate.
└ @ ITensorMPS ~/.julia/packages/ITensorMPS/fZDBz/src/abstractmps.jl:1246
┌ Warning: norm² is 3.334107057071597 - 7.78397614421017e-15im, which is not real up to a relative tolerance of 2.220446049250313e-15 and an absolute tolerance of 2.220446049250313e-15. Taking the real part, which may not be accurate.
└ @ ITensorMPS ~/.julia/packages/ITensorMPS/fZDBz/src/abstractmps.jl:1246
┌ Warning: norm² is 5.689898487015918e15 + 12.711046734119009im, which is not real up to a relative tolerance of 2.220446049250313e-15 and an absolute tolerance of 2.220446049250313e-15. Taking the real part, which may not be accurate.
└ @ ITensorMPS ~/.julia/packages/ITensorMPS/fZDBz/src/abstractmps.jl:1246
┌ Warning: norm² is 6.222262038712739e15 - 14.518110837404492im, which is not real up to a relative tolerance of 2.220446049250313e-15 and an absolute tolerance of 2.220446049250313e-15. Taking the real part, which may not be accurate.
└ @ ITensorMPS ~/.julia/packages/ITensorMPS/fZDBz/src/abstractmps.jl:1246
┌ Warning: norm² is 3.39226881910464 + 9.284943603579503e-15im, which is not real up to a relative tolerance of 2.220446049250313e-15 and an absolute tolerance of 2.220446049250313e-15. Taking the real part, which may not be accurate.
└ @ ITensorMPS ~/.julia/packages/ITensorMPS/fZDBz/src/abstractmps.jl:1246
┌ Warning: norm² is 3.2359480282458533 + 7.29512976378181e-15im, which is not real up to a relative tolerance of 2.220446049250313e-15 and an absolute tolerance of 2.220446049250313e-15. Taking the real part, which may not be accurate.
└ @ ITensorMPS ~/.julia/packages/ITensorMPS/fZDBz/src/abstractmps.jl:1246
┌ Warning: norm² is 3.512343260990054 - 8.36173855573331e-15im, which is not real up to a relative tolerance of 2.220446049250313e-15 and an absolute tolerance of 2.220446049250313e-15. Taking the real part, which may not be accurate.
└ @ ITensorMPS ~/.julia/packages/ITensorMPS/fZDBz/src/abstractmps.jl:1246
┌ Warning: norm² is 6.69971058582941e14 - 1.4993039433648585im, which is not real up to a relative tolerance of 2.220446049250313e-15 and an absolute tolerance of 2.220446049250313e-15. Taking the real part, which may not be accurate.
└ @ ITensorMPS ~/.julia/packages/ITensorMPS/fZDBz/src/abstractmps.jl:1246
┌ Warning: norm² is 3.393734436032395 - 7.939906940497812e-15im, which is not real up to a relative tolerance of 2.220446049250313e-15 and an absolute tolerance of 2.220446049250313e-15. Taking the real part, which may not be accurate.
└ @ ITensorMPS ~/.julia/packages/ITensorMPS/fZDBz/src/abstractmps.jl:1246
┌ Warning: norm² is 8.422236867587608e15 + 19.75016305885947im, which is not real up to a relative tolerance of 2.220446049250313e-15 and an absolute tolerance of 2.220446049250313e-15. Taking the real part, which may not be accurate.
└ @ ITensorMPS ~/.julia/packages/ITensorMPS/fZDBz/src/abstractmps.jl:1246
┌ Warning: norm² is 3.512359246551855 - 9.276683736933849e-15im, which is not real up to a relative tolerance of 2.220446049250313e-15 and an absolute tolerance of 2.220446049250313e-15. Taking the real part, which may not be accurate.
└ @ ITensorMPS ~/.julia/packages/ITensorMPS/fZDBz/src/abstractmps.jl:1246
┌ Warning: norm² is 2.0366959181167022e15 - 4.9345560259416885im, which is not real up to a relative tolerance of 2.220446049250313e-15 and an absolute tolerance of 2.220446049250313e-15. Taking the real part, which may not be accurate.
└ @ ITensorMPS ~/.julia/packages/ITensorMPS/fZDBz/src/abstractmps.jl:1246
┌ Warning: log(norm²) is 1.2560794501979191 - 3.510938617933497e-15im, which is not real up to a relative tolerance of 2.220446049250313e-15 and an absolute tolerance of 2.220446049250313e-15. Taking the real part, which may not be accurate.
└ @ ITensorMPS ~/.julia/packages/ITensorMPS/fZDBz/src/abstractmps.jl:1271
┌ Warning: norm² is 2.2601912952750045e15 + 5.912908153114565im, which is not real up to a relative tolerance of 2.220446049250313e-15 and an absolute tolerance of 2.220446049250313e-15. Taking the real part, which may not be accurate.
└ @ ITensorMPS ~/.julia/packages/ITensorMPS/fZDBz/src/abstractmps.jl:1246
┌ Warning: norm² is 3.308187148648742 + 7.631041601670217e-15im, which is not real up to a relative tolerance of 2.220446049250313e-15 and an absolute tolerance of 2.220446049250313e-15. Taking the real part, which may not be accurate.
└ @ ITensorMPS ~/.julia/packages/ITensorMPS/fZDBz/src/abstractmps.jl:1246
┌ Warning: norm² is 2.034187728895644e15 + 4.519583418000675im, which is not real up to a relative tolerance of 2.220446049250313e-15 and an absolute tolerance of 2.220446049250313e-15. Taking the real part, which may not be accurate.
└ @ ITensorMPS ~/.julia/packages/ITensorMPS/fZDBz/src/abstractmps.jl:1246
┌ Warning: norm² is 6.70103174020852e14 + 1.534788715846457im, which is not real up to a relative tolerance of 2.220446049250313e-15 and an absolute tolerance of 2.220446049250313e-15. Taking the real part, which may not be accurate.
└ @ ITensorMPS ~/.julia/packages/ITensorMPS/fZDBz/src/abstractmps.jl:1246
┌ Warning: norm² is 6.509831883989383e15 + 15.1816905071355im, which is not real up to a relative tolerance of 2.220446049250313e-15 and an absolute tolerance of 2.220446049250313e-15. Taking the real part, which may not be accurate.
└ @ ITensorMPS ~/.julia/packages/ITensorMPS/fZDBz/src/abstractmps.jl:1246
┌ Warning: norm² is 5.239550352377681e15 + 13.889617520868342im, which is not real up to a relative tolerance of 2.220446049250313e-15 and an absolute tolerance of 2.220446049250313e-15. Taking the real part, which may not be accurate.
└ @ ITensorMPS ~/.julia/packages/ITensorMPS/fZDBz/src/abstractmps.jl:1246
┌ Warning: norm² is 7.338440686986851e15 - 16.98839906737362im, which is not real up to a relative tolerance of 2.220446049250313e-15 and an absolute tolerance of 2.220446049250313e-15. Taking the real part, which may not be accurate.
└ @ ITensorMPS ~/.julia/packages/ITensorMPS/fZDBz/src/abstractmps.jl:1246
┌ Warning: norm² is 3.3326042552069484 - 8.135585965076184e-15im, which is not real up to a relative tolerance of 2.220446049250313e-15 and an absolute tolerance of 2.220446049250313e-15. Taking the real part, which may not be accurate.
└ @ ITensorMPS ~/.julia/packages/ITensorMPS/fZDBz/src/abstractmps.jl:1246
┌ Warning: norm² is 2.0439592183243225e15 - 4.911672846870417im, which is not real up to a relative tolerance of 2.220446049250313e-15 and an absolute tolerance of 2.220446049250313e-15. Taking the real part, which may not be accurate.
└ @ ITensorMPS ~/.julia/packages/ITensorMPS/fZDBz/src/abstractmps.jl:1246
┌ Warning: norm² is 2.251832668529851e15 + 5.3038492164097715im, which is not real up to a relative tolerance of 2.220446049250313e-15 and an absolute tolerance of 2.220446049250313e-15. Taking the real part, which may not be accurate.
└ @ ITensorMPS ~/.julia/packages/ITensorMPS/fZDBz/src/abstractmps.jl:1246
┌ Warning: norm² is 7.043067425911167e15 - 15.761906749876289im, which is not real up to a relative tolerance of 2.220446049250313e-15 and an absolute tolerance of 2.220446049250313e-15. Taking the real part, which may not be accurate.
└ @ ITensorMPS ~/.julia/packages/ITensorMPS/fZDBz/src/abstractmps.jl:1246
┌ Warning: norm² is 6.975817690554732e15 - 18.34769168384628im, which is not real up to a relative tolerance of 2.220446049250313e-15 and an absolute tolerance of 2.220446049250313e-15. Taking the real part, which may not be accurate.
└ @ ITensorMPS ~/.julia/packages/ITensorMPS/fZDBz/src/abstractmps.jl:1246
┌ Warning: norm² is 3.510038238634147 + 1.0535297388832929e-14im, which is not real up to a relative tolerance of 2.220446049250313e-15 and an absolute tolerance of 2.220446049250313e-15. Taking the real part, which may not be accurate.
└ @ ITensorMPS ~/.julia/packages/ITensorMPS/fZDBz/src/abstractmps.jl:1246
┌ Warning: norm² is 2.0351996272481445e15 + 4.8125059121883424im, which is not real up to a relative tolerance of 2.220446049250313e-15 and an absolute tolerance of 2.220446049250313e-15. Taking the real part, which may not be accurate.
└ @ ITensorMPS ~/.julia/packages/ITensorMPS/fZDBz/src/abstractmps.jl:1246
┌ Warning: norm² is 2.0344453418810565e15 + 4.950018663696713im, which is not real up to a relative tolerance of 2.220446049250313e-15 and an absolute tolerance of 2.220446049250313e-15. Taking the real part, which may not be accurate.
└ @ ITensorMPS ~/.julia/packages/ITensorMPS/fZDBz/src/abstractmps.jl:1246
┌ Warning: norm² is 2.26490392712527e15 - 6.037822373184165im, which is not real up to a relative tolerance of 2.220446049250313e-15 and an absolute tolerance of 2.220446049250313e-15. Taking the real part, which may not be accurate.
└ @ ITensorMPS ~/.julia/packages/ITensorMPS/fZDBz/src/abstractmps.jl:1246
┌ Warning: log(norm²) is 1.205703544164122 - 2.7315372002284107e-15im, which is not real up to a relative tolerance of 2.220446049250313e-15 and an absolute tolerance of 2.220446049250313e-15. Taking the real part, which may not be accurate.
└ @ ITensorMPS ~/.julia/packages/ITensorMPS/fZDBz/src/abstractmps.jl:1271
┌ Warning: norm² is 5.195964317265076e15 - 14.194514083371303im, which is not real up to a relative tolerance of 2.220446049250313e-15 and an absolute tolerance of 2.220446049250313e-15. Taking the real part, which may not be accurate.
└ @ ITensorMPS ~/.julia/packages/ITensorMPS/fZDBz/src/abstractmps.jl:1246
┌ Warning: log(norm²) is 1.1703660791154167 + 2.832664863006969e-15im, which is not real up to a relative tolerance of 2.220446049250313e-15 and an absolute tolerance of 2.220446049250313e-15. Taking the real part, which may not be accurate.
└ @ ITensorMPS ~/.julia/packages/ITensorMPS/fZDBz/src/abstractmps.jl:1271
┌ Warning: norm² is 3.328897764605156 + 9.041527610861713e-15im, which is not real up to a relative tolerance of 2.220446049250313e-15 and an absolute tolerance of 2.220446049250313e-15. Taking the real part, which may not be accurate.
└ @ ITensorMPS ~/.julia/packages/ITensorMPS/fZDBz/src/abstractmps.jl:1246
┌ Warning: norm² is 2.252998073182959e15 - 5.224195003888383im, which is not real up to a relative tolerance of 2.220446049250313e-15 and an absolute tolerance of 2.220446049250313e-15. Taking the real part, which may not be accurate.
└ @ ITensorMPS ~/.julia/packages/ITensorMPS/fZDBz/src/abstractmps.jl:1246
┌ Warning: norm² is 5.346369301001965e15 - 13.449771030615693im, which is not real up to a relative tolerance of 2.220446049250313e-15 and an absolute tolerance of 2.220446049250313e-15. Taking the real part, which may not be accurate.
└ @ ITensorMPS ~/.julia/packages/ITensorMPS/fZDBz/src/abstractmps.jl:1246
┌ Warning: norm² is 2.0430891204668038e15 - 5.3860571580117895im, which is not real up to a relative tolerance of 2.220446049250313e-15 and an absolute tolerance of 2.220446049250313e-15. Taking the real part, which may not be accurate.
└ @ ITensorMPS ~/.julia/packages/ITensorMPS/fZDBz/src/abstractmps.jl:1246
┌ Warning: norm² is 2.2616335996498285e15 + 6.411191579337445im, which is not real up to a relative tolerance of 2.220446049250313e-15 and an absolute tolerance of 2.220446049250313e-15. Taking the real part, which may not be accurate.
└ @ ITensorMPS ~/.julia/packages/ITensorMPS/fZDBz/src/abstractmps.jl:1246
┌ Warning: log(norm²) is 1.1895280388781915 + 3.0304636422130034e-15im, which is not real up to a relative tolerance of 2.220446049250313e-15 and an absolute tolerance of 2.220446049250313e-15. Taking the real part, which may not be accurate.
└ @ ITensorMPS ~/.julia/packages/ITensorMPS/fZDBz/src/abstractmps.jl:1271
┌ Warning: norm² is 2.033857394652616e15 + 5.899251438606569im, which is not real up to a relative tolerance of 2.220446049250313e-15 and an absolute tolerance of 2.220446049250313e-15. Taking the real part, which may not be accurate.
└ @ ITensorMPS ~/.julia/packages/ITensorMPS/fZDBz/src/abstractmps.jl:1246
┌ Warning: norm² is 2.0378201746881968e15 - 4.6486108797881585im, which is not real up to a relative tolerance of 2.220446049250313e-15 and an absolute tolerance of 2.220446049250313e-15. Taking the real part, which may not be accurate.
└ @ ITensorMPS ~/.julia/packages/ITensorMPS/fZDBz/src/abstractmps.jl:1246
┌ Warning: log(norm²) is 1.1660953380076435 - 2.9663057889151276e-15im, which is not real up to a relative tolerance of 2.220446049250313e-15 and an absolute tolerance of 2.220446049250313e-15. Taking the real part, which may not be accurate.
└ @ ITensorMPS ~/.julia/packages/ITensorMPS/fZDBz/src/abstractmps.jl:1271
┌ Warning: log(norm²) is 1.1689100494353948 + 3.0995630627997167e-15im, which is not real up to a relative tolerance of 2.220446049250313e-15 and an absolute tolerance of 2.220446049250313e-15. Taking the real part, which may not be accurate.
└ @ ITensorMPS ~/.julia/packages/ITensorMPS/fZDBz/src/abstractmps.jl:1271
┌ Warning: norm² is 5.894466463387598e15 - 17.959400877934513im, which is not real up to a relative tolerance of 2.220446049250313e-15 and an absolute tolerance of 2.220446049250313e-15. Taking the real part, which may not be accurate.
└ @ ITensorMPS ~/.julia/packages/ITensorMPS/fZDBz/src/abstractmps.jl:1246
┌ Warning: norm² is 3.5114545847107324 - 7.866929750067793e-15im, which is not real up to a relative tolerance of 2.220446049250313e-15 and an absolute tolerance of 2.220446049250313e-15. Taking the real part, which may not be accurate.
└ @ ITensorMPS ~/.julia/packages/ITensorMPS/fZDBz/src/abstractmps.jl:1246
┌ Warning: norm² is 3.3296694518211485 - 8.322482654946204e-15im, which is not real up to a relative tolerance of 2.220446049250313e-15 and an absolute tolerance of 2.220446049250313e-15. Taking the real part, which may not be accurate.
└ @ ITensorMPS ~/.julia/packages/ITensorMPS/fZDBz/src/abstractmps.jl:1246
┌ Warning: norm² is 6.701966939912938e14 + 2.2503967961582387im, which is not real up to a relative tolerance of 2.220446049250313e-15 and an absolute tolerance of 2.220446049250313e-15. Taking the real part, which may not be accurate.
└ @ ITensorMPS ~/.julia/packages/ITensorMPS/fZDBz/src/abstractmps.jl:1246
┌ Warning: norm² is 2.262125719329042e15 - 5.090696937316103im, which is not real up to a relative tolerance of 2.220446049250313e-15 and an absolute tolerance of 2.220446049250313e-15. Taking the real part, which may not be accurate.
└ @ ITensorMPS ~/.julia/packages/ITensorMPS/fZDBz/src/abstractmps.jl:1246
┌ Warning: norm² is 5.399675545705547e15 - 12.360959691309688im, which is not real up to a relative tolerance of 2.220446049250313e-15 and an absolute tolerance of 2.220446049250313e-15. Taking the real part, which may not be accurate.
└ @ ITensorMPS ~/.julia/packages/ITensorMPS/fZDBz/src/abstractmps.jl:1246
┌ Warning: norm² is 2.038078945874561e15 - 4.887867729251007im, which is not real up to a relative tolerance of 2.220446049250313e-15 and an absolute tolerance of 2.220446049250313e-15. Taking the real part, which may not be accurate.
└ @ ITensorMPS ~/.julia/packages/ITensorMPS/fZDBz/src/abstractmps.jl:1246
┌ Warning: norm² is 3.509256459574728 - 8.80135224759906e-15im, which is not real up to a relative tolerance of 2.220446049250313e-15 and an absolute tolerance of 2.220446049250313e-15. Taking the real part, which may not be accurate.
└ @ ITensorMPS ~/.julia/packages/ITensorMPS/fZDBz/src/abstractmps.jl:1246
┌ Warning: norm² is 2.252780133044966e15 - 5.137330680443182im, which is not real up to a relative tolerance of 2.220446049250313e-15 and an absolute tolerance of 2.220446049250313e-15. Taking the real part, which may not be accurate.
└ @ ITensorMPS ~/.julia/packages/ITensorMPS/fZDBz/src/abstractmps.jl:1246
┌ Warning: norm² is 6.655750248836411e15 + 16.447860628829787im, which is not real up to a relative tolerance of 2.220446049250313e-15 and an absolute tolerance of 2.220446049250313e-15. Taking the real part, which may not be accurate.
└ @ ITensorMPS ~/.julia/packages/ITensorMPS/fZDBz/src/abstractmps.jl:1246
┌ Warning: norm² is 3.5123887312476954 + 8.287290670051152e-15im, which is not real up to a relative tolerance of 2.220446049250313e-15 and an absolute tolerance of 2.220446049250313e-15. Taking the real part, which may not be accurate.
└ @ ITensorMPS ~/.julia/packages/ITensorMPS/fZDBz/src/abstractmps.jl:1246
┌ Warning: norm² is 3.7392843194680583 + 1.00639108453619e-14im, which is not real up to a relative tolerance of 2.220446049250313e-15 and an absolute tolerance of 2.220446049250313e-15. Taking the real part, which may not be accurate.
└ @ ITensorMPS ~/.julia/packages/ITensorMPS/fZDBz/src/abstractmps.jl:1246
┌ Warning: norm² is 6.513573665917476e15 - 15.342762435483387im, which is not real up to a relative tolerance of 2.220446049250313e-15 and an absolute tolerance of 2.220446049250313e-15. Taking the real part, which may not be accurate.
└ @ ITensorMPS ~/.julia/packages/ITensorMPS/fZDBz/src/abstractmps.jl:1246
┌ Warning: norm² is 2.255868733751084e15 - 7.514767846074614im, which is not real up to a relative tolerance of 2.220446049250313e-15 and an absolute tolerance of 2.220446049250313e-15. Taking the real part, which may not be accurate.
└ @ ITensorMPS ~/.julia/packages/ITensorMPS/fZDBz/src/abstractmps.jl:1246
┌ Warning: log(norm²) is 1.167674803142103 + 3.391194245476e-15im, which is not real up to a relative tolerance of 2.220446049250313e-15 and an absolute tolerance of 2.220446049250313e-15. Taking the real part, which may not be accurate.
└ @ ITensorMPS ~/.julia/packages/ITensorMPS/fZDBz/src/abstractmps.jl:1271
┌ Warning: norm² is 6.702010291194639e14 + 1.6115297090276677im, which is not real up to a relative tolerance of 2.220446049250313e-15 and an absolute tolerance of 2.220446049250313e-15. Taking the real part, which may not be accurate.
└ @ ITensorMPS ~/.julia/packages/ITensorMPS/fZDBz/src/abstractmps.jl:1246
┌ Warning: norm² is 3.738179373941311 + 1.0376380577280153e-14im, which is not real up to a relative tolerance of 2.220446049250313e-15 and an absolute tolerance of 2.220446049250313e-15. Taking the real part, which may not be accurate.
└ @ ITensorMPS ~/.julia/packages/ITensorMPS/fZDBz/src/abstractmps.jl:1246
┌ Warning: norm² is 3.3935701461614665 - 7.851031164243166e-15im, which is not real up to a relative tolerance of 2.220446049250313e-15 and an absolute tolerance of 2.220446049250313e-15. Taking the real part, which may not be accurate.
└ @ ITensorMPS ~/.julia/packages/ITensorMPS/fZDBz/src/abstractmps.jl:1246
┌ Warning: norm² is 3.5127662131288098 + 8.720551412015382e-15im, which is not real up to a relative tolerance of 2.220446049250313e-15 and an absolute tolerance of 2.220446049250313e-15. Taking the real part, which may not be accurate.
└ @ ITensorMPS ~/.julia/packages/ITensorMPS/fZDBz/src/abstractmps.jl:1246
┌ Warning: norm² is 6.645888893945202e15 - 18.71013588172201im, which is not real up to a relative tolerance of 2.220446049250313e-15 and an absolute tolerance of 2.220446049250313e-15. Taking the real part, which may not be accurate.
└ @ ITensorMPS ~/.julia/packages/ITensorMPS/fZDBz/src/abstractmps.jl:1246
┌ Warning: norm² is 2.26138967307227e15 + 6.329522078471661im, which is not real up to a relative tolerance of 2.220446049250313e-15 and an absolute tolerance of 2.220446049250313e-15. Taking the real part, which may not be accurate.
└ @ ITensorMPS ~/.julia/packages/ITensorMPS/fZDBz/src/abstractmps.jl:1246
┌ Warning: norm² is 3.5123285976367824 + 8.178111051186839e-15im, which is not real up to a relative tolerance of 2.220446049250313e-15 and an absolute tolerance of 2.220446049250313e-15. Taking the real part, which may not be accurate.
└ @ ITensorMPS ~/.julia/packages/ITensorMPS/fZDBz/src/abstractmps.jl:1246
┌ Warning: norm² is 6.1989189447815e15 - 18.34840526523577im, which is not real up to a relative tolerance of 2.220446049250313e-15 and an absolute tolerance of 2.220446049250313e-15. Taking the real part, which may not be accurate.
└ @ ITensorMPS ~/.julia/packages/ITensorMPS/fZDBz/src/abstractmps.jl:1246
┌ Warning: norm² is 3.5083851134092323 + 7.827301646961707e-15im, which is not real up to a relative tolerance of 2.220446049250313e-15 and an absolute tolerance of 2.220446049250313e-15. Taking the real part, which may not be accurate.
└ @ ITensorMPS ~/.julia/packages/ITensorMPS/fZDBz/src/abstractmps.jl:1246
┌ Warning: norm² is 2.260867106460839e15 + 6.08295601474827im, which is not real up to a relative tolerance of 2.220446049250313e-15 and an absolute tolerance of 2.220446049250313e-15. Taking the real part, which may not be accurate.
└ @ ITensorMPS ~/.julia/packages/ITensorMPS/fZDBz/src/abstractmps.jl:1246
┌ Warning: norm² is 6.182274645316225e15 + 19.246383841760792im, which is not real up to a relative tolerance of 2.220446049250313e-15 and an absolute tolerance of 2.220446049250313e-15. Taking the real part, which may not be accurate.
└ @ ITensorMPS ~/.julia/packages/ITensorMPS/fZDBz/src/abstractmps.jl:1246
┌ Warning: log(norm²) is 1.2561934519261726 + 2.931868682827981e-15im, which is not real up to a relative tolerance of 2.220446049250313e-15 and an absolute tolerance of 2.220446049250313e-15. Taking the real part, which may not be accurate.
└ @ ITensorMPS ~/.julia/packages/ITensorMPS/fZDBz/src/abstractmps.jl:1271
┌ Warning: log(norm²) is 1.2041488288279796 + 3.4834764552153257e-15im, which is not real up to a relative tolerance of 2.220446049250313e-15 and an absolute tolerance of 2.220446049250313e-15. Taking the real part, which may not be accurate.
└ @ ITensorMPS ~/.julia/packages/ITensorMPS/fZDBz/src/abstractmps.jl:1271
┌ Warning: norm² is 3.5126118250446283 + 1.2053861954755793e-14im, which is not real up to a relative tolerance of 2.220446049250313e-15 and an absolute tolerance of 2.220446049250313e-15. Taking the real part, which may not be accurate.
└ @ ITensorMPS ~/.julia/packages/ITensorMPS/fZDBz/src/abstractmps.jl:1246
┌ Warning: norm² is 6.701041691047661e14 - 1.5578305655954097im, which is not real up to a relative tolerance of 2.220446049250313e-15 and an absolute tolerance of 2.220446049250313e-15. Taking the real part, which may not be accurate.
└ @ ITensorMPS ~/.julia/packages/ITensorMPS/fZDBz/src/abstractmps.jl:1246
┌ Warning: norm² is 3.738204353584508 + 9.178075954550477e-15im, which is not real up to a relative tolerance of 2.220446049250313e-15 and an absolute tolerance of 2.220446049250313e-15. Taking the real part, which may not be accurate.
└ @ ITensorMPS ~/.julia/packages/ITensorMPS/fZDBz/src/abstractmps.jl:1246
┌ Warning: norm² is 3.737315442225016 - 8.5730478823649e-15im, which is not real up to a relative tolerance of 2.220446049250313e-15 and an absolute tolerance of 2.220446049250313e-15. Taking the real part, which may not be accurate.
└ @ ITensorMPS ~/.julia/packages/ITensorMPS/fZDBz/src/abstractmps.jl:1246
┌ Warning: norm² is 5.832866862649727e15 + 13.39484558832531im, which is not real up to a relative tolerance of 2.220446049250313e-15 and an absolute tolerance of 2.220446049250313e-15. Taking the real part, which may not be accurate.
└ @ ITensorMPS ~/.julia/packages/ITensorMPS/fZDBz/src/abstractmps.jl:1246
┌ Warning: norm² is 3.3308238793424616 - 7.647025559398531e-15im, which is not real up to a relative tolerance of 2.220446049250313e-15 and an absolute tolerance of 2.220446049250313e-15. Taking the real part, which may not be accurate.
└ @ ITensorMPS ~/.julia/packages/ITensorMPS/fZDBz/src/abstractmps.jl:1246
┌ Warning: log(norm²) is 1.2032196846052 + 2.9317738097550015e-15im, which is not real up to a relative tolerance of 2.220446049250313e-15 and an absolute tolerance of 2.220446049250313e-15. Taking the real part, which may not be accurate.
└ @ ITensorMPS ~/.julia/packages/ITensorMPS/fZDBz/src/abstractmps.jl:1271
┌ Warning: log(norm²) is 1.201206751191522 - 2.821549766304186e-15im, which is not real up to a relative tolerance of 2.220446049250313e-15 and an absolute tolerance of 2.220446049250313e-15. Taking the real part, which may not be accurate.
└ @ ITensorMPS ~/.julia/packages/ITensorMPS/fZDBz/src/abstractmps.jl:1271
┌ Warning: norm² is 3.3935624396661055 + 8.385356232588556e-15im, which is not real up to a relative tolerance of 2.220446049250313e-15 and an absolute tolerance of 2.220446049250313e-15. Taking the real part, which may not be accurate.
└ @ ITensorMPS ~/.julia/packages/ITensorMPS/fZDBz/src/abstractmps.jl:1246
┌ Warning: norm² is 2.0398761156804215e15 - 5.022576386352806im, which is not real up to a relative tolerance of 2.220446049250313e-15 and an absolute tolerance of 2.220446049250313e-15. Taking the real part, which may not be accurate.
└ @ ITensorMPS ~/.julia/packages/ITensorMPS/fZDBz/src/abstractmps.jl:1246
[ Info: [rtm_p0.5] T=7.0  stuck@753  k=4  |θ0|=1.8737  gap=0.965  peak=0.8027  r=[4.3e-08,3.9e-08,7.1e-08,2.4e-08]  21274s
[ Info: Checking symmetry MPO tensor on physical(space) => bond(time) indices
┌ Warning: Tensor *not* symmetric (dim=2|id=387|"S=1/2,Site") <-> (dim=2|id=387|"S=1/2,Site")', normdiff = 0.27616420236277306
└ @ ITransverse ~/.julia/packages/ITransverse/8pmYI/src/ITenUtils/itensor_utils.jl:93
[ Info: Checking symmetry MPO tensor on bond(space) => phys(time) indices
┌ Warning: Tensor *not* symmetric (dim=7|id=780|"Link,l=1") <-> (dim=7|id=23|"Link,l=2"), normdiff = 1.3391131620216266
└ @ ITransverse ~/.julia/packages/ITransverse/8pmYI/src/ITenUtils/itensor_utils.jl:93
[ Info: Checking symmetry MPO tensor on physical(space) => bond(time) indices
┌ Warning: Tensor *not* symmetric (dim=2|id=621|"S=1/2,Site") <-> (dim=2|id=621|"S=1/2,Site")', normdiff = 0.27616420236277306
└ @ ITransverse ~/.julia/packages/ITransverse/8pmYI/src/ITenUtils/itensor_utils.jl:93
[ Info: Checking symmetry MPO tensor on bond(space) => phys(time) indices
┌ Warning: Tensor *not* symmetric (dim=7|id=643|"Link,l=1") <-> (dim=7|id=747|"Link,l=2"), normdiff = 1.5642546233009471
└ @ ITransverse ~/.julia/packages/ITransverse/8pmYI/src/ITenUtils/itensor_utils.jl:93
┌ Warning: norm² is 1.450912986414062e19 - 36515.4892578125im, which is not real up to a relative tolerance of 2.220446049250313e-15 and an absolute tolerance of 2.220446049250313e-15. Taking the real part, which may not be accurate.
└ @ ITensorMPS ~/.julia/packages/ITensorMPS/fZDBz/src/abstractmps.jl:1246
┌ Warning: norm² is 3.6060238037514614 - 8.322628909693813e-15im, which is not real up to a relative tolerance of 2.220446049250313e-15 and an absolute tolerance of 2.220446049250313e-15. Taking the real part, which may not be accurate.
└ @ ITensorMPS ~/.julia/packages/ITensorMPS/fZDBz/src/abstractmps.jl:1246
┌ Warning: norm² is 1.7054451393030523e19 + 51585.84307575226im, which is not real up to a relative tolerance of 2.220446049250313e-15 and an absolute tolerance of 2.220446049250313e-15. Taking the real part, which may not be accurate.
└ @ ITensorMPS ~/.julia/packages/ITensorMPS/fZDBz/src/abstractmps.jl:1246
┌ Warning: norm² is 5.0680615096422015e19 - 122087.91502380371im, which is not real up to a relative tolerance of 2.220446049250313e-15 and an absolute tolerance of 2.220446049250313e-15. Taking the real part, which may not be accurate.
└ @ ITensorMPS ~/.julia/packages/ITensorMPS/fZDBz/src/abstractmps.jl:1246
┌ Warning: norm² is 2.036045338165341e19 + 49975.83252763748im, which is not real up to a relative tolerance of 2.220446049250313e-15 and an absolute tolerance of 2.220446049250313e-15. Taking the real part, which may not be accurate.
└ @ ITensorMPS ~/.julia/packages/ITensorMPS/fZDBz/src/abstractmps.jl:1246
┌ Warning: norm² is 6.594615015989091e18 - 16498.492876648903im, which is not real up to a relative tolerance of 2.220446049250313e-15 and an absolute tolerance of 2.220446049250313e-15. Taking the real part, which may not be accurate.
└ @ ITensorMPS ~/.julia/packages/ITensorMPS/fZDBz/src/abstractmps.jl:1246
┌ Warning: norm² is 2.4761214602208095 - 5.626249010190048e-15im, which is not real up to a relative tolerance of 2.220446049250313e-15 and an absolute tolerance of 2.220446049250313e-15. Taking the real part, which may not be accurate.
└ @ ITensorMPS ~/.julia/packages/ITensorMPS/fZDBz/src/abstractmps.jl:1246
┌ Warning: log(norm²) is 1.2682611435766542 - 3.2230483213027116e-15im, which is not real up to a relative tolerance of 2.220446049250313e-15 and an absolute tolerance of 2.220446049250313e-15. Taking the real part, which may not be accurate.
└ @ ITensorMPS ~/.julia/packages/ITensorMPS/fZDBz/src/abstractmps.jl:1271
┌ Warning: norm² is 4.6433832986732314e17 + 1086.3669110164046im, which is not real up to a relative tolerance of 2.220446049250313e-15 and an absolute tolerance of 2.220446049250313e-15. Taking the real part, which may not be accurate.
└ @ ITensorMPS ~/.julia/packages/ITensorMPS/fZDBz/src/abstractmps.jl:1246
┌ Warning: norm² is 4.922722903563792e17 + 1289.4465489797294im, which is not real up to a relative tolerance of 2.220446049250313e-15 and an absolute tolerance of 2.220446049250313e-15. Taking the real part, which may not be accurate.
└ @ ITensorMPS ~/.julia/packages/ITensorMPS/fZDBz/src/abstractmps.jl:1246
┌ Warning: norm² is 3.426113942381008e17 + 836.7138928455897im, which is not real up to a relative tolerance of 2.220446049250313e-15 and an absolute tolerance of 2.220446049250313e-15. Taking the real part, which may not be accurate.
└ @ ITensorMPS ~/.julia/packages/ITensorMPS/fZDBz/src/abstractmps.jl:1246
┌ Warning: norm² is 3.48562381583784 - 7.886213232159163e-15im, which is not real up to a relative tolerance of 2.220446049250313e-15 and an absolute tolerance of 2.220446049250313e-15. Taking the real part, which may not be accurate.
└ @ ITensorMPS ~/.julia/packages/ITensorMPS/fZDBz/src/abstractmps.jl:1246
┌ Warning: norm² is 3.4895051792852803 - 8.87671526439962e-15im, which is not real up to a relative tolerance of 2.220446049250313e-15 and an absolute tolerance of 2.220446049250313e-15. Taking the real part, which may not be accurate.
└ @ ITensorMPS ~/.julia/packages/ITensorMPS/fZDBz/src/abstractmps.jl:1246
┌ Warning: norm² is 3.73889476116006 + 8.41288194723713e-15im, which is not real up to a relative tolerance of 2.220446049250313e-15 and an absolute tolerance of 2.220446049250313e-15. Taking the real part, which may not be accurate.
└ @ ITensorMPS ~/.julia/packages/ITensorMPS/fZDBz/src/abstractmps.jl:1246
┌ Warning: norm² is 3.733927404975025 - 1.0128720139309965e-14im, which is not real up to a relative tolerance of 2.220446049250313e-15 and an absolute tolerance of 2.220446049250313e-15. Taking the real part, which may not be accurate.
└ @ ITensorMPS ~/.julia/packages/ITensorMPS/fZDBz/src/abstractmps.jl:1246
┌ Warning: norm² is 3.2943277820384647 + 1.1344690000497229e-14im, which is not real up to a relative tolerance of 2.220446049250313e-15 and an absolute tolerance of 2.220446049250313e-15. Taking the real part, which may not be accurate.
└ @ ITensorMPS ~/.julia/packages/ITensorMPS/fZDBz/src/abstractmps.jl:1246
┌ Warning: norm² is 3.380421710390877 + 7.789985964773284e-15im, which is not real up to a relative tolerance of 2.220446049250313e-15 and an absolute tolerance of 2.220446049250313e-15. Taking the real part, which may not be accurate.
└ @ ITensorMPS ~/.julia/packages/ITensorMPS/fZDBz/src/abstractmps.jl:1246
┌ Warning: log(norm²) is 1.2109284119234682 - 3.4955924616428762e-15im, which is not real up to a relative tolerance of 2.220446049250313e-15 and an absolute tolerance of 2.220446049250313e-15. Taking the real part, which may not be accurate.
└ @ ITensorMPS ~/.julia/packages/ITensorMPS/fZDBz/src/abstractmps.jl:1271
┌ Warning: norm² is 3.5279295117744045e17 - 828.2945481493439im, which is not real up to a relative tolerance of 2.220446049250313e-15 and an absolute tolerance of 2.220446049250313e-15. Taking the real part, which may not be accurate.
└ @ ITensorMPS ~/.julia/packages/ITensorMPS/fZDBz/src/abstractmps.jl:1246
┌ Warning: norm² is 3.5068559505085216e17 + 831.1620454683485im, which is not real up to a relative tolerance of 2.220446049250313e-15 and an absolute tolerance of 2.220446049250313e-15. Taking the real part, which may not be accurate.
└ @ ITensorMPS ~/.julia/packages/ITensorMPS/fZDBz/src/abstractmps.jl:1246
┌ Warning: norm² is 5.94823718121552e17 - 1749.5605780556798im, which is not real up to a relative tolerance of 2.220446049250313e-15 and an absolute tolerance of 2.220446049250313e-15. Taking the real part, which may not be accurate.
└ @ ITensorMPS ~/.julia/packages/ITensorMPS/fZDBz/src/abstractmps.jl:1246
┌ Warning: norm² is 3.354325628263495e17 + 862.4713636679371im, which is not real up to a relative tolerance of 2.220446049250313e-15 and an absolute tolerance of 2.220446049250313e-15. Taking the real part, which may not be accurate.
└ @ ITensorMPS ~/.julia/packages/ITensorMPS/fZDBz/src/abstractmps.jl:1246
┌ Warning: norm² is 3.3652244452032343 + 9.321332659056095e-15im, which is not real up to a relative tolerance of 2.220446049250313e-15 and an absolute tolerance of 2.220446049250313e-15. Taking the real part, which may not be accurate.
└ @ ITensorMPS ~/.julia/packages/ITensorMPS/fZDBz/src/abstractmps.jl:1246
┌ Warning: norm² is 3.4051909446068243e17 + 828.8802358068315im, which is not real up to a relative tolerance of 2.220446049250313e-15 and an absolute tolerance of 2.220446049250313e-15. Taking the real part, which may not be accurate.
└ @ ITensorMPS ~/.julia/packages/ITensorMPS/fZDBz/src/abstractmps.jl:1246
┌ Warning: norm² is 3.3629729643570627 + 9.753921641990306e-15im, which is not real up to a relative tolerance of 2.220446049250313e-15 and an absolute tolerance of 2.220446049250313e-15. Taking the real part, which may not be accurate.
└ @ ITensorMPS ~/.julia/packages/ITensorMPS/fZDBz/src/abstractmps.jl:1246
┌ Warning: norm² is 4.943558168580487e17 + 1213.4209877420217im, which is not real up to a relative tolerance of 2.220446049250313e-15 and an absolute tolerance of 2.220446049250313e-15. Taking the real part, which may not be accurate.
└ @ ITensorMPS ~/.julia/packages/ITensorMPS/fZDBz/src/abstractmps.jl:1246
┌ Warning: norm² is 3.522946196195907 - 7.97543242438649e-15im, which is not real up to a relative tolerance of 2.220446049250313e-15 and an absolute tolerance of 2.220446049250313e-15. Taking the real part, which may not be accurate.
└ @ ITensorMPS ~/.julia/packages/ITensorMPS/fZDBz/src/abstractmps.jl:1246
┌ Warning: norm² is 3.5242351375803986 - 8.682812105512524e-15im, which is not real up to a relative tolerance of 2.220446049250313e-15 and an absolute tolerance of 2.220446049250313e-15. Taking the real part, which may not be accurate.
└ @ ITensorMPS ~/.julia/packages/ITensorMPS/fZDBz/src/abstractmps.jl:1246
┌ Warning: norm² is 3.9082415898323475e17 - 1140.9034983715974im, which is not real up to a relative tolerance of 2.220446049250313e-15 and an absolute tolerance of 2.220446049250313e-15. Taking the real part, which may not be accurate.
└ @ ITensorMPS ~/.julia/packages/ITensorMPS/fZDBz/src/abstractmps.jl:1246
┌ Warning: norm² is 3.525295426203484 - 8.230795897217497e-15im, which is not real up to a relative tolerance of 2.220446049250313e-15 and an absolute tolerance of 2.220446049250313e-15. Taking the real part, which may not be accurate.
└ @ ITensorMPS ~/.julia/packages/ITensorMPS/fZDBz/src/abstractmps.jl:1246
┌ Warning: norm² is 1.2911679027983304e17 - 363.0444674038795im, which is not real up to a relative tolerance of 2.220446049250313e-15 and an absolute tolerance of 2.220446049250313e-15. Taking the real part, which may not be accurate.
└ @ ITensorMPS ~/.julia/packages/ITensorMPS/fZDBz/src/abstractmps.jl:1246
┌ Warning: norm² is 3.3603677484045438 - 8.370389972087538e-15im, which is not real up to a relative tolerance of 2.220446049250313e-15 and an absolute tolerance of 2.220446049250313e-15. Taking the real part, which may not be accurate.
└ @ ITensorMPS ~/.julia/packages/ITensorMPS/fZDBz/src/abstractmps.jl:1246
┌ Warning: norm² is 3.7430656718354247 - 8.816695049127609e-15im, which is not real up to a relative tolerance of 2.220446049250313e-15 and an absolute tolerance of 2.220446049250313e-15. Taking the real part, which may not be accurate.
└ @ ITensorMPS ~/.julia/packages/ITensorMPS/fZDBz/src/abstractmps.jl:1246
┌ Warning: norm² is 3.3840640521398706 + 7.76818469638909e-15im, which is not real up to a relative tolerance of 2.220446049250313e-15 and an absolute tolerance of 2.220446049250313e-15. Taking the real part, which may not be accurate.
└ @ ITensorMPS ~/.julia/packages/ITensorMPS/fZDBz/src/abstractmps.jl:1246
┌ Warning: norm² is 3.5258098769965605 - 8.242729942573323e-15im, which is not real up to a relative tolerance of 2.220446049250313e-15 and an absolute tolerance of 2.220446049250313e-15. Taking the real part, which may not be accurate.
└ @ ITensorMPS ~/.julia/packages/ITensorMPS/fZDBz/src/abstractmps.jl:1246
┌ Warning: norm² is 3.373430591373946 - 7.670367659391158e-15im, which is not real up to a relative tolerance of 2.220446049250313e-15 and an absolute tolerance of 2.220446049250313e-15. Taking the real part, which may not be accurate.
└ @ ITensorMPS ~/.julia/packages/ITensorMPS/fZDBz/src/abstractmps.jl:1246
┌ Warning: norm² is 3.523187999908698 + 8.235945988199937e-15im, which is not real up to a relative tolerance of 2.220446049250313e-15 and an absolute tolerance of 2.220446049250313e-15. Taking the real part, which may not be accurate.
└ @ ITensorMPS ~/.julia/packages/ITensorMPS/fZDBz/src/abstractmps.jl:1246
┌ Warning: norm² is 3.372670903428221e17 - 1184.1854760142724im, which is not real up to a relative tolerance of 2.220446049250313e-15 and an absolute tolerance of 2.220446049250313e-15. Taking the real part, which may not be accurate.
└ @ ITensorMPS ~/.julia/packages/ITensorMPS/fZDBz/src/abstractmps.jl:1246
┌ Warning: norm² is 3.516473558335509e17 + 962.1498913331325im, which is not real up to a relative tolerance of 2.220446049250313e-15 and an absolute tolerance of 2.220446049250313e-15. Taking the real part, which may not be accurate.
└ @ ITensorMPS ~/.julia/packages/ITensorMPS/fZDBz/src/abstractmps.jl:1246
┌ Warning: log(norm²) is 1.2086947151769012 - 2.916685272915424e-15im, which is not real up to a relative tolerance of 2.220446049250313e-15 and an absolute tolerance of 2.220446049250313e-15. Taking the real part, which may not be accurate.
└ @ ITensorMPS ~/.julia/packages/ITensorMPS/fZDBz/src/abstractmps.jl:1271
┌ Warning: norm² is 1.2893535791924406e17 - 309.5263263085932im, which is not real up to a relative tolerance of 2.220446049250313e-15 and an absolute tolerance of 2.220446049250313e-15. Taking the real part, which may not be accurate.
└ @ ITensorMPS ~/.julia/packages/ITensorMPS/fZDBz/src/abstractmps.jl:1246
┌ Warning: norm² is 3.6229508837393483 + 8.498072367205142e-15im, which is not real up to a relative tolerance of 2.220446049250313e-15 and an absolute tolerance of 2.220446049250313e-15. Taking the real part, which may not be accurate.
└ @ ITensorMPS ~/.julia/packages/ITensorMPS/fZDBz/src/abstractmps.jl:1246
┌ Warning: norm² is 3.537596673977888e17 - 804.6334674740552im, which is not real up to a relative tolerance of 2.220446049250313e-15 and an absolute tolerance of 2.220446049250313e-15. Taking the real part, which may not be accurate.
└ @ ITensorMPS ~/.julia/packages/ITensorMPS/fZDBz/src/abstractmps.jl:1246
┌ Warning: norm² is 3.613401925288711 + 8.337169587681045e-15im, which is not real up to a relative tolerance of 2.220446049250313e-15 and an absolute tolerance of 2.220446049250313e-15. Taking the real part, which may not be accurate.
└ @ ITensorMPS ~/.julia/packages/ITensorMPS/fZDBz/src/abstractmps.jl:1246
┌ Warning: norm² is 3.8621899360778016e17 - 1587.3638837528415im, which is not real up to a relative tolerance of 2.220446049250313e-15 and an absolute tolerance of 2.220446049250313e-15. Taking the real part, which may not be accurate.
└ @ ITensorMPS ~/.julia/packages/ITensorMPS/fZDBz/src/abstractmps.jl:1246
┌ Warning: norm² is 3.5249254317160763 - 8.676944605090837e-15im, which is not real up to a relative tolerance of 2.220446049250313e-15 and an absolute tolerance of 2.220446049250313e-15. Taking the real part, which may not be accurate.
└ @ ITensorMPS ~/.julia/packages/ITensorMPS/fZDBz/src/abstractmps.jl:1246
┌ Warning: norm² is 3.536628718874604e17 - 917.4984294928317im, which is not real up to a relative tolerance of 2.220446049250313e-15 and an absolute tolerance of 2.220446049250313e-15. Taking the real part, which may not be accurate.
└ @ ITensorMPS ~/.julia/packages/ITensorMPS/fZDBz/src/abstractmps.jl:1246
┌ Warning: norm² is 3.531960126969249e17 + 900.7630957377849im, which is not real up to a relative tolerance of 2.220446049250313e-15 and an absolute tolerance of 2.220446049250313e-15. Taking the real part, which may not be accurate.
└ @ ITensorMPS ~/.julia/packages/ITensorMPS/fZDBz/src/abstractmps.jl:1246
┌ Warning: norm² is 3.347590637783154e17 - 747.644536685656im, which is not real up to a relative tolerance of 2.220446049250313e-15 and an absolute tolerance of 2.220446049250313e-15. Taking the real part, which may not be accurate.
└ @ ITensorMPS ~/.julia/packages/ITensorMPS/fZDBz/src/abstractmps.jl:1246
┌ Warning: norm² is 3.6136920497872214 - 9.59728988986184e-15im, which is not real up to a relative tolerance of 2.220446049250313e-15 and an absolute tolerance of 2.220446049250313e-15. Taking the real part, which may not be accurate.
└ @ ITensorMPS ~/.julia/packages/ITensorMPS/fZDBz/src/abstractmps.jl:1246
┌ Warning: norm² is 6.464870851814925e17 - 1989.3773988168687im, which is not real up to a relative tolerance of 2.220446049250313e-15 and an absolute tolerance of 2.220446049250313e-15. Taking the real part, which may not be accurate.
└ @ ITensorMPS ~/.julia/packages/ITensorMPS/fZDBz/src/abstractmps.jl:1246
┌ Warning: log(norm²) is 1.2104868286586166 - 3.097521997813401e-15im, which is not real up to a relative tolerance of 2.220446049250313e-15 and an absolute tolerance of 2.220446049250313e-15. Taking the real part, which may not be accurate.
└ @ ITensorMPS ~/.julia/packages/ITensorMPS/fZDBz/src/abstractmps.jl:1271
┌ Warning: norm² is 4.693823486384857e17 + 1138.9330357912695im, which is not real up to a relative tolerance of 2.220446049250313e-15 and an absolute tolerance of 2.220446049250313e-15. Taking the real part, which may not be accurate.
└ @ ITensorMPS ~/.julia/packages/ITensorMPS/fZDBz/src/abstractmps.jl:1246
┌ Warning: norm² is 3.6138319024856282 - 8.424817117197304e-15im, which is not real up to a relative tolerance of 2.220446049250313e-15 and an absolute tolerance of 2.220446049250313e-15. Taking the real part, which may not be accurate.
└ @ ITensorMPS ~/.julia/packages/ITensorMPS/fZDBz/src/abstractmps.jl:1246
┌ Warning: norm² is 1.2890001776694555e17 - 328.33116641912045im, which is not real up to a relative tolerance of 2.220446049250313e-15 and an absolute tolerance of 2.220446049250313e-15. Taking the real part, which may not be accurate.
└ @ ITensorMPS ~/.julia/packages/ITensorMPS/fZDBz/src/abstractmps.jl:1246
┌ Warning: norm² is 3.3846444962360076 - 9.09331459673787e-15im, which is not real up to a relative tolerance of 2.220446049250313e-15 and an absolute tolerance of 2.220446049250313e-15. Taking the real part, which may not be accurate.
└ @ ITensorMPS ~/.julia/packages/ITensorMPS/fZDBz/src/abstractmps.jl:1246
┌ Warning: norm² is 3.5401262339930016e17 + 1115.0969183211496im, which is not real up to a relative tolerance of 2.220446049250313e-15 and an absolute tolerance of 2.220446049250313e-15. Taking the real part, which may not be accurate.
└ @ ITensorMPS ~/.julia/packages/ITensorMPS/fZDBz/src/abstractmps.jl:1246
┌ Warning: norm² is 3.345188625903147e17 - 772.4248265827325im, which is not real up to a relative tolerance of 2.220446049250313e-15 and an absolute tolerance of 2.220446049250313e-15. Taking the real part, which may not be accurate.
└ @ ITensorMPS ~/.julia/packages/ITensorMPS/fZDBz/src/abstractmps.jl:1246
┌ Warning: norm² is 1.2911657258045709e17 - 333.38079775491775im, which is not real up to a relative tolerance of 2.220446049250313e-15 and an absolute tolerance of 2.220446049250313e-15. Taking the real part, which may not be accurate.
└ @ ITensorMPS ~/.julia/packages/ITensorMPS/fZDBz/src/abstractmps.jl:1246
┌ Warning: norm² is 3.3720659706601905 - 7.756673070304012e-15im, which is not real up to a relative tolerance of 2.220446049250313e-15 and an absolute tolerance of 2.220446049250313e-15. Taking the real part, which may not be accurate.
└ @ ITensorMPS ~/.julia/packages/ITensorMPS/fZDBz/src/abstractmps.jl:1246
┌ Warning: norm² is 3.525898142709411 - 9.671770527638144e-15im, which is not real up to a relative tolerance of 2.220446049250313e-15 and an absolute tolerance of 2.220446049250313e-15. Taking the real part, which may not be accurate.
└ @ ITensorMPS ~/.julia/packages/ITensorMPS/fZDBz/src/abstractmps.jl:1246
┌ Warning: norm² is 3.5351027103523654e17 + 788.3123054918922im, which is not real up to a relative tolerance of 2.220446049250313e-15 and an absolute tolerance of 2.220446049250313e-15. Taking the real part, which may not be accurate.
└ @ ITensorMPS ~/.julia/packages/ITensorMPS/fZDBz/src/abstractmps.jl:1246
┌ Warning: norm² is 3.2360366844353344e17 + 732.868402632419im, which is not real up to a relative tolerance of 2.220446049250313e-15 and an absolute tolerance of 2.220446049250313e-15. Taking the real part, which may not be accurate.
└ @ ITensorMPS ~/.julia/packages/ITensorMPS/fZDBz/src/abstractmps.jl:1246
┌ Warning: norm² is 3.7398981221941887 - 8.905880706615094e-15im, which is not real up to a relative tolerance of 2.220446049250313e-15 and an absolute tolerance of 2.220446049250313e-15. Taking the real part, which may not be accurate.
└ @ ITensorMPS ~/.julia/packages/ITensorMPS/fZDBz/src/abstractmps.jl:1246
┌ Warning: norm² is 3.372745529076473 + 1.0350404741118644e-14im, which is not real up to a relative tolerance of 2.220446049250313e-15 and an absolute tolerance of 2.220446049250313e-15. Taking the real part, which may not be accurate.
└ @ ITensorMPS ~/.julia/packages/ITensorMPS/fZDBz/src/abstractmps.jl:1246
┌ Warning: norm² is 3.610957597019488 + 8.46536913719395e-15im, which is not real up to a relative tolerance of 2.220446049250313e-15 and an absolute tolerance of 2.220446049250313e-15. Taking the real part, which may not be accurate.
└ @ ITensorMPS ~/.julia/packages/ITensorMPS/fZDBz/src/abstractmps.jl:1246
┌ Warning: norm² is 3.5323131874484614e17 - 1230.3364728000015im, which is not real up to a relative tolerance of 2.220446049250313e-15 and an absolute tolerance of 2.220446049250313e-15. Taking the real part, which may not be accurate.
└ @ ITensorMPS ~/.julia/packages/ITensorMPS/fZDBz/src/abstractmps.jl:1246
┌ Warning: log(norm²) is 1.2146763122627906 + 2.8516711446416562e-15im, which is not real up to a relative tolerance of 2.220446049250313e-15 and an absolute tolerance of 2.220446049250313e-15. Taking the real part, which may not be accurate.
└ @ ITensorMPS ~/.julia/packages/ITensorMPS/fZDBz/src/abstractmps.jl:1271
┌ Warning: norm² is 3.74166623331321 + 8.987626543772455e-15im, which is not real up to a relative tolerance of 2.220446049250313e-15 and an absolute tolerance of 2.220446049250313e-15. Taking the real part, which may not be accurate.
└ @ ITensorMPS ~/.julia/packages/ITensorMPS/fZDBz/src/abstractmps.jl:1246
┌ Warning: norm² is 3.7433326084955354 - 8.953018781761032e-15im, which is not real up to a relative tolerance of 2.220446049250313e-15 and an absolute tolerance of 2.220446049250313e-15. Taking the real part, which may not be accurate.
└ @ ITensorMPS ~/.julia/packages/ITensorMPS/fZDBz/src/abstractmps.jl:1246
┌ Warning: norm² is 3.6137651386403182 - 1.0071412472204413e-14im, which is not real up to a relative tolerance of 2.220446049250313e-15 and an absolute tolerance of 2.220446049250313e-15. Taking the real part, which may not be accurate.
└ @ ITensorMPS ~/.julia/packages/ITensorMPS/fZDBz/src/abstractmps.jl:1246
┌ Warning: norm² is 3.5238860201461404 - 8.740743159531777e-15im, which is not real up to a relative tolerance of 2.220446049250313e-15 and an absolute tolerance of 2.220446049250313e-15. Taking the real part, which may not be accurate.
└ @ ITensorMPS ~/.julia/packages/ITensorMPS/fZDBz/src/abstractmps.jl:1246
┌ Warning: norm² is 3.5257485883933968 - 9.317387898029159e-15im, which is not real up to a relative tolerance of 2.220446049250313e-15 and an absolute tolerance of 2.220446049250313e-15. Taking the real part, which may not be accurate.
└ @ ITensorMPS ~/.julia/packages/ITensorMPS/fZDBz/src/abstractmps.jl:1246
┌ Warning: norm² is 3.3704255523405178 - 1.1175427975644266e-14im, which is not real up to a relative tolerance of 2.220446049250313e-15 and an absolute tolerance of 2.220446049250313e-15. Taking the real part, which may not be accurate.
└ @ ITensorMPS ~/.julia/packages/ITensorMPS/fZDBz/src/abstractmps.jl:1246
┌ Warning: norm² is 4.8861578610174534e17 + 1134.1010841596872im, which is not real up to a relative tolerance of 2.220446049250313e-15 and an absolute tolerance of 2.220446049250313e-15. Taking the real part, which may not be accurate.
└ @ ITensorMPS ~/.julia/packages/ITensorMPS/fZDBz/src/abstractmps.jl:1246
┌ Warning: log(norm²) is 1.2593502552065117 + 2.8503877362096608e-15im, which is not real up to a relative tolerance of 2.220446049250313e-15 and an absolute tolerance of 2.220446049250313e-15. Taking the real part, which may not be accurate.
└ @ ITensorMPS ~/.julia/packages/ITensorMPS/fZDBz/src/abstractmps.jl:1271
┌ Warning: norm² is 3.770591956664604e17 + 887.0682009467855im, which is not real up to a relative tolerance of 2.220446049250313e-15 and an absolute tolerance of 2.220446049250313e-15. Taking the real part, which may not be accurate.
└ @ ITensorMPS ~/.julia/packages/ITensorMPS/fZDBz/src/abstractmps.jl:1246
┌ Warning: norm² is 7.260778362334186e17 + 1655.047590635717im, which is not real up to a relative tolerance of 2.220446049250313e-15 and an absolute tolerance of 2.220446049250313e-15. Taking the real part, which may not be accurate.
└ @ ITensorMPS ~/.julia/packages/ITensorMPS/fZDBz/src/abstractmps.jl:1246
┌ Warning: norm² is 3.6120941315597417 + 1.0001305079678075e-14im, which is not real up to a relative tolerance of 2.220446049250313e-15 and an absolute tolerance of 2.220446049250313e-15. Taking the real part, which may not be accurate.
└ @ ITensorMPS ~/.julia/packages/ITensorMPS/fZDBz/src/abstractmps.jl:1246
┌ Warning: norm² is 3.742603578901259 + 9.870096116934602e-15im, which is not real up to a relative tolerance of 2.220446049250313e-15 and an absolute tolerance of 2.220446049250313e-15. Taking the real part, which may not be accurate.
└ @ ITensorMPS ~/.julia/packages/ITensorMPS/fZDBz/src/abstractmps.jl:1246
┌ Warning: norm² is 1.2888092446958275e17 + 307.2498764605375im, which is not real up to a relative tolerance of 2.220446049250313e-15 and an absolute tolerance of 2.220446049250313e-15. Taking the real part, which may not be accurate.
└ @ ITensorMPS ~/.julia/packages/ITensorMPS/fZDBz/src/abstractmps.jl:1246
┌ Warning: norm² is 3.37202435635086e17 + 802.7932827437571im, which is not real up to a relative tolerance of 2.220446049250313e-15 and an absolute tolerance of 2.220446049250313e-15. Taking the real part, which may not be accurate.
└ @ ITensorMPS ~/.julia/packages/ITensorMPS/fZDBz/src/abstractmps.jl:1246
┌ Warning: norm² is 3.611408175732324 - 9.243337219938225e-15im, which is not real up to a relative tolerance of 2.220446049250313e-15 and an absolute tolerance of 2.220446049250313e-15. Taking the real part, which may not be accurate.
└ @ ITensorMPS ~/.julia/packages/ITensorMPS/fZDBz/src/abstractmps.jl:1246
┌ Warning: norm² is 1.2909718633781278e17 + 331.7077851278342im, which is not real up to a relative tolerance of 2.220446049250313e-15 and an absolute tolerance of 2.220446049250313e-15. Taking the real part, which may not be accurate.
└ @ ITensorMPS ~/.julia/packages/ITensorMPS/fZDBz/src/abstractmps.jl:1246
┌ Warning: norm² is 3.1549955059475744e17 + 749.3867521360517im, which is not real up to a relative tolerance of 2.220446049250313e-15 and an absolute tolerance of 2.220446049250313e-15. Taking the real part, which may not be accurate.
└ @ ITensorMPS ~/.julia/packages/ITensorMPS/fZDBz/src/abstractmps.jl:1246
┌ Warning: norm² is 3.529340908030054e17 + 966.4384286633383im, which is not real up to a relative tolerance of 2.220446049250313e-15 and an absolute tolerance of 2.220446049250313e-15. Taking the real part, which may not be accurate.
└ @ ITensorMPS ~/.julia/packages/ITensorMPS/fZDBz/src/abstractmps.jl:1246
┌ Warning: norm² is 3.3733756521590506 - 8.959314431676758e-15im, which is not real up to a relative tolerance of 2.220446049250313e-15 and an absolute tolerance of 2.220446049250313e-15. Taking the real part, which may not be accurate.
└ @ ITensorMPS ~/.julia/packages/ITensorMPS/fZDBz/src/abstractmps.jl:1246
┌ Warning: norm² is 3.346431788580876e17 + 946.9494326141487im, which is not real up to a relative tolerance of 2.220446049250313e-15 and an absolute tolerance of 2.220446049250313e-15. Taking the real part, which may not be accurate.
└ @ ITensorMPS ~/.julia/packages/ITensorMPS/fZDBz/src/abstractmps.jl:1246
┌ Warning: norm² is 3.53547765393283e17 + 1019.3067197899397im, which is not real up to a relative tolerance of 2.220446049250313e-15 and an absolute tolerance of 2.220446049250313e-15. Taking the real part, which may not be accurate.
└ @ ITensorMPS ~/.julia/packages/ITensorMPS/fZDBz/src/abstractmps.jl:1246
┌ Warning: norm² is 2.9696672140851366e17 + 718.0566864027642im, which is not real up to a relative tolerance of 2.220446049250313e-15 and an absolute tolerance of 2.220446049250313e-15. Taking the real part, which may not be accurate.
└ @ ITensorMPS ~/.julia/packages/ITensorMPS/fZDBz/src/abstractmps.jl:1246
┌ Warning: norm² is 3.742557071059423 + 9.077613665366149e-15im, which is not real up to a relative tolerance of 2.220446049250313e-15 and an absolute tolerance of 2.220446049250313e-15. Taking the real part, which may not be accurate.
└ @ ITensorMPS ~/.julia/packages/ITensorMPS/fZDBz/src/abstractmps.jl:1246
┌ Warning: norm² is 3.5352044671957734e17 - 993.1563490244192im, which is not real up to a relative tolerance of 2.220446049250313e-15 and an absolute tolerance of 2.220446049250313e-15. Taking the real part, which may not be accurate.
└ @ ITensorMPS ~/.julia/packages/ITensorMPS/fZDBz/src/abstractmps.jl:1246
┌ Warning: norm² is 3.5356940783338797e17 + 1130.0792367934023im, which is not real up to a relative tolerance of 2.220446049250313e-15 and an absolute tolerance of 2.220446049250313e-15. Taking the real part, which may not be accurate.
└ @ ITensorMPS ~/.julia/packages/ITensorMPS/fZDBz/src/abstractmps.jl:1246
┌ Warning: norm² is 3.357755272363832e17 + 866.3137631436175im, which is not real up to a relative tolerance of 2.220446049250313e-15 and an absolute tolerance of 2.220446049250313e-15. Taking the real part, which may not be accurate.
└ @ ITensorMPS ~/.julia/packages/ITensorMPS/fZDBz/src/abstractmps.jl:1246
┌ Warning: norm² is 3.3602364601611923e17 - 746.5040985383239im, which is not real up to a relative tolerance of 2.220446049250313e-15 and an absolute tolerance of 2.220446049250313e-15. Taking the real part, which may not be accurate.
└ @ ITensorMPS ~/.julia/packages/ITensorMPS/fZDBz/src/abstractmps.jl:1246
┌ Warning: norm² is 3.3514946054046 - 9.57716633624035e-15im, which is not real up to a relative tolerance of 2.220446049250313e-15 and an absolute tolerance of 2.220446049250313e-15. Taking the real part, which may not be accurate.
└ @ ITensorMPS ~/.julia/packages/ITensorMPS/fZDBz/src/abstractmps.jl:1246
┌ Warning: norm² is 3.3522041318615923 - 7.744940797719644e-15im, which is not real up to a relative tolerance of 2.220446049250313e-15 and an absolute tolerance of 2.220446049250313e-15. Taking the real part, which may not be accurate.
└ @ ITensorMPS ~/.julia/packages/ITensorMPS/fZDBz/src/abstractmps.jl:1246
┌ Warning: norm² is 3.521095731722319e17 + 972.3889722138406im, which is not real up to a relative tolerance of 2.220446049250313e-15 and an absolute tolerance of 2.220446049250313e-15. Taking the real part, which may not be accurate.
└ @ ITensorMPS ~/.julia/packages/ITensorMPS/fZDBz/src/abstractmps.jl:1246
┌ Warning: norm² is 3.370954424653742e17 - 839.6166152155856im, which is not real up to a relative tolerance of 2.220446049250313e-15 and an absolute tolerance of 2.220446049250313e-15. Taking the real part, which may not be accurate.
└ @ ITensorMPS ~/.julia/packages/ITensorMPS/fZDBz/src/abstractmps.jl:1246
┌ Warning: norm² is 3.3490852315227215 + 8.140910199529256e-15im, which is not real up to a relative tolerance of 2.220446049250313e-15 and an absolute tolerance of 2.220446049250313e-15. Taking the real part, which may not be accurate.
└ @ ITensorMPS ~/.julia/packages/ITensorMPS/fZDBz/src/abstractmps.jl:1246
┌ Warning: norm² is 3.7436767225839733 + 1.0884618489537153e-14im, which is not real up to a relative tolerance of 2.220446049250313e-15 and an absolute tolerance of 2.220446049250313e-15. Taking the real part, which may not be accurate.
└ @ ITensorMPS ~/.julia/packages/ITensorMPS/fZDBz/src/abstractmps.jl:1246
┌ Warning: norm² is 3.5243728723281795 + 7.92084001138881e-15im, which is not real up to a relative tolerance of 2.220446049250313e-15 and an absolute tolerance of 2.220446049250313e-15. Taking the real part, which may not be accurate.
└ @ ITensorMPS ~/.julia/packages/ITensorMPS/fZDBz/src/abstractmps.jl:1246
┌ Warning: norm² is 3.370930584801982e17 - 922.0044876025813im, which is not real up to a relative tolerance of 2.220446049250313e-15 and an absolute tolerance of 2.220446049250313e-15. Taking the real part, which may not be accurate.
└ @ ITensorMPS ~/.julia/packages/ITensorMPS/fZDBz/src/abstractmps.jl:1246
┌ Warning: norm² is 1.2910613388815277e17 - 294.7300715372343im, which is not real up to a relative tolerance of 2.220446049250313e-15 and an absolute tolerance of 2.220446049250313e-15. Taking the real part, which may not be accurate.
└ @ ITensorMPS ~/.julia/packages/ITensorMPS/fZDBz/src/abstractmps.jl:1246
┌ Warning: norm² is 3.614087545767354 + 9.412439102142723e-15im, which is not real up to a relative tolerance of 2.220446049250313e-15 and an absolute tolerance of 2.220446049250313e-15. Taking the real part, which may not be accurate.
└ @ ITensorMPS ~/.julia/packages/ITensorMPS/fZDBz/src/abstractmps.jl:1246
┌ Warning: norm² is 3.5389990824361094e17 + 1240.2021708859397im, which is not real up to a relative tolerance of 2.220446049250313e-15 and an absolute tolerance of 2.220446049250313e-15. Taking the real part, which may not be accurate.
└ @ ITensorMPS ~/.julia/packages/ITensorMPS/fZDBz/src/abstractmps.jl:1246
┌ Warning: log(norm²) is 1.3191075899290148 - 3.2494328645616335e-15im, which is not real up to a relative tolerance of 2.220446049250313e-15 and an absolute tolerance of 2.220446049250313e-15. Taking the real part, which may not be accurate.
└ @ ITensorMPS ~/.julia/packages/ITensorMPS/fZDBz/src/abstractmps.jl:1271
┌ Warning: log(norm²) is 1.2076544805315248 - 2.7874455145888906e-15im, which is not real up to a relative tolerance of 2.220446049250313e-15 and an absolute tolerance of 2.220446049250313e-15. Taking the real part, which may not be accurate.
└ @ ITensorMPS ~/.julia/packages/ITensorMPS/fZDBz/src/abstractmps.jl:1271
┌ Warning: norm² is 3.346955983236211 + 1.0652550789038638e-14im, which is not real up to a relative tolerance of 2.220446049250313e-15 and an absolute tolerance of 2.220446049250313e-15. Taking the real part, which may not be accurate.
└ @ ITensorMPS ~/.julia/packages/ITensorMPS/fZDBz/src/abstractmps.jl:1246
┌ Warning: norm² is 3.385093475917242 - 1.0307554239326471e-14im, which is not real up to a relative tolerance of 2.220446049250313e-15 and an absolute tolerance of 2.220446049250313e-15. Taking the real part, which may not be accurate.
└ @ ITensorMPS ~/.julia/packages/ITensorMPS/fZDBz/src/abstractmps.jl:1246
┌ Warning: log(norm²) is 1.3198766430540223 + 3.059264488913942e-15im, which is not real up to a relative tolerance of 2.220446049250313e-15 and an absolute tolerance of 2.220446049250313e-15. Taking the real part, which may not be accurate.
└ @ ITensorMPS ~/.julia/packages/ITensorMPS/fZDBz/src/abstractmps.jl:1271
┌ Warning: norm² is 4.5712547141054496e17 - 1332.86823197396im, which is not real up to a relative tolerance of 2.220446049250313e-15 and an absolute tolerance of 2.220446049250313e-15. Taking the real part, which may not be accurate.
└ @ ITensorMPS ~/.julia/packages/ITensorMPS/fZDBz/src/abstractmps.jl:1246
┌ Warning: norm² is 4.0090208469867296e17 - 1109.5456330692396im, which is not real up to a relative tolerance of 2.220446049250313e-15 and an absolute tolerance of 2.220446049250313e-15. Taking the real part, which may not be accurate.
└ @ ITensorMPS ~/.julia/packages/ITensorMPS/fZDBz/src/abstractmps.jl:1246
┌ Warning: norm² is 3.371685415824078e17 - 787.0316095470462im, which is not real up to a relative tolerance of 2.220446049250313e-15 and an absolute tolerance of 2.220446049250313e-15. Taking the real part, which may not be accurate.
└ @ ITensorMPS ~/.julia/packages/ITensorMPS/fZDBz/src/abstractmps.jl:1246
┌ Warning: norm² is 3.5225199552524704 + 7.854807174177646e-15im, which is not real up to a relative tolerance of 2.220446049250313e-15 and an absolute tolerance of 2.220446049250313e-15. Taking the real part, which may not be accurate.
└ @ ITensorMPS ~/.julia/packages/ITensorMPS/fZDBz/src/abstractmps.jl:1246
┌ Warning: log(norm²) is 1.208182240181583 - 2.6873175675712315e-15im, which is not real up to a relative tolerance of 2.220446049250313e-15 and an absolute tolerance of 2.220446049250313e-15. Taking the real part, which may not be accurate.
└ @ ITensorMPS ~/.julia/packages/ITensorMPS/fZDBz/src/abstractmps.jl:1271
┌ Warning: norm² is 3.3669333909560586 + 7.733301351343616e-15im, which is not real up to a relative tolerance of 2.220446049250313e-15 and an absolute tolerance of 2.220446049250313e-15. Taking the real part, which may not be accurate.
└ @ ITensorMPS ~/.julia/packages/ITensorMPS/fZDBz/src/abstractmps.jl:1246
┌ Warning: norm² is 3.387860260431726 - 8.240145933543414e-15im, which is not real up to a relative tolerance of 2.220446049250313e-15 and an absolute tolerance of 2.220446049250313e-15. Taking the real part, which may not be accurate.
└ @ ITensorMPS ~/.julia/packages/ITensorMPS/fZDBz/src/abstractmps.jl:1246
┌ Warning: norm² is 3.537352205857137e17 - 826.0658120460162im, which is not real up to a relative tolerance of 2.220446049250313e-15 and an absolute tolerance of 2.220446049250313e-15. Taking the real part, which may not be accurate.
└ @ ITensorMPS ~/.julia/packages/ITensorMPS/fZDBz/src/abstractmps.jl:1246
┌ Warning: norm² is 3.379877310030424e17 - 860.9286898393511im, which is not real up to a relative tolerance of 2.220446049250313e-15 and an absolute tolerance of 2.220446049250313e-15. Taking the real part, which may not be accurate.
└ @ ITensorMPS ~/.julia/packages/ITensorMPS/fZDBz/src/abstractmps.jl:1246
┌ Warning: norm² is 3.524773652564961 + 9.351133469833644e-15im, which is not real up to a relative tolerance of 2.220446049250313e-15 and an absolute tolerance of 2.220446049250313e-15. Taking the real part, which may not be accurate.
└ @ ITensorMPS ~/.julia/packages/ITensorMPS/fZDBz/src/abstractmps.jl:1246
┌ Warning: norm² is 3.530622968649921e17 + 812.6361824558271im, which is not real up to a relative tolerance of 2.220446049250313e-15 and an absolute tolerance of 2.220446049250313e-15. Taking the real part, which may not be accurate.
└ @ ITensorMPS ~/.julia/packages/ITensorMPS/fZDBz/src/abstractmps.jl:1246
┌ Warning: norm² is 3.525558806008795 - 8.112427248616016e-15im, which is not real up to a relative tolerance of 2.220446049250313e-15 and an absolute tolerance of 2.220446049250313e-15. Taking the real part, which may not be accurate.
└ @ ITensorMPS ~/.julia/packages/ITensorMPS/fZDBz/src/abstractmps.jl:1246
┌ Warning: norm² is 3.367746283540687 + 7.90667718278364e-15im, which is not real up to a relative tolerance of 2.220446049250313e-15 and an absolute tolerance of 2.220446049250313e-15. Taking the real part, which may not be accurate.
└ @ ITensorMPS ~/.julia/packages/ITensorMPS/fZDBz/src/abstractmps.jl:1246
┌ Warning: norm² is 3.0266842585991955e17 - 820.1120565989986im, which is not real up to a relative tolerance of 2.220446049250313e-15 and an absolute tolerance of 2.220446049250313e-15. Taking the real part, which may not be accurate.
└ @ ITensorMPS ~/.julia/packages/ITensorMPS/fZDBz/src/abstractmps.jl:1246
┌ Warning: norm² is 3.144586801536638e17 - 781.5518426625058im, which is not real up to a relative tolerance of 2.220446049250313e-15 and an absolute tolerance of 2.220446049250313e-15. Taking the real part, which may not be accurate.
└ @ ITensorMPS ~/.julia/packages/ITensorMPS/fZDBz/src/abstractmps.jl:1246
┌ Warning: norm² is 3.348581829202385 + 7.719015896669891e-15im, which is not real up to a relative tolerance of 2.220446049250313e-15 and an absolute tolerance of 2.220446049250313e-15. Taking the real part, which may not be accurate.
└ @ ITensorMPS ~/.julia/packages/ITensorMPS/fZDBz/src/abstractmps.jl:1246
┌ Warning: norm² is 1.29044655329986e17 + 307.15188826256633im, which is not real up to a relative tolerance of 2.220446049250313e-15 and an absolute tolerance of 2.220446049250313e-15. Taking the real part, which may not be accurate.
└ @ ITensorMPS ~/.julia/packages/ITensorMPS/fZDBz/src/abstractmps.jl:1246
┌ Warning: norm² is 5.168927746442923e17 - 1165.170860314276im, which is not real up to a relative tolerance of 2.220446049250313e-15 and an absolute tolerance of 2.220446049250313e-15. Taking the real part, which may not be accurate.
└ @ ITensorMPS ~/.julia/packages/ITensorMPS/fZDBz/src/abstractmps.jl:1246
┌ Warning: norm² is 3.361199958313988 - 8.512703414904769e-15im, which is not real up to a relative tolerance of 2.220446049250313e-15 and an absolute tolerance of 2.220446049250313e-15. Taking the real part, which may not be accurate.
└ @ ITensorMPS ~/.julia/packages/ITensorMPS/fZDBz/src/abstractmps.jl:1246
[ Info: [rtm_p0.5] T=8.0  stuck@621  k=4  |θ0|=2.1628  gap=0.879  peak=0.8881  r=[2.3e-09,3.3e-09,3.3e-09,5.2e-09]  26282s
[ Info: Checking symmetry MPO tensor on physical(space) => bond(time) indices
┌ Warning: Tensor *not* symmetric (dim=2|id=434|"S=1/2,Site") <-> (dim=2|id=434|"S=1/2,Site")', normdiff = 0.27616420236277306
└ @ ITransverse ~/.julia/packages/ITransverse/8pmYI/src/ITenUtils/itensor_utils.jl:93
[ Info: Checking symmetry MPO tensor on bond(space) => phys(time) indices
┌ Warning: Tensor *not* symmetric (dim=7|id=572|"Link,l=1") <-> (dim=7|id=12|"Link,l=2"), normdiff = 1.3391131620216266
└ @ ITransverse ~/.julia/packages/ITransverse/8pmYI/src/ITenUtils/itensor_utils.jl:93
[ Info: Checking symmetry MPO tensor on physical(space) => bond(time) indices
┌ Warning: Tensor *not* symmetric (dim=2|id=689|"S=1/2,Site") <-> (dim=2|id=689|"S=1/2,Site")', normdiff = 0.27616420236277306
└ @ ITransverse ~/.julia/packages/ITransverse/8pmYI/src/ITenUtils/itensor_utils.jl:93
[ Info: Checking symmetry MPO tensor on bond(space) => phys(time) indices
┌ Warning: Tensor *not* symmetric (dim=7|id=920|"Link,l=1") <-> (dim=7|id=235|"Link,l=2"), normdiff = 1.5642546233009471
└ @ ITransverse ~/.julia/packages/ITransverse/8pmYI/src/ITenUtils/itensor_utils.jl:93
┌ Warning: log(norm²) is -7.993605777301124e-15 + 2.467189722141758e-15im, which is not real up to a relative tolerance of 2.220446049250313e-15 and an absolute tolerance of 2.220446049250313e-15. Taking the real part, which may not be accurate.
└ @ ITensorMPS ~/.julia/packages/ITensorMPS/fZDBz/src/abstractmps.jl:1271
┌ Warning: norm² is 1.0555777848136888e21 + 2.648427733642578e6im, which is not real up to a relative tolerance of 2.220446049250313e-15 and an absolute tolerance of 2.220446049250313e-15. Taking the real part, which may not be accurate.
└ @ ITensorMPS ~/.julia/packages/ITensorMPS/fZDBz/src/abstractmps.jl:1246
┌ Warning: norm² is 1.943974550225619 + 5.8535576949260546e-15im, which is not real up to a relative tolerance of 2.220446049250313e-15 and an absolute tolerance of 2.220446049250313e-15. Taking the real part, which may not be accurate.
└ @ ITensorMPS ~/.julia/packages/ITensorMPS/fZDBz/src/abstractmps.jl:1246
┌ Warning: norm² is 2.4124143251753915e22 - 7.528238435644531e7im, which is not real up to a relative tolerance of 2.220446049250313e-15 and an absolute tolerance of 2.220446049250313e-15. Taking the real part, which may not be accurate.
└ @ ITensorMPS ~/.julia/packages/ITensorMPS/fZDBz/src/abstractmps.jl:1246
┌ Warning: norm² is 5.661527330089512e21 + 1.5174819983322144e7im, which is not real up to a relative tolerance of 2.220446049250313e-15 and an absolute tolerance of 2.220446049250313e-15. Taking the real part, which may not be accurate.
└ @ ITensorMPS ~/.julia/packages/ITensorMPS/fZDBz/src/abstractmps.jl:1246
┌ Warning: norm² is 1.5328519416310923e20 + 359546.0707244873im, which is not real up to a relative tolerance of 2.220446049250313e-15 and an absolute tolerance of 2.220446049250313e-15. Taking the real part, which may not be accurate.
└ @ ITensorMPS ~/.julia/packages/ITensorMPS/fZDBz/src/abstractmps.jl:1246
┌ Warning: norm² is 2.3961328178281205e20 + 542896.742222786im, which is not real up to a relative tolerance of 2.220446049250313e-15 and an absolute tolerance of 2.220446049250313e-15. Taking the real part, which may not be accurate.
└ @ ITensorMPS ~/.julia/packages/ITensorMPS/fZDBz/src/abstractmps.jl:1246
┌ Warning: norm² is 5.674483954899175e22 + 1.3154826999951172e8im, which is not real up to a relative tolerance of 2.220446049250313e-15 and an absolute tolerance of 2.220446049250313e-15. Taking the real part, which may not be accurate.
└ @ ITensorMPS ~/.julia/packages/ITensorMPS/fZDBz/src/abstractmps.jl:1246
┌ Warning: log(norm²) is 1.113850900967722 + 3.057147630470458e-15im, which is not real up to a relative tolerance of 2.220446049250313e-15 and an absolute tolerance of 2.220446049250313e-15. Taking the real part, which may not be accurate.
└ @ ITensorMPS ~/.julia/packages/ITensorMPS/fZDBz/src/abstractmps.jl:1271
┌ Warning: norm² is 2.3547356461105886e20 + 639422.0131912231im, which is not real up to a relative tolerance of 2.220446049250313e-15 and an absolute tolerance of 2.220446049250313e-15. Taking the real part, which may not be accurate.
└ @ ITensorMPS ~/.julia/packages/ITensorMPS/fZDBz/src/abstractmps.jl:1246
┌ Warning: log(norm²) is 0.8595983781858083 - 2.3001980414210045e-15im, which is not real up to a relative tolerance of 2.220446049250313e-15 and an absolute tolerance of 2.220446049250313e-15. Taking the real part, which may not be accurate.
└ @ ITensorMPS ~/.julia/packages/ITensorMPS/fZDBz/src/abstractmps.jl:1271
┌ Warning: norm² is 1.3853764445701737e21 - 4.9567769061431885e6im, which is not real up to a relative tolerance of 2.220446049250313e-15 and an absolute tolerance of 2.220446049250313e-15. Taking the real part, which may not be accurate.
└ @ ITensorMPS ~/.julia/packages/ITensorMPS/fZDBz/src/abstractmps.jl:1246
┌ Warning: log(norm²) is 0.8463555112856731 + 2.9693153406494257e-15im, which is not real up to a relative tolerance of 2.220446049250313e-15 and an absolute tolerance of 2.220446049250313e-15. Taking the real part, which may not be accurate.
└ @ ITensorMPS ~/.julia/packages/ITensorMPS/fZDBz/src/abstractmps.jl:1271
┌ Warning: norm² is 1.3859719882849704e21 - 4.725791913013458e6im, which is not real up to a relative tolerance of 2.220446049250313e-15 and an absolute tolerance of 2.220446049250313e-15. Taking the real part, which may not be accurate.
└ @ ITensorMPS ~/.julia/packages/ITensorMPS/fZDBz/src/abstractmps.jl:1246
┌ Warning: norm² is 4.74471378817482 - 1.3262998435347483e-14im, which is not real up to a relative tolerance of 2.220446049250313e-15 and an absolute tolerance of 2.220446049250313e-15. Taking the real part, which may not be accurate.
└ @ ITensorMPS ~/.julia/packages/ITensorMPS/fZDBz/src/abstractmps.jl:1246
┌ Warning: norm² is 6.580735019907894e20 + 1.590329711341858e6im, which is not real up to a relative tolerance of 2.220446049250313e-15 and an absolute tolerance of 2.220446049250313e-15. Taking the real part, which may not be accurate.
└ @ ITensorMPS ~/.julia/packages/ITensorMPS/fZDBz/src/abstractmps.jl:1246
┌ Warning: log(norm²) is 0.6939143239836679 + 2.558621496233076e-15im, which is not real up to a relative tolerance of 2.220446049250313e-15 and an absolute tolerance of 2.220446049250313e-15. Taking the real part, which may not be accurate.
└ @ ITensorMPS ~/.julia/packages/ITensorMPS/fZDBz/src/abstractmps.jl:1271
┌ Warning: norm² is 9.771639937560584e20 - 3.345439373901367e6im, which is not real up to a relative tolerance of 2.220446049250313e-15 and an absolute tolerance of 2.220446049250313e-15. Taking the real part, which may not be accurate.
└ @ ITensorMPS ~/.julia/packages/ITensorMPS/fZDBz/src/abstractmps.jl:1246
┌ Warning: norm² is 7.615933921387769e20 + 2.0091574799194336e6im, which is not real up to a relative tolerance of 2.220446049250313e-15 and an absolute tolerance of 2.220446049250313e-15. Taking the real part, which may not be accurate.
└ @ ITensorMPS ~/.julia/packages/ITensorMPS/fZDBz/src/abstractmps.jl:1246
┌ Warning: norm² is 9.997900589948617e19 - 292962.9360704422im, which is not real up to a relative tolerance of 2.220446049250313e-15 and an absolute tolerance of 2.220446049250313e-15. Taking the real part, which may not be accurate.
└ @ ITensorMPS ~/.julia/packages/ITensorMPS/fZDBz/src/abstractmps.jl:1246
┌ Warning: norm² is 1.2995244083034305e20 - 289316.3215713501im, which is not real up to a relative tolerance of 2.220446049250313e-15 and an absolute tolerance of 2.220446049250313e-15. Taking the real part, which may not be accurate.
└ @ ITensorMPS ~/.julia/packages/ITensorMPS/fZDBz/src/abstractmps.jl:1246
┌ Warning: norm² is 3.134323530381153 - 9.308138076939315e-15im, which is not real up to a relative tolerance of 2.220446049250313e-15 and an absolute tolerance of 2.220446049250313e-15. Taking the real part, which may not be accurate.
└ @ ITensorMPS ~/.julia/packages/ITensorMPS/fZDBz/src/abstractmps.jl:1246
┌ Warning: norm² is 1.8974185122706673e20 - 475414.1221381426im, which is not real up to a relative tolerance of 2.220446049250313e-15 and an absolute tolerance of 2.220446049250313e-15. Taking the real part, which may not be accurate.
└ @ ITensorMPS ~/.julia/packages/ITensorMPS/fZDBz/src/abstractmps.jl:1246
┌ Warning: norm² is 5.664144947859442e19 - 155909.0790083818im, which is not real up to a relative tolerance of 2.220446049250313e-15 and an absolute tolerance of 2.220446049250313e-15. Taking the real part, which may not be accurate.
└ @ ITensorMPS ~/.julia/packages/ITensorMPS/fZDBz/src/abstractmps.jl:1246
┌ Warning: norm² is 3.8122532578515793 + 9.630146796018402e-15im, which is not real up to a relative tolerance of 2.220446049250313e-15 and an absolute tolerance of 2.220446049250313e-15. Taking the real part, which may not be accurate.
└ @ ITensorMPS ~/.julia/packages/ITensorMPS/fZDBz/src/abstractmps.jl:1246
┌ Warning: log(norm²) is 0.9983501981455765 + 2.2495429956665643e-15im, which is not real up to a relative tolerance of 2.220446049250313e-15 and an absolute tolerance of 2.220446049250313e-15. Taking the real part, which may not be accurate.
└ @ ITensorMPS ~/.julia/packages/ITensorMPS/fZDBz/src/abstractmps.jl:1271
┌ Warning: norm² is 3.347013776833471 - 8.227822710553707e-15im, which is not real up to a relative tolerance of 2.220446049250313e-15 and an absolute tolerance of 2.220446049250313e-15. Taking the real part, which may not be accurate.
└ @ ITensorMPS ~/.julia/packages/ITensorMPS/fZDBz/src/abstractmps.jl:1246
┌ Warning: norm² is 3.4326302609831405 + 1.076934329877882e-14im, which is not real up to a relative tolerance of 2.220446049250313e-15 and an absolute tolerance of 2.220446049250313e-15. Taking the real part, which may not be accurate.
└ @ ITensorMPS ~/.julia/packages/ITensorMPS/fZDBz/src/abstractmps.jl:1246
┌ Warning: norm² is 2.766500123714374 - 7.06441839973475e-15im, which is not real up to a relative tolerance of 2.220446049250313e-15 and an absolute tolerance of 2.220446049250313e-15. Taking the real part, which may not be accurate.
└ @ ITensorMPS ~/.julia/packages/ITensorMPS/fZDBz/src/abstractmps.jl:1246
┌ Warning: norm² is 3.7502500295779675 - 8.458621616297101e-15im, which is not real up to a relative tolerance of 2.220446049250313e-15 and an absolute tolerance of 2.220446049250313e-15. Taking the real part, which may not be accurate.
└ @ ITensorMPS ~/.julia/packages/ITensorMPS/fZDBz/src/abstractmps.jl:1246
┌ Warning: norm² is 1.0468055488026044e20 + 275287.736360237im, which is not real up to a relative tolerance of 2.220446049250313e-15 and an absolute tolerance of 2.220446049250313e-15. Taking the real part, which may not be accurate.
└ @ ITensorMPS ~/.julia/packages/ITensorMPS/fZDBz/src/abstractmps.jl:1246
┌ Warning: log(norm²) is 1.181295327043673 - 2.68436104259737e-15im, which is not real up to a relative tolerance of 2.220446049250313e-15 and an absolute tolerance of 2.220446049250313e-15. Taking the real part, which may not be accurate.
└ @ ITensorMPS ~/.julia/packages/ITensorMPS/fZDBz/src/abstractmps.jl:1271
┌ Warning: norm² is 6.389601391578622e19 + 147490.26829404943im, which is not real up to a relative tolerance of 2.220446049250313e-15 and an absolute tolerance of 2.220446049250313e-15. Taking the real part, which may not be accurate.
└ @ ITensorMPS ~/.julia/packages/ITensorMPS/fZDBz/src/abstractmps.jl:1246
┌ Warning: norm² is 1.6119562961981613 + 3.985436290281128e-15im, which is not real up to a relative tolerance of 2.220446049250313e-15 and an absolute tolerance of 2.220446049250313e-15. Taking the real part, which may not be accurate.
└ @ ITensorMPS ~/.julia/packages/ITensorMPS/fZDBz/src/abstractmps.jl:1246
┌ Warning: norm² is 5.647659635178207e19 + 161330.5199145563im, which is not real up to a relative tolerance of 2.220446049250313e-15 and an absolute tolerance of 2.220446049250313e-15. Taking the real part, which may not be accurate.
└ @ ITensorMPS ~/.julia/packages/ITensorMPS/fZDBz/src/abstractmps.jl:1246
┌ Warning: norm² is 3.7840821025427607 + 1.1892120028008258e-14im, which is not real up to a relative tolerance of 2.220446049250313e-15 and an absolute tolerance of 2.220446049250313e-15. Taking the real part, which may not be accurate.
└ @ ITensorMPS ~/.julia/packages/ITensorMPS/fZDBz/src/abstractmps.jl:1246
┌ Warning: norm² is 1.9789756790373158e20 + 444276.9385032654im, which is not real up to a relative tolerance of 2.220446049250313e-15 and an absolute tolerance of 2.220446049250313e-15. Taking the real part, which may not be accurate.
└ @ ITensorMPS ~/.julia/packages/ITensorMPS/fZDBz/src/abstractmps.jl:1246
┌ Warning: norm² is 1.8069761611482438e20 + 494101.82940125465im, which is not real up to a relative tolerance of 2.220446049250313e-15 and an absolute tolerance of 2.220446049250313e-15. Taking the real part, which may not be accurate.
└ @ ITensorMPS ~/.julia/packages/ITensorMPS/fZDBz/src/abstractmps.jl:1246
┌ Warning: norm² is 2.485595279701916e21 + 8.146658899505615e6im, which is not real up to a relative tolerance of 2.220446049250313e-15 and an absolute tolerance of 2.220446049250313e-15. Taking the real part, which may not be accurate.
└ @ ITensorMPS ~/.julia/packages/ITensorMPS/fZDBz/src/abstractmps.jl:1246
┌ Warning: norm² is 5.492175417334677e19 + 144384.460103577im, which is not real up to a relative tolerance of 2.220446049250313e-15 and an absolute tolerance of 2.220446049250313e-15. Taking the real part, which may not be accurate.
└ @ ITensorMPS ~/.julia/packages/ITensorMPS/fZDBz/src/abstractmps.jl:1246
┌ Warning: norm² is 1.1270586505063634e20 - 313588.07660484314im, which is not real up to a relative tolerance of 2.220446049250313e-15 and an absolute tolerance of 2.220446049250313e-15. Taking the real part, which may not be accurate.
└ @ ITensorMPS ~/.julia/packages/ITensorMPS/fZDBz/src/abstractmps.jl:1246
┌ Warning: norm² is 1.9938439158611965 + 7.161993052308173e-15im, which is not real up to a relative tolerance of 2.220446049250313e-15 and an absolute tolerance of 2.220446049250313e-15. Taking the real part, which may not be accurate.
└ @ ITensorMPS ~/.julia/packages/ITensorMPS/fZDBz/src/abstractmps.jl:1246
┌ Warning: norm² is 5.818689411317333e19 - 159584.73022172228im, which is not real up to a relative tolerance of 2.220446049250313e-15 and an absolute tolerance of 2.220446049250313e-15. Taking the real part, which may not be accurate.
└ @ ITensorMPS ~/.julia/packages/ITensorMPS/fZDBz/src/abstractmps.jl:1246
┌ Warning: norm² is 5.445172288886106e19 + 150072.02111163177im, which is not real up to a relative tolerance of 2.220446049250313e-15 and an absolute tolerance of 2.220446049250313e-15. Taking the real part, which may not be accurate.
└ @ ITensorMPS ~/.julia/packages/ITensorMPS/fZDBz/src/abstractmps.jl:1246
┌ Warning: norm² is 3.3207614814393023 + 8.433507833580333e-15im, which is not real up to a relative tolerance of 2.220446049250313e-15 and an absolute tolerance of 2.220446049250313e-15. Taking the real part, which may not be accurate.
└ @ ITensorMPS ~/.julia/packages/ITensorMPS/fZDBz/src/abstractmps.jl:1246
┌ Warning: log(norm²) is 1.2115725396338362 + 2.731570265486805e-15im, which is not real up to a relative tolerance of 2.220446049250313e-15 and an absolute tolerance of 2.220446049250313e-15. Taking the real part, which may not be accurate.
└ @ ITensorMPS ~/.julia/packages/ITensorMPS/fZDBz/src/abstractmps.jl:1271
┌ Warning: norm² is 5.557360716897576e19 - 151210.2324349564im, which is not real up to a relative tolerance of 2.220446049250313e-15 and an absolute tolerance of 2.220446049250313e-15. Taking the real part, which may not be accurate.
└ @ ITensorMPS ~/.julia/packages/ITensorMPS/fZDBz/src/abstractmps.jl:1246
┌ Warning: norm² is 5.515418800304165e19 - 220134.97785832293im, which is not real up to a relative tolerance of 2.220446049250313e-15 and an absolute tolerance of 2.220446049250313e-15. Taking the real part, which may not be accurate.
└ @ ITensorMPS ~/.julia/packages/ITensorMPS/fZDBz/src/abstractmps.jl:1246
┌ Warning: norm² is 3.0315543683133825e19 + 71229.82005047798im, which is not real up to a relative tolerance of 2.220446049250313e-15 and an absolute tolerance of 2.220446049250313e-15. Taking the real part, which may not be accurate.
└ @ ITensorMPS ~/.julia/packages/ITensorMPS/fZDBz/src/abstractmps.jl:1246
┌ Warning: norm² is 3.5317934869267265 - 9.294312558054023e-15im, which is not real up to a relative tolerance of 2.220446049250313e-15 and an absolute tolerance of 2.220446049250313e-15. Taking the real part, which may not be accurate.
└ @ ITensorMPS ~/.julia/packages/ITensorMPS/fZDBz/src/abstractmps.jl:1246
┌ Warning: norm² is 3.5274854168018464 - 9.806836393685238e-15im, which is not real up to a relative tolerance of 2.220446049250313e-15 and an absolute tolerance of 2.220446049250313e-15. Taking the real part, which may not be accurate.
└ @ ITensorMPS ~/.julia/packages/ITensorMPS/fZDBz/src/abstractmps.jl:1246
┌ Warning: norm² is 5.563480174249501e19 + 157617.58557828126im, which is not real up to a relative tolerance of 2.220446049250313e-15 and an absolute tolerance of 2.220446049250313e-15. Taking the real part, which may not be accurate.
└ @ ITensorMPS ~/.julia/packages/ITensorMPS/fZDBz/src/abstractmps.jl:1246
┌ Warning: log(norm²) is 1.299997275053268 - 3.3039211443952325e-15im, which is not real up to a relative tolerance of 2.220446049250313e-15 and an absolute tolerance of 2.220446049250313e-15. Taking the real part, which may not be accurate.
└ @ ITensorMPS ~/.julia/packages/ITensorMPS/fZDBz/src/abstractmps.jl:1271
┌ Warning: norm² is 3.6782272700171146 + 8.612413664314878e-15im, which is not real up to a relative tolerance of 2.220446049250313e-15 and an absolute tolerance of 2.220446049250313e-15. Taking the real part, which may not be accurate.
└ @ ITensorMPS ~/.julia/packages/ITensorMPS/fZDBz/src/abstractmps.jl:1246
┌ Warning: norm² is 3.7751483242103516 + 9.319593432725821e-15im, which is not real up to a relative tolerance of 2.220446049250313e-15 and an absolute tolerance of 2.220446049250313e-15. Taking the real part, which may not be accurate.
└ @ ITensorMPS ~/.julia/packages/ITensorMPS/fZDBz/src/abstractmps.jl:1246
┌ Warning: norm² is 3.68207134138403 - 9.186145381311522e-15im, which is not real up to a relative tolerance of 2.220446049250313e-15 and an absolute tolerance of 2.220446049250313e-15. Taking the real part, which may not be accurate.
└ @ ITensorMPS ~/.julia/packages/ITensorMPS/fZDBz/src/abstractmps.jl:1246
┌ Warning: norm² is 4.8435591268263805e19 - 125470.99054361787im, which is not real up to a relative tolerance of 2.220446049250313e-15 and an absolute tolerance of 2.220446049250313e-15. Taking the real part, which may not be accurate.
└ @ ITensorMPS ~/.julia/packages/ITensorMPS/fZDBz/src/abstractmps.jl:1246
┌ Warning: norm² is 3.7838238387348957 + 8.421593498336347e-15im, which is not real up to a relative tolerance of 2.220446049250313e-15 and an absolute tolerance of 2.220446049250313e-15. Taking the real part, which may not be accurate.
└ @ ITensorMPS ~/.julia/packages/ITensorMPS/fZDBz/src/abstractmps.jl:1246
┌ Warning: norm² is 5.526134166275226e19 - 123572.07136798435im, which is not real up to a relative tolerance of 2.220446049250313e-15 and an absolute tolerance of 2.220446049250313e-15. Taking the real part, which may not be accurate.
└ @ ITensorMPS ~/.julia/packages/ITensorMPS/fZDBz/src/abstractmps.jl:1246
┌ Warning: norm² is 4.830791728877794e19 + 108185.90549743985im, which is not real up to a relative tolerance of 2.220446049250313e-15 and an absolute tolerance of 2.220446049250313e-15. Taking the real part, which may not be accurate.
└ @ ITensorMPS ~/.julia/packages/ITensorMPS/fZDBz/src/abstractmps.jl:1246
┌ Warning: norm² is 2.5332698652620685e19 + 66048.80834186077im, which is not real up to a relative tolerance of 2.220446049250313e-15 and an absolute tolerance of 2.220446049250313e-15. Taking the real part, which may not be accurate.
└ @ ITensorMPS ~/.julia/packages/ITensorMPS/fZDBz/src/abstractmps.jl:1246
┌ Warning: norm² is 2.4581519137782804e19 - 72173.88995113969im, which is not real up to a relative tolerance of 2.220446049250313e-15 and an absolute tolerance of 2.220446049250313e-15. Taking the real part, which may not be accurate.
└ @ ITensorMPS ~/.julia/packages/ITensorMPS/fZDBz/src/abstractmps.jl:1246
┌ Warning: norm² is 2.439779115860921e19 + 83320.18170049787im, which is not real up to a relative tolerance of 2.220446049250313e-15 and an absolute tolerance of 2.220446049250313e-15. Taking the real part, which may not be accurate.
└ @ ITensorMPS ~/.julia/packages/ITensorMPS/fZDBz/src/abstractmps.jl:1246
┌ Warning: log(norm²) is 1.2584257689372205 - 2.9401201107409164e-15im, which is not real up to a relative tolerance of 2.220446049250313e-15 and an absolute tolerance of 2.220446049250313e-15. Taking the real part, which may not be accurate.
└ @ ITensorMPS ~/.julia/packages/ITensorMPS/fZDBz/src/abstractmps.jl:1271
┌ Warning: norm² is 3.5212235314251594 + 8.903110945006948e-15im, which is not real up to a relative tolerance of 2.220446049250313e-15 and an absolute tolerance of 2.220446049250313e-15. Taking the real part, which may not be accurate.
└ @ ITensorMPS ~/.julia/packages/ITensorMPS/fZDBz/src/abstractmps.jl:1246
┌ Warning: log(norm²) is 1.2588085233680277 - 3.0915119601990096e-15im, which is not real up to a relative tolerance of 2.220446049250313e-15 and an absolute tolerance of 2.220446049250313e-15. Taking the real part, which may not be accurate.
└ @ ITensorMPS ~/.julia/packages/ITensorMPS/fZDBz/src/abstractmps.jl:1271
┌ Warning: norm² is 5.550586192187968e19 + 128075.08303636676im, which is not real up to a relative tolerance of 2.220446049250313e-15 and an absolute tolerance of 2.220446049250313e-15. Taking the real part, which may not be accurate.
└ @ ITensorMPS ~/.julia/packages/ITensorMPS/fZDBz/src/abstractmps.jl:1246
┌ Warning: norm² is 3.526520856890568 - 8.792926933310194e-15im, which is not real up to a relative tolerance of 2.220446049250313e-15 and an absolute tolerance of 2.220446049250313e-15. Taking the real part, which may not be accurate.
└ @ ITensorMPS ~/.julia/packages/ITensorMPS/fZDBz/src/abstractmps.jl:1246
┌ Warning: norm² is 5.537211122348344e19 + 165954.7534915068im, which is not real up to a relative tolerance of 2.220446049250313e-15 and an absolute tolerance of 2.220446049250313e-15. Taking the real part, which may not be accurate.
└ @ ITensorMPS ~/.julia/packages/ITensorMPS/fZDBz/src/abstractmps.jl:1246
┌ Warning: norm² is 4.834980189721824e19 + 137394.08581282757im, which is not real up to a relative tolerance of 2.220446049250313e-15 and an absolute tolerance of 2.220446049250313e-15. Taking the real part, which may not be accurate.
└ @ ITensorMPS ~/.julia/packages/ITensorMPS/fZDBz/src/abstractmps.jl:1246
┌ Warning: norm² is 3.4888354223459004 - 8.410147827135519e-15im, which is not real up to a relative tolerance of 2.220446049250313e-15 and an absolute tolerance of 2.220446049250313e-15. Taking the real part, which may not be accurate.
└ @ ITensorMPS ~/.julia/packages/ITensorMPS/fZDBz/src/abstractmps.jl:1246
┌ Warning: norm² is 1.94276637449671e19 + 59962.90506082773im, which is not real up to a relative tolerance of 2.220446049250313e-15 and an absolute tolerance of 2.220446049250313e-15. Taking the real part, which may not be accurate.
└ @ ITensorMPS ~/.julia/packages/ITensorMPS/fZDBz/src/abstractmps.jl:1246
┌ Warning: norm² is 5.5374327263078064e19 + 138757.71674991734im, which is not real up to a relative tolerance of 2.220446049250313e-15 and an absolute tolerance of 2.220446049250313e-15. Taking the real part, which may not be accurate.
└ @ ITensorMPS ~/.julia/packages/ITensorMPS/fZDBz/src/abstractmps.jl:1246
┌ Warning: norm² is 3.516233417692961 + 8.17100282299873e-15im, which is not real up to a relative tolerance of 2.220446049250313e-15 and an absolute tolerance of 2.220446049250313e-15. Taking the real part, which may not be accurate.
└ @ ITensorMPS ~/.julia/packages/ITensorMPS/fZDBz/src/abstractmps.jl:1246
┌ Warning: norm² is 3.500588402898504 + 8.381451175064626e-15im, which is not real up to a relative tolerance of 2.220446049250313e-15 and an absolute tolerance of 2.220446049250313e-15. Taking the real part, which may not be accurate.
└ @ ITensorMPS ~/.julia/packages/ITensorMPS/fZDBz/src/abstractmps.jl:1246
┌ Warning: norm² is 1.6587932980843018e19 - 42177.83119124174im, which is not real up to a relative tolerance of 2.220446049250313e-15 and an absolute tolerance of 2.220446049250313e-15. Taking the real part, which may not be accurate.
└ @ ITensorMPS ~/.julia/packages/ITensorMPS/fZDBz/src/abstractmps.jl:1246
┌ Warning: norm² is 3.6844742037879823 - 9.433346029698866e-15im, which is not real up to a relative tolerance of 2.220446049250313e-15 and an absolute tolerance of 2.220446049250313e-15. Taking the real part, which may not be accurate.
└ @ ITensorMPS ~/.julia/packages/ITensorMPS/fZDBz/src/abstractmps.jl:1246
┌ Warning: norm² is 3.5062566035691933 + 8.405738187777581e-15im, which is not real up to a relative tolerance of 2.220446049250313e-15 and an absolute tolerance of 2.220446049250313e-15. Taking the real part, which may not be accurate.
└ @ ITensorMPS ~/.julia/packages/ITensorMPS/fZDBz/src/abstractmps.jl:1246
┌ Warning: norm² is 3.7717411297579995 - 1.099170889704022e-14im, which is not real up to a relative tolerance of 2.220446049250313e-15 and an absolute tolerance of 2.220446049250313e-15. Taking the real part, which may not be accurate.
└ @ ITensorMPS ~/.julia/packages/ITensorMPS/fZDBz/src/abstractmps.jl:1246
┌ Warning: norm² is 3.679729175005534 + 9.031640048617531e-15im, which is not real up to a relative tolerance of 2.220446049250313e-15 and an absolute tolerance of 2.220446049250313e-15. Taking the real part, which may not be accurate.
└ @ ITensorMPS ~/.julia/packages/ITensorMPS/fZDBz/src/abstractmps.jl:1246
┌ Warning: norm² is 4.8820981923674055e19 - 135561.21726869233im, which is not real up to a relative tolerance of 2.220446049250313e-15 and an absolute tolerance of 2.220446049250313e-15. Taking the real part, which may not be accurate.
└ @ ITensorMPS ~/.julia/packages/ITensorMPS/fZDBz/src/abstractmps.jl:1246
┌ Warning: norm² is 5.5146278971157406e19 - 131754.38835410206im, which is not real up to a relative tolerance of 2.220446049250313e-15 and an absolute tolerance of 2.220446049250313e-15. Taking the real part, which may not be accurate.
└ @ ITensorMPS ~/.julia/packages/ITensorMPS/fZDBz/src/abstractmps.jl:1246
┌ Warning: norm² is 1.6970432155119542e19 + 43124.06351174414im, which is not real up to a relative tolerance of 2.220446049250313e-15 and an absolute tolerance of 2.220446049250313e-15. Taking the real part, which may not be accurate.
└ @ ITensorMPS ~/.julia/packages/ITensorMPS/fZDBz/src/abstractmps.jl:1246
┌ Warning: norm² is 3.6810522674889774 - 1.0037104415340433e-14im, which is not real up to a relative tolerance of 2.220446049250313e-15 and an absolute tolerance of 2.220446049250313e-15. Taking the real part, which may not be accurate.
└ @ ITensorMPS ~/.julia/packages/ITensorMPS/fZDBz/src/abstractmps.jl:1246
┌ Warning: norm² is 3.5201675863347135 + 7.876566160665382e-15im, which is not real up to a relative tolerance of 2.220446049250313e-15 and an absolute tolerance of 2.220446049250313e-15. Taking the real part, which may not be accurate.
└ @ ITensorMPS ~/.julia/packages/ITensorMPS/fZDBz/src/abstractmps.jl:1246
┌ Warning: norm² is 4.858550155601409e19 + 160802.13700833544im, which is not real up to a relative tolerance of 2.220446049250313e-15 and an absolute tolerance of 2.220446049250313e-15. Taking the real part, which may not be accurate.
└ @ ITensorMPS ~/.julia/packages/ITensorMPS/fZDBz/src/abstractmps.jl:1246
┌ Warning: norm² is 3.5218028056769217 - 7.979598049978558e-15im, which is not real up to a relative tolerance of 2.220446049250313e-15 and an absolute tolerance of 2.220446049250313e-15. Taking the real part, which may not be accurate.
└ @ ITensorMPS ~/.julia/packages/ITensorMPS/fZDBz/src/abstractmps.jl:1246
┌ Warning: norm² is 3.7724468119876935 - 1.0397542555525192e-14im, which is not real up to a relative tolerance of 2.220446049250313e-15 and an absolute tolerance of 2.220446049250313e-15. Taking the real part, which may not be accurate.
└ @ ITensorMPS ~/.julia/packages/ITensorMPS/fZDBz/src/abstractmps.jl:1246
┌ Warning: norm² is 2.31114678464469e19 - 52723.16915800981im, which is not real up to a relative tolerance of 2.220446049250313e-15 and an absolute tolerance of 2.220446049250313e-15. Taking the real part, which may not be accurate.
└ @ ITensorMPS ~/.julia/packages/ITensorMPS/fZDBz/src/abstractmps.jl:1246
┌ Warning: norm² is 3.5259368459412177 - 8.552656139686617e-15im, which is not real up to a relative tolerance of 2.220446049250313e-15 and an absolute tolerance of 2.220446049250313e-15. Taking the real part, which may not be accurate.
└ @ ITensorMPS ~/.julia/packages/ITensorMPS/fZDBz/src/abstractmps.jl:1246
┌ Warning: log(norm²) is 1.2603397946178627 - 3.0253000120616435e-15im, which is not real up to a relative tolerance of 2.220446049250313e-15 and an absolute tolerance of 2.220446049250313e-15. Taking the real part, which may not be accurate.
└ @ ITensorMPS ~/.julia/packages/ITensorMPS/fZDBz/src/abstractmps.jl:1271
┌ Warning: norm² is 2.313059541024654e19 - 51636.224624454044im, which is not real up to a relative tolerance of 2.220446049250313e-15 and an absolute tolerance of 2.220446049250313e-15. Taking the real part, which may not be accurate.
└ @ ITensorMPS ~/.julia/packages/ITensorMPS/fZDBz/src/abstractmps.jl:1246
┌ Warning: norm² is 4.858197806814744e19 - 120995.47282058839im, which is not real up to a relative tolerance of 2.220446049250313e-15 and an absolute tolerance of 2.220446049250313e-15. Taking the real part, which may not be accurate.
└ @ ITensorMPS ~/.julia/packages/ITensorMPS/fZDBz/src/abstractmps.jl:1246
┌ Warning: norm² is 5.5222422381212254e19 - 123622.36688473905im, which is not real up to a relative tolerance of 2.220446049250313e-15 and an absolute tolerance of 2.220446049250313e-15. Taking the real part, which may not be accurate.
└ @ ITensorMPS ~/.julia/packages/ITensorMPS/fZDBz/src/abstractmps.jl:1246
┌ Warning: norm² is 3.6766300176021596 + 8.531900832977492e-15im, which is not real up to a relative tolerance of 2.220446049250313e-15 and an absolute tolerance of 2.220446049250313e-15. Taking the real part, which may not be accurate.
└ @ ITensorMPS ~/.julia/packages/ITensorMPS/fZDBz/src/abstractmps.jl:1246
┌ Warning: norm² is 4.8745551226690896e19 - 117065.86856081709im, which is not real up to a relative tolerance of 2.220446049250313e-15 and an absolute tolerance of 2.220446049250313e-15. Taking the real part, which may not be accurate.
└ @ ITensorMPS ~/.julia/packages/ITensorMPS/fZDBz/src/abstractmps.jl:1246
┌ Warning: norm² is 3.525662426224776 - 8.277788972712662e-15im, which is not real up to a relative tolerance of 2.220446049250313e-15 and an absolute tolerance of 2.220446049250313e-15. Taking the real part, which may not be accurate.
└ @ ITensorMPS ~/.julia/packages/ITensorMPS/fZDBz/src/abstractmps.jl:1246
┌ Warning: norm² is 1.6147565222589098e19 - 43119.77088095434im, which is not real up to a relative tolerance of 2.220446049250313e-15 and an absolute tolerance of 2.220446049250313e-15. Taking the real part, which may not be accurate.
└ @ ITensorMPS ~/.julia/packages/ITensorMPS/fZDBz/src/abstractmps.jl:1246
┌ Warning: norm² is 3.5012792120607 + 9.196314022011815e-15im, which is not real up to a relative tolerance of 2.220446049250313e-15 and an absolute tolerance of 2.220446049250313e-15. Taking the real part, which may not be accurate.
└ @ ITensorMPS ~/.julia/packages/ITensorMPS/fZDBz/src/abstractmps.jl:1246
┌ Warning: norm² is 3.525992056225764 - 8.517808521560942e-15im, which is not real up to a relative tolerance of 2.220446049250313e-15 and an absolute tolerance of 2.220446049250313e-15. Taking the real part, which may not be accurate.
└ @ ITensorMPS ~/.julia/packages/ITensorMPS/fZDBz/src/abstractmps.jl:1246
┌ Warning: norm² is 5.526752368953259e19 - 152244.07413996462im, which is not real up to a relative tolerance of 2.220446049250313e-15 and an absolute tolerance of 2.220446049250313e-15. Taking the real part, which may not be accurate.
└ @ ITensorMPS ~/.julia/packages/ITensorMPS/fZDBz/src/abstractmps.jl:1246
┌ Warning: norm² is 5.526828244819462e19 + 125560.69429170233im, which is not real up to a relative tolerance of 2.220446049250313e-15 and an absolute tolerance of 2.220446049250313e-15. Taking the real part, which may not be accurate.
└ @ ITensorMPS ~/.julia/packages/ITensorMPS/fZDBz/src/abstractmps.jl:1246
┌ Warning: norm² is 4.8709029156124115e19 - 134511.91166178137im, which is not real up to a relative tolerance of 2.220446049250313e-15 and an absolute tolerance of 2.220446049250313e-15. Taking the real part, which may not be accurate.
└ @ ITensorMPS ~/.julia/packages/ITensorMPS/fZDBz/src/abstractmps.jl:1246
┌ Warning: norm² is 3.5075854114447167 + 1.0298462374249147e-14im, which is not real up to a relative tolerance of 2.220446049250313e-15 and an absolute tolerance of 2.220446049250313e-15. Taking the real part, which may not be accurate.
└ @ ITensorMPS ~/.julia/packages/ITensorMPS/fZDBz/src/abstractmps.jl:1246
┌ Warning: norm² is 5.527997486376995e19 - 128530.91526279674im, which is not real up to a relative tolerance of 2.220446049250313e-15 and an absolute tolerance of 2.220446049250313e-15. Taking the real part, which may not be accurate.
└ @ ITensorMPS ~/.julia/packages/ITensorMPS/fZDBz/src/abstractmps.jl:1246
┌ Warning: norm² is 3.6796590063463537 + 1.0401542964424309e-14im, which is not real up to a relative tolerance of 2.220446049250313e-15 and an absolute tolerance of 2.220446049250313e-15. Taking the real part, which may not be accurate.
└ @ ITensorMPS ~/.julia/packages/ITensorMPS/fZDBz/src/abstractmps.jl:1246
┌ Warning: norm² is 3.506704759234613 + 8.217713990568187e-15im, which is not real up to a relative tolerance of 2.220446049250313e-15 and an absolute tolerance of 2.220446049250313e-15. Taking the real part, which may not be accurate.
└ @ ITensorMPS ~/.julia/packages/ITensorMPS/fZDBz/src/abstractmps.jl:1246
┌ Warning: norm² is 3.526055942499411 + 8.486275176809066e-15im, which is not real up to a relative tolerance of 2.220446049250313e-15 and an absolute tolerance of 2.220446049250313e-15. Taking the real part, which may not be accurate.
└ @ ITensorMPS ~/.julia/packages/ITensorMPS/fZDBz/src/abstractmps.jl:1246
┌ Warning: norm² is 4.843459301674024e19 + 123559.31211161055im, which is not real up to a relative tolerance of 2.220446049250313e-15 and an absolute tolerance of 2.220446049250313e-15. Taking the real part, which may not be accurate.
└ @ ITensorMPS ~/.julia/packages/ITensorMPS/fZDBz/src/abstractmps.jl:1246
┌ Warning: norm² is 3.6816766924226805 + 1.022985704396196e-14im, which is not real up to a relative tolerance of 2.220446049250313e-15 and an absolute tolerance of 2.220446049250313e-15. Taking the real part, which may not be accurate.
└ @ ITensorMPS ~/.julia/packages/ITensorMPS/fZDBz/src/abstractmps.jl:1246
┌ Warning: norm² is 3.5255727870493403 + 1.0313493866338713e-14im, which is not real up to a relative tolerance of 2.220446049250313e-15 and an absolute tolerance of 2.220446049250313e-15. Taking the real part, which may not be accurate.
└ @ ITensorMPS ~/.julia/packages/ITensorMPS/fZDBz/src/abstractmps.jl:1246
┌ Warning: norm² is 2.2877557274527216e19 - 54921.63813275378im, which is not real up to a relative tolerance of 2.220446049250313e-15 and an absolute tolerance of 2.220446049250313e-15. Taking the real part, which may not be accurate.
└ @ ITensorMPS ~/.julia/packages/ITensorMPS/fZDBz/src/abstractmps.jl:1246
┌ Warning: norm² is 3.6813503160581442 + 8.508844684675187e-15im, which is not real up to a relative tolerance of 2.220446049250313e-15 and an absolute tolerance of 2.220446049250313e-15. Taking the real part, which may not be accurate.
└ @ ITensorMPS ~/.julia/packages/ITensorMPS/fZDBz/src/abstractmps.jl:1246
┌ Warning: norm² is 3.772741916471118 - 1.0969718442311174e-14im, which is not real up to a relative tolerance of 2.220446049250313e-15 and an absolute tolerance of 2.220446049250313e-15. Taking the real part, which may not be accurate.
└ @ ITensorMPS ~/.julia/packages/ITensorMPS/fZDBz/src/abstractmps.jl:1246
┌ Warning: norm² is 2.289892784666188e19 - 58633.44585881336im, which is not real up to a relative tolerance of 2.220446049250313e-15 and an absolute tolerance of 2.220446049250313e-15. Taking the real part, which may not be accurate.
└ @ ITensorMPS ~/.julia/packages/ITensorMPS/fZDBz/src/abstractmps.jl:1246
┌ Warning: norm² is 3.7721884654571216 - 9.659814159862562e-15im, which is not real up to a relative tolerance of 2.220446049250313e-15 and an absolute tolerance of 2.220446049250313e-15. Taking the real part, which may not be accurate.
└ @ ITensorMPS ~/.julia/packages/ITensorMPS/fZDBz/src/abstractmps.jl:1246
┌ Warning: norm² is 3.5250887670502515 + 8.312964371068092e-15im, which is not real up to a relative tolerance of 2.220446049250313e-15 and an absolute tolerance of 2.220446049250313e-15. Taking the real part, which may not be accurate.
└ @ ITensorMPS ~/.julia/packages/ITensorMPS/fZDBz/src/abstractmps.jl:1246
┌ Warning: norm² is 4.849047982486867e19 - 126647.52798414417im, which is not real up to a relative tolerance of 2.220446049250313e-15 and an absolute tolerance of 2.220446049250313e-15. Taking the real part, which may not be accurate.
└ @ ITensorMPS ~/.julia/packages/ITensorMPS/fZDBz/src/abstractmps.jl:1246
┌ Warning: norm² is 2.2890132694866436e19 + 67178.09496412845im, which is not real up to a relative tolerance of 2.220446049250313e-15 and an absolute tolerance of 2.220446049250313e-15. Taking the real part, which may not be accurate.
└ @ ITensorMPS ~/.julia/packages/ITensorMPS/fZDBz/src/abstractmps.jl:1246
┌ Warning: norm² is 3.680418168048611 + 8.41057129849226e-15im, which is not real up to a relative tolerance of 2.220446049250313e-15 and an absolute tolerance of 2.220446049250313e-15. Taking the real part, which may not be accurate.
└ @ ITensorMPS ~/.julia/packages/ITensorMPS/fZDBz/src/abstractmps.jl:1246
┌ Warning: norm² is 2.290255858460448e19 + 68539.39365183865im, which is not real up to a relative tolerance of 2.220446049250313e-15 and an absolute tolerance of 2.220446049250313e-15. Taking the real part, which may not be accurate.
└ @ ITensorMPS ~/.julia/packages/ITensorMPS/fZDBz/src/abstractmps.jl:1246
┌ Warning: norm² is 2.293571946760246e19 + 84450.10656438698im, which is not real up to a relative tolerance of 2.220446049250313e-15 and an absolute tolerance of 2.220446049250313e-15. Taking the real part, which may not be accurate.
└ @ ITensorMPS ~/.julia/packages/ITensorMPS/fZDBz/src/abstractmps.jl:1246
┌ Warning: norm² is 1.5779300623052423e19 + 41915.9401156425im, which is not real up to a relative tolerance of 2.220446049250313e-15 and an absolute tolerance of 2.220446049250313e-15. Taking the real part, which may not be accurate.
└ @ ITensorMPS ~/.julia/packages/ITensorMPS/fZDBz/src/abstractmps.jl:1246
┌ Warning: norm² is 4.843004513110116e19 - 129715.37606532453im, which is not real up to a relative tolerance of 2.220446049250313e-15 and an absolute tolerance of 2.220446049250313e-15. Taking the real part, which may not be accurate.
└ @ ITensorMPS ~/.julia/packages/ITensorMPS/fZDBz/src/abstractmps.jl:1246
┌ Warning: norm² is 2.3015298421115417e19 - 59194.45059553138im, which is not real up to a relative tolerance of 2.220446049250313e-15 and an absolute tolerance of 2.220446049250313e-15. Taking the real part, which may not be accurate.
└ @ ITensorMPS ~/.julia/packages/ITensorMPS/fZDBz/src/abstractmps.jl:1246
┌ Warning: norm² is 3.5220728822856047 + 1.2147849607767023e-14im, which is not real up to a relative tolerance of 2.220446049250313e-15 and an absolute tolerance of 2.220446049250313e-15. Taking the real part, which may not be accurate.
└ @ ITensorMPS ~/.julia/packages/ITensorMPS/fZDBz/src/abstractmps.jl:1246
┌ Warning: log(norm²) is 1.2539380411076038 - 3.266521165117724e-15im, which is not real up to a relative tolerance of 2.220446049250313e-15 and an absolute tolerance of 2.220446049250313e-15. Taking the real part, which may not be accurate.
└ @ ITensorMPS ~/.julia/packages/ITensorMPS/fZDBz/src/abstractmps.jl:1271
┌ Warning: log(norm²) is 1.2592879417290368 - 2.9264450758072565e-15im, which is not real up to a relative tolerance of 2.220446049250313e-15 and an absolute tolerance of 2.220446049250313e-15. Taking the real part, which may not be accurate.
└ @ ITensorMPS ~/.julia/packages/ITensorMPS/fZDBz/src/abstractmps.jl:1271
┌ Warning: norm² is 2.294478766515483e19 + 57526.9726373367im, which is not real up to a relative tolerance of 2.220446049250313e-15 and an absolute tolerance of 2.220446049250313e-15. Taking the real part, which may not be accurate.
└ @ ITensorMPS ~/.julia/packages/ITensorMPS/fZDBz/src/abstractmps.jl:1246
┌ Warning: norm² is 5.525103048418105e19 - 125697.35378302015im, which is not real up to a relative tolerance of 2.220446049250313e-15 and an absolute tolerance of 2.220446049250313e-15. Taking the real part, which may not be accurate.
└ @ ITensorMPS ~/.julia/packages/ITensorMPS/fZDBz/src/abstractmps.jl:1246
┌ Warning: norm² is 3.502521984828507 - 8.770882893009783e-15im, which is not real up to a relative tolerance of 2.220446049250313e-15 and an absolute tolerance of 2.220446049250313e-15. Taking the real part, which may not be accurate.
└ @ ITensorMPS ~/.julia/packages/ITensorMPS/fZDBz/src/abstractmps.jl:1246
┌ Warning: log(norm²) is 1.3024719281400952 - 3.1702783607443725e-15im, which is not real up to a relative tolerance of 2.220446049250313e-15 and an absolute tolerance of 2.220446049250313e-15. Taking the real part, which may not be accurate.
└ @ ITensorMPS ~/.julia/packages/ITensorMPS/fZDBz/src/abstractmps.jl:1271
┌ Warning: norm² is 3.5054911393530963 + 7.880577816672762e-15im, which is not real up to a relative tolerance of 2.220446049250313e-15 and an absolute tolerance of 2.220446049250313e-15. Taking the real part, which may not be accurate.
└ @ ITensorMPS ~/.julia/packages/ITensorMPS/fZDBz/src/abstractmps.jl:1246
┌ Warning: norm² is 3.5247203228246446 + 9.295619367584653e-15im, which is not real up to a relative tolerance of 2.220446049250313e-15 and an absolute tolerance of 2.220446049250313e-15. Taking the real part, which may not be accurate.
└ @ ITensorMPS ~/.julia/packages/ITensorMPS/fZDBz/src/abstractmps.jl:1246
┌ Warning: norm² is 2.2879213213570114e19 + 62213.39564819704im, which is not real up to a relative tolerance of 2.220446049250313e-15 and an absolute tolerance of 2.220446049250313e-15. Taking the real part, which may not be accurate.
└ @ ITensorMPS ~/.julia/packages/ITensorMPS/fZDBz/src/abstractmps.jl:1246
┌ Warning: norm² is 5.526544266070874e19 + 125522.70470039778im, which is not real up to a relative tolerance of 2.220446049250313e-15 and an absolute tolerance of 2.220446049250313e-15. Taking the real part, which may not be accurate.
└ @ ITensorMPS ~/.julia/packages/ITensorMPS/fZDBz/src/abstractmps.jl:1246
┌ Warning: norm² is 5.526260066773046e19 - 139085.22532911896im, which is not real up to a relative tolerance of 2.220446049250313e-15 and an absolute tolerance of 2.220446049250313e-15. Taking the real part, which may not be accurate.
└ @ ITensorMPS ~/.julia/packages/ITensorMPS/fZDBz/src/abstractmps.jl:1246
┌ Warning: norm² is 3.503339537515529 - 1.196156764384806e-14im, which is not real up to a relative tolerance of 2.220446049250313e-15 and an absolute tolerance of 2.220446049250313e-15. Taking the real part, which may not be accurate.
└ @ ITensorMPS ~/.julia/packages/ITensorMPS/fZDBz/src/abstractmps.jl:1246
┌ Warning: norm² is 3.7722912626324976 + 8.736340675147895e-15im, which is not real up to a relative tolerance of 2.220446049250313e-15 and an absolute tolerance of 2.220446049250313e-15. Taking the real part, which may not be accurate.
└ @ ITensorMPS ~/.julia/packages/ITensorMPS/fZDBz/src/abstractmps.jl:1246
┌ Warning: norm² is 4.858311431352872e19 + 177834.14144654572im, which is not real up to a relative tolerance of 2.220446049250313e-15 and an absolute tolerance of 2.220446049250313e-15. Taking the real part, which may not be accurate.
└ @ ITensorMPS ~/.julia/packages/ITensorMPS/fZDBz/src/abstractmps.jl:1246
┌ Warning: norm² is 2.2905072497784926e19 + 61852.7575984805im, which is not real up to a relative tolerance of 2.220446049250313e-15 and an absolute tolerance of 2.220446049250313e-15. Taking the real part, which may not be accurate.
└ @ ITensorMPS ~/.julia/packages/ITensorMPS/fZDBz/src/abstractmps.jl:1246
┌ Warning: norm² is 5.526467012033163e19 + 132237.87166061296im, which is not real up to a relative tolerance of 2.220446049250313e-15 and an absolute tolerance of 2.220446049250313e-15. Taking the real part, which may not be accurate.
└ @ ITensorMPS ~/.julia/packages/ITensorMPS/fZDBz/src/abstractmps.jl:1246
┌ Warning: norm² is 3.525721490532398 - 1.0794671586770943e-14im, which is not real up to a relative tolerance of 2.220446049250313e-15 and an absolute tolerance of 2.220446049250313e-15. Taking the real part, which may not be accurate.
└ @ ITensorMPS ~/.julia/packages/ITensorMPS/fZDBz/src/abstractmps.jl:1246
┌ Warning: norm² is 3.7724781951555224 - 8.900301387122109e-15im, which is not real up to a relative tolerance of 2.220446049250313e-15 and an absolute tolerance of 2.220446049250313e-15. Taking the real part, which may not be accurate.
└ @ ITensorMPS ~/.julia/packages/ITensorMPS/fZDBz/src/abstractmps.jl:1246
┌ Warning: norm² is 2.2888621967724708e19 + 52103.05110579662im, which is not real up to a relative tolerance of 2.220446049250313e-15 and an absolute tolerance of 2.220446049250313e-15. Taking the real part, which may not be accurate.
└ @ ITensorMPS ~/.julia/packages/ITensorMPS/fZDBz/src/abstractmps.jl:1246
┌ Warning: norm² is 3.680809936928907 - 8.932802383428891e-15im, which is not real up to a relative tolerance of 2.220446049250313e-15 and an absolute tolerance of 2.220446049250313e-15. Taking the real part, which may not be accurate.
└ @ ITensorMPS ~/.julia/packages/ITensorMPS/fZDBz/src/abstractmps.jl:1246
┌ Warning: norm² is 3.5045481066861326 - 8.387058059066865e-15im, which is not real up to a relative tolerance of 2.220446049250313e-15 and an absolute tolerance of 2.220446049250313e-15. Taking the real part, which may not be accurate.
└ @ ITensorMPS ~/.julia/packages/ITensorMPS/fZDBz/src/abstractmps.jl:1246
┌ Warning: norm² is 5.524681409262426e19 - 132815.19303347758im, which is not real up to a relative tolerance of 2.220446049250313e-15 and an absolute tolerance of 2.220446049250313e-15. Taking the real part, which may not be accurate.
└ @ ITensorMPS ~/.julia/packages/ITensorMPS/fZDBz/src/abstractmps.jl:1246
┌ Warning: norm² is 3.679100731129112 + 8.653905665072641e-15im, which is not real up to a relative tolerance of 2.220446049250313e-15 and an absolute tolerance of 2.220446049250313e-15. Taking the real part, which may not be accurate.
└ @ ITensorMPS ~/.julia/packages/ITensorMPS/fZDBz/src/abstractmps.jl:1246
┌ Warning: log(norm²) is 1.3026683557774663 + 3.390368579920813e-15im, which is not real up to a relative tolerance of 2.220446049250313e-15 and an absolute tolerance of 2.220446049250313e-15. Taking the real part, which may not be accurate.
└ @ ITensorMPS ~/.julia/packages/ITensorMPS/fZDBz/src/abstractmps.jl:1271
┌ Warning: norm² is 3.5245749785123692 - 8.347784346900793e-15im, which is not real up to a relative tolerance of 2.220446049250313e-15 and an absolute tolerance of 2.220446049250313e-15. Taking the real part, which may not be accurate.
└ @ ITensorMPS ~/.julia/packages/ITensorMPS/fZDBz/src/abstractmps.jl:1246
┌ Warning: norm² is 4.847380250368082e19 - 110704.86912436783im, which is not real up to a relative tolerance of 2.220446049250313e-15 and an absolute tolerance of 2.220446049250313e-15. Taking the real part, which may not be accurate.
└ @ ITensorMPS ~/.julia/packages/ITensorMPS/fZDBz/src/abstractmps.jl:1246
┌ Warning: norm² is 3.5240196131296107 - 8.464083213254421e-15im, which is not real up to a relative tolerance of 2.220446049250313e-15 and an absolute tolerance of 2.220446049250313e-15. Taking the real part, which may not be accurate.
└ @ ITensorMPS ~/.julia/packages/ITensorMPS/fZDBz/src/abstractmps.jl:1246
┌ Warning: norm² is 4.867275703011292e19 + 124109.37155266665im, which is not real up to a relative tolerance of 2.220446049250313e-15 and an absolute tolerance of 2.220446049250313e-15. Taking the real part, which may not be accurate.
└ @ ITensorMPS ~/.julia/packages/ITensorMPS/fZDBz/src/abstractmps.jl:1246
┌ Warning: norm² is 5.5254647680929645e19 - 142355.06511095748im, which is not real up to a relative tolerance of 2.220446049250313e-15 and an absolute tolerance of 2.220446049250313e-15. Taking the real part, which may not be accurate.
└ @ ITensorMPS ~/.julia/packages/ITensorMPS/fZDBz/src/abstractmps.jl:1246
┌ Warning: norm² is 3.6858265529469736 + 9.986334587795893e-15im, which is not real up to a relative tolerance of 2.220446049250313e-15 and an absolute tolerance of 2.220446049250313e-15. Taking the real part, which may not be accurate.
└ @ ITensorMPS ~/.julia/packages/ITensorMPS/fZDBz/src/abstractmps.jl:1246
┌ Warning: norm² is 2.2879541393585332e19 + 62818.61026447713im, which is not real up to a relative tolerance of 2.220446049250313e-15 and an absolute tolerance of 2.220446049250313e-15. Taking the real part, which may not be accurate.
└ @ ITensorMPS ~/.julia/packages/ITensorMPS/fZDBz/src/abstractmps.jl:1246
┌ Warning: norm² is 3.5241939659105372 - 1.0985894519714773e-14im, which is not real up to a relative tolerance of 2.220446049250313e-15 and an absolute tolerance of 2.220446049250313e-15. Taking the real part, which may not be accurate.
└ @ ITensorMPS ~/.julia/packages/ITensorMPS/fZDBz/src/abstractmps.jl:1246
┌ Warning: norm² is 3.5241317101639944 - 9.15380608162754e-15im, which is not real up to a relative tolerance of 2.220446049250313e-15 and an absolute tolerance of 2.220446049250313e-15. Taking the real part, which may not be accurate.
└ @ ITensorMPS ~/.julia/packages/ITensorMPS/fZDBz/src/abstractmps.jl:1246
┌ Warning: norm² is 3.683328465887817 + 1.0612866700682178e-14im, which is not real up to a relative tolerance of 2.220446049250313e-15 and an absolute tolerance of 2.220446049250313e-15. Taking the real part, which may not be accurate.
└ @ ITensorMPS ~/.julia/packages/ITensorMPS/fZDBz/src/abstractmps.jl:1246
┌ Warning: norm² is 5.526495657650991e19 + 129684.72059611583im, which is not real up to a relative tolerance of 2.220446049250313e-15 and an absolute tolerance of 2.220446049250313e-15. Taking the real part, which may not be accurate.
└ @ ITensorMPS ~/.julia/packages/ITensorMPS/fZDBz/src/abstractmps.jl:1246
┌ Warning: norm² is 4.859747316387253e19 - 161110.4415407246im, which is not real up to a relative tolerance of 2.220446049250313e-15 and an absolute tolerance of 2.220446049250313e-15. Taking the real part, which may not be accurate.
└ @ ITensorMPS ~/.julia/packages/ITensorMPS/fZDBz/src/abstractmps.jl:1246
┌ Warning: norm² is 4.860448776020569e19 - 113414.22087655845im, which is not real up to a relative tolerance of 2.220446049250313e-15 and an absolute tolerance of 2.220446049250313e-15. Taking the real part, which may not be accurate.
└ @ ITensorMPS ~/.julia/packages/ITensorMPS/fZDBz/src/abstractmps.jl:1246
┌ Warning: norm² is 4.835766869869108e19 - 169028.3378609079im, which is not real up to a relative tolerance of 2.220446049250313e-15 and an absolute tolerance of 2.220446049250313e-15. Taking the real part, which may not be accurate.
└ @ ITensorMPS ~/.julia/packages/ITensorMPS/fZDBz/src/abstractmps.jl:1246
┌ Warning: norm² is 3.772312324531511 + 9.085040840143067e-15im, which is not real up to a relative tolerance of 2.220446049250313e-15 and an absolute tolerance of 2.220446049250313e-15. Taking the real part, which may not be accurate.
└ @ ITensorMPS ~/.julia/packages/ITensorMPS/fZDBz/src/abstractmps.jl:1246
┌ Warning: norm² is 3.6795985406398644 - 8.552682644299641e-15im, which is not real up to a relative tolerance of 2.220446049250313e-15 and an absolute tolerance of 2.220446049250313e-15. Taking the real part, which may not be accurate.
└ @ ITensorMPS ~/.julia/packages/ITensorMPS/fZDBz/src/abstractmps.jl:1246
┌ Warning: norm² is 3.7727098754126183 + 8.619189158811824e-15im, which is not real up to a relative tolerance of 2.220446049250313e-15 and an absolute tolerance of 2.220446049250313e-15. Taking the real part, which may not be accurate.
└ @ ITensorMPS ~/.julia/packages/ITensorMPS/fZDBz/src/abstractmps.jl:1246
┌ Warning: norm² is 5.526444765419876e19 + 155103.03791590253im, which is not real up to a relative tolerance of 2.220446049250313e-15 and an absolute tolerance of 2.220446049250313e-15. Taking the real part, which may not be accurate.
└ @ ITensorMPS ~/.julia/packages/ITensorMPS/fZDBz/src/abstractmps.jl:1246
┌ Warning: norm² is 4.8631726191427215e19 - 145249.6579338722im, which is not real up to a relative tolerance of 2.220446049250313e-15 and an absolute tolerance of 2.220446049250313e-15. Taking the real part, which may not be accurate.
└ @ ITensorMPS ~/.julia/packages/ITensorMPS/fZDBz/src/abstractmps.jl:1246
┌ Warning: norm² is 3.6827796356472944 + 1.0054212901742752e-14im, which is not real up to a relative tolerance of 2.220446049250313e-15 and an absolute tolerance of 2.220446049250313e-15. Taking the real part, which may not be accurate.
└ @ ITensorMPS ~/.julia/packages/ITensorMPS/fZDBz/src/abstractmps.jl:1246
┌ Warning: norm² is 2.287489018843662e19 + 57021.224278001115im, which is not real up to a relative tolerance of 2.220446049250313e-15 and an absolute tolerance of 2.220446049250313e-15. Taking the real part, which may not be accurate.
└ @ ITensorMPS ~/.julia/packages/ITensorMPS/fZDBz/src/abstractmps.jl:1246
┌ Warning: norm² is 2.2895017907056222e19 + 56380.75710143254im, which is not real up to a relative tolerance of 2.220446049250313e-15 and an absolute tolerance of 2.220446049250313e-15. Taking the real part, which may not be accurate.
└ @ ITensorMPS ~/.julia/packages/ITensorMPS/fZDBz/src/abstractmps.jl:1246
┌ Warning: norm² is 4.839283858799327e19 + 115443.24228282098im, which is not real up to a relative tolerance of 2.220446049250313e-15 and an absolute tolerance of 2.220446049250313e-15. Taking the real part, which may not be accurate.
└ @ ITensorMPS ~/.julia/packages/ITensorMPS/fZDBz/src/abstractmps.jl:1246
┌ Warning: norm² is 2.288537426755358e19 + 54363.66617603466im, which is not real up to a relative tolerance of 2.220446049250313e-15 and an absolute tolerance of 2.220446049250313e-15. Taking the real part, which may not be accurate.
└ @ ITensorMPS ~/.julia/packages/ITensorMPS/fZDBz/src/abstractmps.jl:1246
┌ Warning: norm² is 3.504470162336019 - 8.965337787558299e-15im, which is not real up to a relative tolerance of 2.220446049250313e-15 and an absolute tolerance of 2.220446049250313e-15. Taking the real part, which may not be accurate.
└ @ ITensorMPS ~/.julia/packages/ITensorMPS/fZDBz/src/abstractmps.jl:1246
┌ Warning: log(norm²) is 1.2593505555684144 - 2.9890662696338918e-15im, which is not real up to a relative tolerance of 2.220446049250313e-15 and an absolute tolerance of 2.220446049250313e-15. Taking the real part, which may not be accurate.
└ @ ITensorMPS ~/.julia/packages/ITensorMPS/fZDBz/src/abstractmps.jl:1271
┌ Warning: norm² is 4.848962541188554e19 - 185610.0083325326im, which is not real up to a relative tolerance of 2.220446049250313e-15 and an absolute tolerance of 2.220446049250313e-15. Taking the real part, which may not be accurate.
└ @ ITensorMPS ~/.julia/packages/ITensorMPS/fZDBz/src/abstractmps.jl:1246
┌ Warning: norm² is 4.8742851043329335e19 - 136295.57593848283im, which is not real up to a relative tolerance of 2.220446049250313e-15 and an absolute tolerance of 2.220446049250313e-15. Taking the real part, which may not be accurate.
└ @ ITensorMPS ~/.julia/packages/ITensorMPS/fZDBz/src/abstractmps.jl:1246
┌ Warning: norm² is 1.570689852617185e19 - 45805.97924401867im, which is not real up to a relative tolerance of 2.220446049250313e-15 and an absolute tolerance of 2.220446049250313e-15. Taking the real part, which may not be accurate.
└ @ ITensorMPS ~/.julia/packages/ITensorMPS/fZDBz/src/abstractmps.jl:1246
┌ Warning: norm² is 3.772422751264299 - 9.3358258390317e-15im, which is not real up to a relative tolerance of 2.220446049250313e-15 and an absolute tolerance of 2.220446049250313e-15. Taking the real part, which may not be accurate.
└ @ ITensorMPS ~/.julia/packages/ITensorMPS/fZDBz/src/abstractmps.jl:1246
┌ Warning: norm² is 2.289086253001651e19 - 52875.32133886998im, which is not real up to a relative tolerance of 2.220446049250313e-15 and an absolute tolerance of 2.220446049250313e-15. Taking the real part, which may not be accurate.
└ @ ITensorMPS ~/.julia/packages/ITensorMPS/fZDBz/src/abstractmps.jl:1246
┌ Warning: norm² is 2.2888989309532045e19 + 80553.22640499007im, which is not real up to a relative tolerance of 2.220446049250313e-15 and an absolute tolerance of 2.220446049250313e-15. Taking the real part, which may not be accurate.
└ @ ITensorMPS ~/.julia/packages/ITensorMPS/fZDBz/src/abstractmps.jl:1246
┌ Warning: norm² is 3.503957475119476 - 9.099350603641171e-15im, which is not real up to a relative tolerance of 2.220446049250313e-15 and an absolute tolerance of 2.220446049250313e-15. Taking the real part, which may not be accurate.
└ @ ITensorMPS ~/.julia/packages/ITensorMPS/fZDBz/src/abstractmps.jl:1246
┌ Warning: norm² is 3.504014927258871 - 8.227917866438291e-15im, which is not real up to a relative tolerance of 2.220446049250313e-15 and an absolute tolerance of 2.220446049250313e-15. Taking the real part, which may not be accurate.
└ @ ITensorMPS ~/.julia/packages/ITensorMPS/fZDBz/src/abstractmps.jl:1246
┌ Warning: norm² is 3.7725036418364364 + 1.136563554387328e-14im, which is not real up to a relative tolerance of 2.220446049250313e-15 and an absolute tolerance of 2.220446049250313e-15. Taking the real part, which may not be accurate.
└ @ ITensorMPS ~/.julia/packages/ITensorMPS/fZDBz/src/abstractmps.jl:1246
┌ Warning: norm² is 3.523614812330148 + 7.908323987586409e-15im, which is not real up to a relative tolerance of 2.220446049250313e-15 and an absolute tolerance of 2.220446049250313e-15. Taking the real part, which may not be accurate.
└ @ ITensorMPS ~/.julia/packages/ITensorMPS/fZDBz/src/abstractmps.jl:1246
┌ Warning: norm² is 4.831448411290874e19 - 112859.58778247121im, which is not real up to a relative tolerance of 2.220446049250313e-15 and an absolute tolerance of 2.220446049250313e-15. Taking the real part, which may not be accurate.
└ @ ITensorMPS ~/.julia/packages/ITensorMPS/fZDBz/src/abstractmps.jl:1246
┌ Warning: norm² is 5.525884925313188e19 + 129585.33528487614im, which is not real up to a relative tolerance of 2.220446049250313e-15 and an absolute tolerance of 2.220446049250313e-15. Taking the real part, which may not be accurate.
└ @ ITensorMPS ~/.julia/packages/ITensorMPS/fZDBz/src/abstractmps.jl:1246
┌ Warning: norm² is 2.288370580730251e19 + 56828.63970962557im, which is not real up to a relative tolerance of 2.220446049250313e-15 and an absolute tolerance of 2.220446049250313e-15. Taking the real part, which may not be accurate.
└ @ ITensorMPS ~/.julia/packages/ITensorMPS/fZDBz/src/abstractmps.jl:1246
┌ Warning: norm² is 4.834961925518112e19 - 125158.00210917136im, which is not real up to a relative tolerance of 2.220446049250313e-15 and an absolute tolerance of 2.220446049250313e-15. Taking the real part, which may not be accurate.
└ @ ITensorMPS ~/.julia/packages/ITensorMPS/fZDBz/src/abstractmps.jl:1246
┌ Warning: norm² is 3.683907203796708 + 1.2619888633313308e-14im, which is not real up to a relative tolerance of 2.220446049250313e-15 and an absolute tolerance of 2.220446049250313e-15. Taking the real part, which may not be accurate.
└ @ ITensorMPS ~/.julia/packages/ITensorMPS/fZDBz/src/abstractmps.jl:1246
┌ Warning: norm² is 4.849187282708029e19 + 146593.292203933im, which is not real up to a relative tolerance of 2.220446049250313e-15 and an absolute tolerance of 2.220446049250313e-15. Taking the real part, which may not be accurate.
└ @ ITensorMPS ~/.julia/packages/ITensorMPS/fZDBz/src/abstractmps.jl:1246
┌ Warning: norm² is 4.870840876600147e19 + 116695.18280529603im, which is not real up to a relative tolerance of 2.220446049250313e-15 and an absolute tolerance of 2.220446049250313e-15. Taking the real part, which may not be accurate.
└ @ ITensorMPS ~/.julia/packages/ITensorMPS/fZDBz/src/abstractmps.jl:1246
┌ Warning: log(norm²) is 1.302840567096872 + 3.2501728833972626e-15im, which is not real up to a relative tolerance of 2.220446049250313e-15 and an absolute tolerance of 2.220446049250313e-15. Taking the real part, which may not be accurate.
└ @ ITensorMPS ~/.julia/packages/ITensorMPS/fZDBz/src/abstractmps.jl:1271
┌ Warning: norm² is 2.2888732283014672e19 + 50865.51817588636im, which is not real up to a relative tolerance of 2.220446049250313e-15 and an absolute tolerance of 2.220446049250313e-15. Taking the real part, which may not be accurate.
└ @ ITensorMPS ~/.julia/packages/ITensorMPS/fZDBz/src/abstractmps.jl:1246
┌ Warning: norm² is 2.288138253985909e19 - 51123.949780494964im, which is not real up to a relative tolerance of 2.220446049250313e-15 and an absolute tolerance of 2.220446049250313e-15. Taking the real part, which may not be accurate.
└ @ ITensorMPS ~/.julia/packages/ITensorMPS/fZDBz/src/abstractmps.jl:1246
┌ Warning: norm² is 5.526021601751019e19 + 149688.8348381596im, which is not real up to a relative tolerance of 2.220446049250313e-15 and an absolute tolerance of 2.220446049250313e-15. Taking the real part, which may not be accurate.
└ @ ITensorMPS ~/.julia/packages/ITensorMPS/fZDBz/src/abstractmps.jl:1246
┌ Warning: norm² is 2.288616784997952e19 + 69406.15127786563im, which is not real up to a relative tolerance of 2.220446049250313e-15 and an absolute tolerance of 2.220446049250313e-15. Taking the real part, which may not be accurate.
└ @ ITensorMPS ~/.julia/packages/ITensorMPS/fZDBz/src/abstractmps.jl:1246
┌ Warning: norm² is 3.5039192832658883 - 9.534504588321111e-15im, which is not real up to a relative tolerance of 2.220446049250313e-15 and an absolute tolerance of 2.220446049250313e-15. Taking the real part, which may not be accurate.
└ @ ITensorMPS ~/.julia/packages/ITensorMPS/fZDBz/src/abstractmps.jl:1246
┌ Warning: norm² is 3.6827273677712826 - 1.3001461158269205e-14im, which is not real up to a relative tolerance of 2.220446049250313e-15 and an absolute tolerance of 2.220446049250313e-15. Taking the real part, which may not be accurate.
└ @ ITensorMPS ~/.julia/packages/ITensorMPS/fZDBz/src/abstractmps.jl:1246
┌ Warning: norm² is 3.525910345421802 - 8.0371765967201e-15im, which is not real up to a relative tolerance of 2.220446049250313e-15 and an absolute tolerance of 2.220446049250313e-15. Taking the real part, which may not be accurate.
└ @ ITensorMPS ~/.julia/packages/ITensorMPS/fZDBz/src/abstractmps.jl:1246
┌ Warning: norm² is 1.5712100680547217e19 + 44949.314604940664im, which is not real up to a relative tolerance of 2.220446049250313e-15 and an absolute tolerance of 2.220446049250313e-15. Taking the real part, which may not be accurate.
└ @ ITensorMPS ~/.julia/packages/ITensorMPS/fZDBz/src/abstractmps.jl:1246
┌ Warning: norm² is 3.5241700412284285 - 9.062179516177925e-15im, which is not real up to a relative tolerance of 2.220446049250313e-15 and an absolute tolerance of 2.220446049250313e-15. Taking the real part, which may not be accurate.
└ @ ITensorMPS ~/.julia/packages/ITensorMPS/fZDBz/src/abstractmps.jl:1246
┌ Warning: norm² is 2.288574316834609e19 - 72001.6116626286im, which is not real up to a relative tolerance of 2.220446049250313e-15 and an absolute tolerance of 2.220446049250313e-15. Taking the real part, which may not be accurate.
└ @ ITensorMPS ~/.julia/packages/ITensorMPS/fZDBz/src/abstractmps.jl:1246
┌ Warning: norm² is 5.526069062998509e19 - 150330.22043003014im, which is not real up to a relative tolerance of 2.220446049250313e-15 and an absolute tolerance of 2.220446049250313e-15. Taking the real part, which may not be accurate.
└ @ ITensorMPS ~/.julia/packages/ITensorMPS/fZDBz/src/abstractmps.jl:1246
┌ Warning: norm² is 3.5230849509860986 + 8.60739268775852e-15im, which is not real up to a relative tolerance of 2.220446049250313e-15 and an absolute tolerance of 2.220446049250313e-15. Taking the real part, which may not be accurate.
└ @ ITensorMPS ~/.julia/packages/ITensorMPS/fZDBz/src/abstractmps.jl:1246
┌ Warning: norm² is 5.526272991538298e19 - 123986.83307604263im, which is not real up to a relative tolerance of 2.220446049250313e-15 and an absolute tolerance of 2.220446049250313e-15. Taking the real part, which may not be accurate.
└ @ ITensorMPS ~/.julia/packages/ITensorMPS/fZDBz/src/abstractmps.jl:1246
┌ Warning: norm² is 3.5256384889032595 - 8.444977126666215e-15im, which is not real up to a relative tolerance of 2.220446049250313e-15 and an absolute tolerance of 2.220446049250313e-15. Taking the real part, which may not be accurate.
└ @ ITensorMPS ~/.julia/packages/ITensorMPS/fZDBz/src/abstractmps.jl:1246
┌ Warning: norm² is 3.5041285643186857 - 8.192461551544376e-15im, which is not real up to a relative tolerance of 2.220446049250313e-15 and an absolute tolerance of 2.220446049250313e-15. Taking the real part, which may not be accurate.
└ @ ITensorMPS ~/.julia/packages/ITensorMPS/fZDBz/src/abstractmps.jl:1246
┌ Warning: norm² is 3.5232478222900103 + 8.607369455974718e-15im, which is not real up to a relative tolerance of 2.220446049250313e-15 and an absolute tolerance of 2.220446049250313e-15. Taking the real part, which may not be accurate.
└ @ ITensorMPS ~/.julia/packages/ITensorMPS/fZDBz/src/abstractmps.jl:1246
┌ Warning: norm² is 4.8352516573609484e19 - 115746.56952719111im, which is not real up to a relative tolerance of 2.220446049250313e-15 and an absolute tolerance of 2.220446049250313e-15. Taking the real part, which may not be accurate.
└ @ ITensorMPS ~/.julia/packages/ITensorMPS/fZDBz/src/abstractmps.jl:1246
┌ Warning: norm² is 4.853818498101184e19 + 127195.89892804949im, which is not real up to a relative tolerance of 2.220446049250313e-15 and an absolute tolerance of 2.220446049250313e-15. Taking the real part, which may not be accurate.
└ @ ITensorMPS ~/.julia/packages/ITensorMPS/fZDBz/src/abstractmps.jl:1246
┌ Warning: norm² is 3.5235640213565644 + 1.0797546748479588e-14im, which is not real up to a relative tolerance of 2.220446049250313e-15 and an absolute tolerance of 2.220446049250313e-15. Taking the real part, which may not be accurate.
└ @ ITensorMPS ~/.julia/packages/ITensorMPS/fZDBz/src/abstractmps.jl:1246
┌ Warning: norm² is 2.288519598262615e19 + 51131.84906737902im, which is not real up to a relative tolerance of 2.220446049250313e-15 and an absolute tolerance of 2.220446049250313e-15. Taking the real part, which may not be accurate.
└ @ ITensorMPS ~/.julia/packages/ITensorMPS/fZDBz/src/abstractmps.jl:1246
┌ Warning: norm² is 2.2884247170416038e19 + 54340.26951896638im, which is not real up to a relative tolerance of 2.220446049250313e-15 and an absolute tolerance of 2.220446049250313e-15. Taking the real part, which may not be accurate.
└ @ ITensorMPS ~/.julia/packages/ITensorMPS/fZDBz/src/abstractmps.jl:1246
┌ Warning: norm² is 3.5035729137633713 + 8.151905909718788e-15im, which is not real up to a relative tolerance of 2.220446049250313e-15 and an absolute tolerance of 2.220446049250313e-15. Taking the real part, which may not be accurate.
└ @ ITensorMPS ~/.julia/packages/ITensorMPS/fZDBz/src/abstractmps.jl:1246
┌ Warning: norm² is 4.830583759094903e19 + 131953.6355377878im, which is not real up to a relative tolerance of 2.220446049250313e-15 and an absolute tolerance of 2.220446049250313e-15. Taking the real part, which may not be accurate.
└ @ ITensorMPS ~/.julia/packages/ITensorMPS/fZDBz/src/abstractmps.jl:1246
┌ Warning: norm² is 5.5262526774542344e19 + 166311.95197981645im, which is not real up to a relative tolerance of 2.220446049250313e-15 and an absolute tolerance of 2.220446049250313e-15. Taking the real part, which may not be accurate.
└ @ ITensorMPS ~/.julia/packages/ITensorMPS/fZDBz/src/abstractmps.jl:1246
┌ Warning: norm² is 2.288039372720582e19 - 60688.56594666286im, which is not real up to a relative tolerance of 2.220446049250313e-15 and an absolute tolerance of 2.220446049250313e-15. Taking the real part, which may not be accurate.
└ @ ITensorMPS ~/.julia/packages/ITensorMPS/fZDBz/src/abstractmps.jl:1246
┌ Warning: norm² is 4.8439100059099636e19 - 112874.17917813268im, which is not real up to a relative tolerance of 2.220446049250313e-15 and an absolute tolerance of 2.220446049250313e-15. Taking the real part, which may not be accurate.
└ @ ITensorMPS ~/.julia/packages/ITensorMPS/fZDBz/src/abstractmps.jl:1246
┌ Warning: norm² is 5.5264069117035954e19 - 129100.17277467025im, which is not real up to a relative tolerance of 2.220446049250313e-15 and an absolute tolerance of 2.220446049250313e-15. Taking the real part, which may not be accurate.
└ @ ITensorMPS ~/.julia/packages/ITensorMPS/fZDBz/src/abstractmps.jl:1246
┌ Warning: norm² is 3.679096177621374 - 8.698352955593483e-15im, which is not real up to a relative tolerance of 2.220446049250313e-15 and an absolute tolerance of 2.220446049250313e-15. Taking the real part, which may not be accurate.
└ @ ITensorMPS ~/.julia/packages/ITensorMPS/fZDBz/src/abstractmps.jl:1246
┌ Warning: norm² is 5.525188355769932e19 + 154765.42783031345im, which is not real up to a relative tolerance of 2.220446049250313e-15 and an absolute tolerance of 2.220446049250313e-15. Taking the real part, which may not be accurate.
└ @ ITensorMPS ~/.julia/packages/ITensorMPS/fZDBz/src/abstractmps.jl:1246
┌ Warning: norm² is 2.28844714593395e19 - 61129.910744216584im, which is not real up to a relative tolerance of 2.220446049250313e-15 and an absolute tolerance of 2.220446049250313e-15. Taking the real part, which may not be accurate.
└ @ ITensorMPS ~/.julia/packages/ITensorMPS/fZDBz/src/abstractmps.jl:1246
┌ Warning: norm² is 1.5705646663383067e19 + 35039.37692832013im, which is not real up to a relative tolerance of 2.220446049250313e-15 and an absolute tolerance of 2.220446049250313e-15. Taking the real part, which may not be accurate.
└ @ ITensorMPS ~/.julia/packages/ITensorMPS/fZDBz/src/abstractmps.jl:1246
┌ Warning: log(norm²) is 1.3035488017702108 + 3.124803690516504e-15im, which is not real up to a relative tolerance of 2.220446049250313e-15 and an absolute tolerance of 2.220446049250313e-15. Taking the real part, which may not be accurate.
└ @ ITensorMPS ~/.julia/packages/ITensorMPS/fZDBz/src/abstractmps.jl:1271
┌ Warning: log(norm²) is 1.2593658690947707 - 2.79861539312676e-15im, which is not real up to a relative tolerance of 2.220446049250313e-15 and an absolute tolerance of 2.220446049250313e-15. Taking the real part, which may not be accurate.
└ @ ITensorMPS ~/.julia/packages/ITensorMPS/fZDBz/src/abstractmps.jl:1271
┌ Warning: norm² is 4.830534128935509e19 + 120929.61631873716im, which is not real up to a relative tolerance of 2.220446049250313e-15 and an absolute tolerance of 2.220446049250313e-15. Taking the real part, which may not be accurate.
└ @ ITensorMPS ~/.julia/packages/ITensorMPS/fZDBz/src/abstractmps.jl:1246
┌ Warning: norm² is 3.524037182263452 - 8.47805923611382e-15im, which is not real up to a relative tolerance of 2.220446049250313e-15 and an absolute tolerance of 2.220446049250313e-15. Taking the real part, which may not be accurate.
└ @ ITensorMPS ~/.julia/packages/ITensorMPS/fZDBz/src/abstractmps.jl:1246
┌ Warning: norm² is 4.837112637902122e19 - 119806.7664967305im, which is not real up to a relative tolerance of 2.220446049250313e-15 and an absolute tolerance of 2.220446049250313e-15. Taking the real part, which may not be accurate.
└ @ ITensorMPS ~/.julia/packages/ITensorMPS/fZDBz/src/abstractmps.jl:1246
┌ Warning: norm² is 3.683552994102287 - 8.447860240332002e-15im, which is not real up to a relative tolerance of 2.220446049250313e-15 and an absolute tolerance of 2.220446049250313e-15. Taking the real part, which may not be accurate.
└ @ ITensorMPS ~/.julia/packages/ITensorMPS/fZDBz/src/abstractmps.jl:1246
┌ Warning: norm² is 5.526528182015409e19 + 125408.83706108056im, which is not real up to a relative tolerance of 2.220446049250313e-15 and an absolute tolerance of 2.220446049250313e-15. Taking the real part, which may not be accurate.
└ @ ITensorMPS ~/.julia/packages/ITensorMPS/fZDBz/src/abstractmps.jl:1246
┌ Warning: norm² is 3.680471722596204 + 9.270738204038584e-15im, which is not real up to a relative tolerance of 2.220446049250313e-15 and an absolute tolerance of 2.220446049250313e-15. Taking the real part, which may not be accurate.
└ @ ITensorMPS ~/.julia/packages/ITensorMPS/fZDBz/src/abstractmps.jl:1246
┌ Warning: norm² is 5.526223811575853e19 + 152658.55657814193im, which is not real up to a relative tolerance of 2.220446049250313e-15 and an absolute tolerance of 2.220446049250313e-15. Taking the real part, which may not be accurate.
└ @ ITensorMPS ~/.julia/packages/ITensorMPS/fZDBz/src/abstractmps.jl:1246
┌ Warning: norm² is 5.5264111058234016e19 + 132001.98548016773im, which is not real up to a relative tolerance of 2.220446049250313e-15 and an absolute tolerance of 2.220446049250313e-15. Taking the real part, which may not be accurate.
└ @ ITensorMPS ~/.julia/packages/ITensorMPS/fZDBz/src/abstractmps.jl:1246
┌ Warning: norm² is 1.5711446496321303e19 + 54686.05160858191im, which is not real up to a relative tolerance of 2.220446049250313e-15 and an absolute tolerance of 2.220446049250313e-15. Taking the real part, which may not be accurate.
└ @ ITensorMPS ~/.julia/packages/ITensorMPS/fZDBz/src/abstractmps.jl:1246
┌ Warning: norm² is 2.2884244760946127e19 + 93326.16369449534im, which is not real up to a relative tolerance of 2.220446049250313e-15 and an absolute tolerance of 2.220446049250313e-15. Taking the real part, which may not be accurate.
└ @ ITensorMPS ~/.julia/packages/ITensorMPS/fZDBz/src/abstractmps.jl:1246
┌ Warning: norm² is 5.526352881507889e19 + 137062.16829263663im, which is not real up to a relative tolerance of 2.220446049250313e-15 and an absolute tolerance of 2.220446049250313e-15. Taking the real part, which may not be accurate.
└ @ ITensorMPS ~/.julia/packages/ITensorMPS/fZDBz/src/abstractmps.jl:1246
┌ Warning: norm² is 5.525997815784118e19 - 127850.5232421636im, which is not real up to a relative tolerance of 2.220446049250313e-15 and an absolute tolerance of 2.220446049250313e-15. Taking the real part, which may not be accurate.
└ @ ITensorMPS ~/.julia/packages/ITensorMPS/fZDBz/src/abstractmps.jl:1246
┌ Warning: norm² is 3.7725271244252823 + 1.023849129086565e-14im, which is not real up to a relative tolerance of 2.220446049250313e-15 and an absolute tolerance of 2.220446049250313e-15. Taking the real part, which may not be accurate.
└ @ ITensorMPS ~/.julia/packages/ITensorMPS/fZDBz/src/abstractmps.jl:1246
┌ Warning: norm² is 3.5255483023233194 + 8.981898038937015e-15im, which is not real up to a relative tolerance of 2.220446049250313e-15 and an absolute tolerance of 2.220446049250313e-15. Taking the real part, which may not be accurate.
└ @ ITensorMPS ~/.julia/packages/ITensorMPS/fZDBz/src/abstractmps.jl:1246
┌ Warning: norm² is 2.288376314328974e19 - 65872.37569111056im, which is not real up to a relative tolerance of 2.220446049250313e-15 and an absolute tolerance of 2.220446049250313e-15. Taking the real part, which may not be accurate.
└ @ ITensorMPS ~/.julia/packages/ITensorMPS/fZDBz/src/abstractmps.jl:1246
┌ Warning: norm² is 1.5707050312986216e19 + 35444.137234643444im, which is not real up to a relative tolerance of 2.220446049250313e-15 and an absolute tolerance of 2.220446049250313e-15. Taking the real part, which may not be accurate.
└ @ ITensorMPS ~/.julia/packages/ITensorMPS/fZDBz/src/abstractmps.jl:1246
┌ Warning: norm² is 2.2885608133133742e19 - 53704.61425569799im, which is not real up to a relative tolerance of 2.220446049250313e-15 and an absolute tolerance of 2.220446049250313e-15. Taking the real part, which may not be accurate.
└ @ ITensorMPS ~/.julia/packages/ITensorMPS/fZDBz/src/abstractmps.jl:1246
┌ Warning: log(norm²) is 1.2601486803974908 - 3.6552041539321466e-15im, which is not real up to a relative tolerance of 2.220446049250313e-15 and an absolute tolerance of 2.220446049250313e-15. Taking the real part, which may not be accurate.
└ @ ITensorMPS ~/.julia/packages/ITensorMPS/fZDBz/src/abstractmps.jl:1271
┌ Warning: norm² is 3.6865738562249475 + 1.010412012726272e-14im, which is not real up to a relative tolerance of 2.220446049250313e-15 and an absolute tolerance of 2.220446049250313e-15. Taking the real part, which may not be accurate.
└ @ ITensorMPS ~/.julia/packages/ITensorMPS/fZDBz/src/abstractmps.jl:1246
┌ Warning: norm² is 3.524808338966277 + 8.447392782261835e-15im, which is not real up to a relative tolerance of 2.220446049250313e-15 and an absolute tolerance of 2.220446049250313e-15. Taking the real part, which may not be accurate.
└ @ ITensorMPS ~/.julia/packages/ITensorMPS/fZDBz/src/abstractmps.jl:1246
┌ Warning: norm² is 4.850399219039128e19 - 119262.04755717219im, which is not real up to a relative tolerance of 2.220446049250313e-15 and an absolute tolerance of 2.220446049250313e-15. Taking the real part, which may not be accurate.
└ @ ITensorMPS ~/.julia/packages/ITensorMPS/fZDBz/src/abstractmps.jl:1246
┌ Warning: norm² is 3.5042717352281603 - 8.858149096269403e-15im, which is not real up to a relative tolerance of 2.220446049250313e-15 and an absolute tolerance of 2.220446049250313e-15. Taking the real part, which may not be accurate.
└ @ ITensorMPS ~/.julia/packages/ITensorMPS/fZDBz/src/abstractmps.jl:1246
┌ Warning: norm² is 5.526578608207116e19 + 166451.8431659741im, which is not real up to a relative tolerance of 2.220446049250313e-15 and an absolute tolerance of 2.220446049250313e-15. Taking the real part, which may not be accurate.
└ @ ITensorMPS ~/.julia/packages/ITensorMPS/fZDBz/src/abstractmps.jl:1246
┌ Warning: norm² is 4.84871587335903e19 + 125036.28905862849im, which is not real up to a relative tolerance of 2.220446049250313e-15 and an absolute tolerance of 2.220446049250313e-15. Taking the real part, which may not be accurate.
└ @ ITensorMPS ~/.julia/packages/ITensorMPS/fZDBz/src/abstractmps.jl:1246
┌ Warning: norm² is 2.288990975736552e19 + 51820.36894883565im, which is not real up to a relative tolerance of 2.220446049250313e-15 and an absolute tolerance of 2.220446049250313e-15. Taking the real part, which may not be accurate.
└ @ ITensorMPS ~/.julia/packages/ITensorMPS/fZDBz/src/abstractmps.jl:1246
┌ Warning: norm² is 4.868361891376238e19 - 139212.7629893315im, which is not real up to a relative tolerance of 2.220446049250313e-15 and an absolute tolerance of 2.220446049250313e-15. Taking the real part, which may not be accurate.
└ @ ITensorMPS ~/.julia/packages/ITensorMPS/fZDBz/src/abstractmps.jl:1246
┌ Warning: norm² is 3.503737234820716 + 8.567160988439927e-15im, which is not real up to a relative tolerance of 2.220446049250313e-15 and an absolute tolerance of 2.220446049250313e-15. Taking the real part, which may not be accurate.
└ @ ITensorMPS ~/.julia/packages/ITensorMPS/fZDBz/src/abstractmps.jl:1246
┌ Warning: norm² is 5.526116211024727e19 - 124897.09603582695im, which is not real up to a relative tolerance of 2.220446049250313e-15 and an absolute tolerance of 2.220446049250313e-15. Taking the real part, which may not be accurate.
└ @ ITensorMPS ~/.julia/packages/ITensorMPS/fZDBz/src/abstractmps.jl:1246
┌ Warning: norm² is 2.2888647321314005e19 + 61211.8757913016im, which is not real up to a relative tolerance of 2.220446049250313e-15 and an absolute tolerance of 2.220446049250313e-15. Taking the real part, which may not be accurate.
└ @ ITensorMPS ~/.julia/packages/ITensorMPS/fZDBz/src/abstractmps.jl:1246
┌ Warning: norm² is 4.8410823562398605e19 + 155154.22344728932im, which is not real up to a relative tolerance of 2.220446049250313e-15 and an absolute tolerance of 2.220446049250313e-15. Taking the real part, which may not be accurate.
└ @ ITensorMPS ~/.julia/packages/ITensorMPS/fZDBz/src/abstractmps.jl:1246
[ Info: [rtm_p0.5] T=9.0  stuck@924  k=4  |θ0|=1.9183  gap=0.979  peak=0.7448  r=[2.6e-10,2.8e-10,3.9e-10,4.7e-10]  69379s
[ Info: Checking symmetry MPO tensor on physical(space) => bond(time) indices
┌ Warning: Tensor *not* symmetric (dim=2|id=997|"S=1/2,Site") <-> (dim=2|id=997|"S=1/2,Site")', normdiff = 0.27616420236277306
└ @ ITransverse ~/.julia/packages/ITransverse/8pmYI/src/ITenUtils/itensor_utils.jl:93
[ Info: Checking symmetry MPO tensor on bond(space) => phys(time) indices
┌ Warning: Tensor *not* symmetric (dim=7|id=378|"Link,l=1") <-> (dim=7|id=28|"Link,l=2"), normdiff = 1.3391131620216266
└ @ ITransverse ~/.julia/packages/ITransverse/8pmYI/src/ITenUtils/itensor_utils.jl:93
[ Info: Checking symmetry MPO tensor on physical(space) => bond(time) indices
┌ Warning: Tensor *not* symmetric (dim=2|id=780|"S=1/2,Site") <-> (dim=2|id=780|"S=1/2,Site")', normdiff = 0.27616420236277306
└ @ ITransverse ~/.julia/packages/ITransverse/8pmYI/src/ITenUtils/itensor_utils.jl:93
[ Info: Checking symmetry MPO tensor on bond(space) => phys(time) indices
┌ Warning: Tensor *not* symmetric (dim=7|id=17|"Link,l=1") <-> (dim=7|id=20|"Link,l=2"), normdiff = 1.5642546233009471
└ @ ITransverse ~/.julia/packages/ITransverse/8pmYI/src/ITenUtils/itensor_utils.jl:93
┌ Warning: norm² is 6.506898689593591e22 - 1.6699286525e8im, which is not real up to a relative tolerance of 2.220446049250313e-15 and an absolute tolerance of 2.220446049250313e-15. Taking the real part, which may not be accurate.
└ @ ITensorMPS ~/.julia/packages/ITensorMPS/fZDBz/src/abstractmps.jl:1246
┌ Warning: norm² is 4.8058464547919556e24 + 1.4153805068e10im, which is not real up to a relative tolerance of 2.220446049250313e-15 and an absolute tolerance of 2.220446049250313e-15. Taking the real part, which may not be accurate.
└ @ ITensorMPS ~/.julia/packages/ITensorMPS/fZDBz/src/abstractmps.jl:1246
┌ Warning: norm² is 3.435864668481856e24 - 1.3268583376e10im, which is not real up to a relative tolerance of 2.220446049250313e-15 and an absolute tolerance of 2.220446049250313e-15. Taking the real part, which may not be accurate.
└ @ ITensorMPS ~/.julia/packages/ITensorMPS/fZDBz/src/abstractmps.jl:1246
┌ Warning: log(norm²) is -0.6054789401314284 + 2.5576136783460047e-15im, which is not real up to a relative tolerance of 2.220446049250313e-15 and an absolute tolerance of 2.220446049250313e-15. Taking the real part, which may not be accurate.
└ @ ITensorMPS ~/.julia/packages/ITensorMPS/fZDBz/src/abstractmps.jl:1271
┌ Warning: norm² is 1.1393398191937027e24 + 3.6954081339375e9im, which is not real up to a relative tolerance of 2.220446049250313e-15 and an absolute tolerance of 2.220446049250313e-15. Taking the real part, which may not be accurate.
└ @ ITensorMPS ~/.julia/packages/ITensorMPS/fZDBz/src/abstractmps.jl:1246
┌ Warning: norm² is 2.6222537801753864e23 - 7.97137864875e8im, which is not real up to a relative tolerance of 2.220446049250313e-15 and an absolute tolerance of 2.220446049250313e-15. Taking the real part, which may not be accurate.
└ @ ITensorMPS ~/.julia/packages/ITensorMPS/fZDBz/src/abstractmps.jl:1246
┌ Warning: norm² is 2.6263064132158047e24 - 6.32810198525e9im, which is not real up to a relative tolerance of 2.220446049250313e-15 and an absolute tolerance of 2.220446049250313e-15. Taking the real part, which may not be accurate.
└ @ ITensorMPS ~/.julia/packages/ITensorMPS/fZDBz/src/abstractmps.jl:1246
┌ Warning: log(norm²) is 0.7344513296663346 + 3.066801397176147e-15im, which is not real up to a relative tolerance of 2.220446049250313e-15 and an absolute tolerance of 2.220446049250313e-15. Taking the real part, which may not be accurate.
└ @ ITensorMPS ~/.julia/packages/ITensorMPS/fZDBz/src/abstractmps.jl:1271
┌ Warning: norm² is 2.3807735965249477e24 + 5.784559105e9im, which is not real up to a relative tolerance of 2.220446049250313e-15 and an absolute tolerance of 2.220446049250313e-15. Taking the real part, which may not be accurate.
└ @ ITensorMPS ~/.julia/packages/ITensorMPS/fZDBz/src/abstractmps.jl:1246
┌ Warning: norm² is 2.550392644604094e23 + 8.00189966109375e8im, which is not real up to a relative tolerance of 2.220446049250313e-15 and an absolute tolerance of 2.220446049250313e-15. Taking the real part, which may not be accurate.
└ @ ITensorMPS ~/.julia/packages/ITensorMPS/fZDBz/src/abstractmps.jl:1246
┌ Warning: norm² is 5.0663368032009046e23 + 2.2931415475625e9im, which is not real up to a relative tolerance of 2.220446049250313e-15 and an absolute tolerance of 2.220446049250313e-15. Taking the real part, which may not be accurate.
└ @ ITensorMPS ~/.julia/packages/ITensorMPS/fZDBz/src/abstractmps.jl:1246
┌ Warning: log(norm²) is 1.0147022372001424 + 2.5053167329476404e-15im, which is not real up to a relative tolerance of 2.220446049250313e-15 and an absolute tolerance of 2.220446049250313e-15. Taking the real part, which may not be accurate.
└ @ ITensorMPS ~/.julia/packages/ITensorMPS/fZDBz/src/abstractmps.jl:1271
┌ Warning: norm² is 2.7971509776171337 + 6.544519089287105e-15im, which is not real up to a relative tolerance of 2.220446049250313e-15 and an absolute tolerance of 2.220446049250313e-15. Taking the real part, which may not be accurate.
└ @ ITensorMPS ~/.julia/packages/ITensorMPS/fZDBz/src/abstractmps.jl:1246
┌ Warning: norm² is 3.3620892926461256e22 + 1.0990610169921875e8im, which is not real up to a relative tolerance of 2.220446049250313e-15 and an absolute tolerance of 2.220446049250313e-15. Taking the real part, which may not be accurate.
└ @ ITensorMPS ~/.julia/packages/ITensorMPS/fZDBz/src/abstractmps.jl:1246
┌ Warning: norm² is 1.2865696914820342e23 - 3.2140807799609375e8im, which is not real up to a relative tolerance of 2.220446049250313e-15 and an absolute tolerance of 2.220446049250313e-15. Taking the real part, which may not be accurate.
└ @ ITensorMPS ~/.julia/packages/ITensorMPS/fZDBz/src/abstractmps.jl:1246
┌ Warning: norm² is 1.2067667630849028e23 + 2.901577189362793e8im, which is not real up to a relative tolerance of 2.220446049250313e-15 and an absolute tolerance of 2.220446049250313e-15. Taking the real part, which may not be accurate.
└ @ ITensorMPS ~/.julia/packages/ITensorMPS/fZDBz/src/abstractmps.jl:1246
┌ Warning: norm² is 2.9004884572810536 + 6.471132866112319e-15im, which is not real up to a relative tolerance of 2.220446049250313e-15 and an absolute tolerance of 2.220446049250313e-15. Taking the real part, which may not be accurate.
└ @ ITensorMPS ~/.julia/packages/ITensorMPS/fZDBz/src/abstractmps.jl:1246
┌ Warning: norm² is 5.3423651066748655e22 + 1.254969255859375e8im, which is not real up to a relative tolerance of 2.220446049250313e-15 and an absolute tolerance of 2.220446049250313e-15. Taking the real part, which may not be accurate.
└ @ ITensorMPS ~/.julia/packages/ITensorMPS/fZDBz/src/abstractmps.jl:1246
┌ Warning: norm² is 1.6467745650230894 + 4.98148678214162e-15im, which is not real up to a relative tolerance of 2.220446049250313e-15 and an absolute tolerance of 2.220446049250313e-15. Taking the real part, which may not be accurate.
└ @ ITensorMPS ~/.julia/packages/ITensorMPS/fZDBz/src/abstractmps.jl:1246
┌ Warning: norm² is 1.985094751015207e22 - 6.3466439861328125e7im, which is not real up to a relative tolerance of 2.220446049250313e-15 and an absolute tolerance of 2.220446049250313e-15. Taking the real part, which may not be accurate.
└ @ ITensorMPS ~/.julia/packages/ITensorMPS/fZDBz/src/abstractmps.jl:1246
┌ Warning: log(norm²) is 1.274525194702222 + 2.8813298989691046e-15im, which is not real up to a relative tolerance of 2.220446049250313e-15 and an absolute tolerance of 2.220446049250313e-15. Taking the real part, which may not be accurate.
└ @ ITensorMPS ~/.julia/packages/ITensorMPS/fZDBz/src/abstractmps.jl:1271
┌ Warning: norm² is 3.612458320239649e23 + 1.0862059103125e9im, which is not real up to a relative tolerance of 2.220446049250313e-15 and an absolute tolerance of 2.220446049250313e-15. Taking the real part, which may not be accurate.
└ @ ITensorMPS ~/.julia/packages/ITensorMPS/fZDBz/src/abstractmps.jl:1246
┌ Warning: norm² is 2.533115985098787e22 - 9.07500244296875e7im, which is not real up to a relative tolerance of 2.220446049250313e-15 and an absolute tolerance of 2.220446049250313e-15. Taking the real part, which may not be accurate.
└ @ ITensorMPS ~/.julia/packages/ITensorMPS/fZDBz/src/abstractmps.jl:1246
┌ Warning: norm² is 1.541228158304249e24 - 5.788615044e9im, which is not real up to a relative tolerance of 2.220446049250313e-15 and an absolute tolerance of 2.220446049250313e-15. Taking the real part, which may not be accurate.
└ @ ITensorMPS ~/.julia/packages/ITensorMPS/fZDBz/src/abstractmps.jl:1246
┌ Warning: log(norm²) is 1.0922208218123473 + 2.7285479510282286e-15im, which is not real up to a relative tolerance of 2.220446049250313e-15 and an absolute tolerance of 2.220446049250313e-15. Taking the real part, which may not be accurate.
└ @ ITensorMPS ~/.julia/packages/ITensorMPS/fZDBz/src/abstractmps.jl:1271
┌ Warning: norm² is 3.0651621784385474 + 7.614320886896383e-15im, which is not real up to a relative tolerance of 2.220446049250313e-15 and an absolute tolerance of 2.220446049250313e-15. Taking the real part, which may not be accurate.
└ @ ITensorMPS ~/.julia/packages/ITensorMPS/fZDBz/src/abstractmps.jl:1246
┌ Warning: norm² is 6.090346908976258e22 - 1.4493476447558594e8im, which is not real up to a relative tolerance of 2.220446049250313e-15 and an absolute tolerance of 2.220446049250313e-15. Taking the real part, which may not be accurate.
└ @ ITensorMPS ~/.julia/packages/ITensorMPS/fZDBz/src/abstractmps.jl:1246
┌ Warning: log(norm²) is 1.3329409835773127 - 4.123699338354204e-15im, which is not real up to a relative tolerance of 2.220446049250313e-15 and an absolute tolerance of 2.220446049250313e-15. Taking the real part, which may not be accurate.
└ @ ITensorMPS ~/.julia/packages/ITensorMPS/fZDBz/src/abstractmps.jl:1271
┌ Warning: norm² is 3.1267827007794354e23 - 7.193905514648438e8im, which is not real up to a relative tolerance of 2.220446049250313e-15 and an absolute tolerance of 2.220446049250313e-15. Taking the real part, which may not be accurate.
└ @ ITensorMPS ~/.julia/packages/ITensorMPS/fZDBz/src/abstractmps.jl:1246
┌ Warning: norm² is 2.458925572506376e22 - 7.905194904309082e7im, which is not real up to a relative tolerance of 2.220446049250313e-15 and an absolute tolerance of 2.220446049250313e-15. Taking the real part, which may not be accurate.
└ @ ITensorMPS ~/.julia/packages/ITensorMPS/fZDBz/src/abstractmps.jl:1246
┌ Warning: norm² is 1.6165047978613317e22 - 4.11255960644989e7im, which is not real up to a relative tolerance of 2.220446049250313e-15 and an absolute tolerance of 2.220446049250313e-15. Taking the real part, which may not be accurate.
└ @ ITensorMPS ~/.julia/packages/ITensorMPS/fZDBz/src/abstractmps.jl:1246
┌ Warning: norm² is 3.76509434366934e22 + 9.854299569580078e7im, which is not real up to a relative tolerance of 2.220446049250313e-15 and an absolute tolerance of 2.220446049250313e-15. Taking the real part, which may not be accurate.
└ @ ITensorMPS ~/.julia/packages/ITensorMPS/fZDBz/src/abstractmps.jl:1246
┌ Warning: norm² is 5.6740915853961695e22 + 1.3600487936035156e8im, which is not real up to a relative tolerance of 2.220446049250313e-15 and an absolute tolerance of 2.220446049250313e-15. Taking the real part, which may not be accurate.
└ @ ITensorMPS ~/.julia/packages/ITensorMPS/fZDBz/src/abstractmps.jl:1246
┌ Warning: norm² is 2.641394800068714 - 8.051345053870016e-15im, which is not real up to a relative tolerance of 2.220446049250313e-15 and an absolute tolerance of 2.220446049250313e-15. Taking the real part, which may not be accurate.
└ @ ITensorMPS ~/.julia/packages/ITensorMPS/fZDBz/src/abstractmps.jl:1246
┌ Warning: norm² is 2.4273480200027578e25 + 5.586938926028125e10im, which is not real up to a relative tolerance of 2.220446049250313e-15 and an absolute tolerance of 2.220446049250313e-15. Taking the real part, which may not be accurate.
└ @ ITensorMPS ~/.julia/packages/ITensorMPS/fZDBz/src/abstractmps.jl:1246
┌ Warning: norm² is 3.175286368956232 - 7.549046051195418e-15im, which is not real up to a relative tolerance of 2.220446049250313e-15 and an absolute tolerance of 2.220446049250313e-15. Taking the real part, which may not be accurate.
└ @ ITensorMPS ~/.julia/packages/ITensorMPS/fZDBz/src/abstractmps.jl:1246
┌ Warning: norm² is 2.382409504220486e22 + 8.022423368847656e7im, which is not real up to a relative tolerance of 2.220446049250313e-15 and an absolute tolerance of 2.220446049250313e-15. Taking the real part, which may not be accurate.
└ @ ITensorMPS ~/.julia/packages/ITensorMPS/fZDBz/src/abstractmps.jl:1246
┌ Warning: norm² is 1.1719947173981785e24 - 2.822595591125e9im, which is not real up to a relative tolerance of 2.220446049250313e-15 and an absolute tolerance of 2.220446049250313e-15. Taking the real part, which may not be accurate.
└ @ ITensorMPS ~/.julia/packages/ITensorMPS/fZDBz/src/abstractmps.jl:1246
┌ Warning: log(norm²) is 0.5176843400701312 - 2.388733360510511e-15im, which is not real up to a relative tolerance of 2.220446049250313e-15 and an absolute tolerance of 2.220446049250313e-15. Taking the real part, which may not be accurate.
└ @ ITensorMPS ~/.julia/packages/ITensorMPS/fZDBz/src/abstractmps.jl:1271
┌ Warning: norm² is 1.0565138424292164e23 - 2.7275130754052734e8im, which is not real up to a relative tolerance of 2.220446049250313e-15 and an absolute tolerance of 2.220446049250313e-15. Taking the real part, which may not be accurate.
└ @ ITensorMPS ~/.julia/packages/ITensorMPS/fZDBz/src/abstractmps.jl:1246
┌ Warning: norm² is 2.599554566951368 - 6.607832984778558e-15im, which is not real up to a relative tolerance of 2.220446049250313e-15 and an absolute tolerance of 2.220446049250313e-15. Taking the real part, which may not be accurate.
└ @ ITensorMPS ~/.julia/packages/ITensorMPS/fZDBz/src/abstractmps.jl:1246
┌ Warning: norm² is 1.7404813968800388e23 - 4.2754786635546875e8im, which is not real up to a relative tolerance of 2.220446049250313e-15 and an absolute tolerance of 2.220446049250313e-15. Taking the real part, which may not be accurate.
└ @ ITensorMPS ~/.julia/packages/ITensorMPS/fZDBz/src/abstractmps.jl:1246
┌ Warning: log(norm²) is 0.34629533420220726 + 2.4708639944921717e-15im, which is not real up to a relative tolerance of 2.220446049250313e-15 and an absolute tolerance of 2.220446049250313e-15. Taking the real part, which may not be accurate.
└ @ ITensorMPS ~/.julia/packages/ITensorMPS/fZDBz/src/abstractmps.jl:1271
┌ Warning: log(norm²) is 0.660614294053498 - 2.2878388177291932e-15im, which is not real up to a relative tolerance of 2.220446049250313e-15 and an absolute tolerance of 2.220446049250313e-15. Taking the real part, which may not be accurate.
└ @ ITensorMPS ~/.julia/packages/ITensorMPS/fZDBz/src/abstractmps.jl:1271
┌ Warning: norm² is 2.27505405217888 - 8.154264452158118e-15im, which is not real up to a relative tolerance of 2.220446049250313e-15 and an absolute tolerance of 2.220446049250313e-15. Taking the real part, which may not be accurate.
└ @ ITensorMPS ~/.julia/packages/ITensorMPS/fZDBz/src/abstractmps.jl:1246
┌ Warning: norm² is 3.107805463607137 + 7.014851376657105e-15im, which is not real up to a relative tolerance of 2.220446049250313e-15 and an absolute tolerance of 2.220446049250313e-15. Taking the real part, which may not be accurate.
└ @ ITensorMPS ~/.julia/packages/ITensorMPS/fZDBz/src/abstractmps.jl:1246
┌ Warning: norm² is 4.0392588864601136 - 9.618635676675961e-15im, which is not real up to a relative tolerance of 2.220446049250313e-15 and an absolute tolerance of 2.220446049250313e-15. Taking the real part, which may not be accurate.
└ @ ITensorMPS ~/.julia/packages/ITensorMPS/fZDBz/src/abstractmps.jl:1246
┌ Warning: norm² is 5.0244537903714726 + 1.4880486696846714e-14im, which is not real up to a relative tolerance of 2.220446049250313e-15 and an absolute tolerance of 2.220446049250313e-15. Taking the real part, which may not be accurate.
└ @ ITensorMPS ~/.julia/packages/ITensorMPS/fZDBz/src/abstractmps.jl:1246
┌ Warning: norm² is 3.4937597104730984 - 7.988442081234159e-15im, which is not real up to a relative tolerance of 2.220446049250313e-15 and an absolute tolerance of 2.220446049250313e-15. Taking the real part, which may not be accurate.
└ @ ITensorMPS ~/.julia/packages/ITensorMPS/fZDBz/src/abstractmps.jl:1246
┌ Warning: norm² is 9.062072047731699e21 + 2.1566170682243347e7im, which is not real up to a relative tolerance of 2.220446049250313e-15 and an absolute tolerance of 2.220446049250313e-15. Taking the real part, which may not be accurate.
└ @ ITensorMPS ~/.julia/packages/ITensorMPS/fZDBz/src/abstractmps.jl:1246
┌ Warning: norm² is 3.6588622672284914 - 9.00373191288509e-15im, which is not real up to a relative tolerance of 2.220446049250313e-15 and an absolute tolerance of 2.220446049250313e-15. Taking the real part, which may not be accurate.
└ @ ITensorMPS ~/.julia/packages/ITensorMPS/fZDBz/src/abstractmps.jl:1246
┌ Warning: log(norm²) is 1.014077244820388 - 2.881264680349401e-15im, which is not real up to a relative tolerance of 2.220446049250313e-15 and an absolute tolerance of 2.220446049250313e-15. Taking the real part, which may not be accurate.
└ @ ITensorMPS ~/.julia/packages/ITensorMPS/fZDBz/src/abstractmps.jl:1271
┌ Warning: norm² is 1.0052287896825935e22 - 3.589074036975098e7im, which is not real up to a relative tolerance of 2.220446049250313e-15 and an absolute tolerance of 2.220446049250313e-15. Taking the real part, which may not be accurate.
└ @ ITensorMPS ~/.julia/packages/ITensorMPS/fZDBz/src/abstractmps.jl:1246
┌ Warning: log(norm²) is 1.2089602968735043 + 3.274225510057255e-15im, which is not real up to a relative tolerance of 2.220446049250313e-15 and an absolute tolerance of 2.220446049250313e-15. Taking the real part, which may not be accurate.
└ @ ITensorMPS ~/.julia/packages/ITensorMPS/fZDBz/src/abstractmps.jl:1271
┌ Warning: norm² is 1.2359804219011396e22 - 3.926419564428711e7im, which is not real up to a relative tolerance of 2.220446049250313e-15 and an absolute tolerance of 2.220446049250313e-15. Taking the real part, which may not be accurate.
└ @ ITensorMPS ~/.julia/packages/ITensorMPS/fZDBz/src/abstractmps.jl:1246
┌ Warning: log(norm²) is 1.2751960014674162 + 2.9854233771754667e-15im, which is not real up to a relative tolerance of 2.220446049250313e-15 and an absolute tolerance of 2.220446049250313e-15. Taking the real part, which may not be accurate.
└ @ ITensorMPS ~/.julia/packages/ITensorMPS/fZDBz/src/abstractmps.jl:1271
┌ Warning: norm² is 3.8148608777643385 + 9.828964667749152e-15im, which is not real up to a relative tolerance of 2.220446049250313e-15 and an absolute tolerance of 2.220446049250313e-15. Taking the real part, which may not be accurate.
└ @ ITensorMPS ~/.julia/packages/ITensorMPS/fZDBz/src/abstractmps.jl:1246
┌ Warning: log(norm²) is 1.2493076901058853 - 3.112414930141279e-15im, which is not real up to a relative tolerance of 2.220446049250313e-15 and an absolute tolerance of 2.220446049250313e-15. Taking the real part, which may not be accurate.
└ @ ITensorMPS ~/.julia/packages/ITensorMPS/fZDBz/src/abstractmps.jl:1271
┌ Warning: norm² is 5.233995774430522 - 1.702425998194054e-14im, which is not real up to a relative tolerance of 2.220446049250313e-15 and an absolute tolerance of 2.220446049250313e-15. Taking the real part, which may not be accurate.
└ @ ITensorMPS ~/.julia/packages/ITensorMPS/fZDBz/src/abstractmps.jl:1246
┌ Warning: log(norm²) is 1.3560093740467354 - 3.0161879267107224e-15im, which is not real up to a relative tolerance of 2.220446049250313e-15 and an absolute tolerance of 2.220446049250313e-15. Taking the real part, which may not be accurate.
└ @ ITensorMPS ~/.julia/packages/ITensorMPS/fZDBz/src/abstractmps.jl:1271
┌ Warning: log(norm²) is 1.1286505040992538 + 3.3377911917256596e-15im, which is not real up to a relative tolerance of 2.220446049250313e-15 and an absolute tolerance of 2.220446049250313e-15. Taking the real part, which may not be accurate.
└ @ ITensorMPS ~/.julia/packages/ITensorMPS/fZDBz/src/abstractmps.jl:1271
┌ Warning: norm² is 3.996819415951729e22 - 1.3035883310214233e8im, which is not real up to a relative tolerance of 2.220446049250313e-15 and an absolute tolerance of 2.220446049250313e-15. Taking the real part, which may not be accurate.
└ @ ITensorMPS ~/.julia/packages/ITensorMPS/fZDBz/src/abstractmps.jl:1246
┌ Warning: log(norm²) is 1.3314646718566083 + 3.5287656015294916e-15im, which is not real up to a relative tolerance of 2.220446049250313e-15 and an absolute tolerance of 2.220446049250313e-15. Taking the real part, which may not be accurate.
└ @ ITensorMPS ~/.julia/packages/ITensorMPS/fZDBz/src/abstractmps.jl:1271
┌ Warning: norm² is 4.500183927426527e22 - 1.1646474654501343e8im, which is not real up to a relative tolerance of 2.220446049250313e-15 and an absolute tolerance of 2.220446049250313e-15. Taking the real part, which may not be accurate.
└ @ ITensorMPS ~/.julia/packages/ITensorMPS/fZDBz/src/abstractmps.jl:1246
┌ Warning: norm² is 1.0995905680561406e22 - 2.6060082518886566e7im, which is not real up to a relative tolerance of 2.220446049250313e-15 and an absolute tolerance of 2.220446049250313e-15. Taking the real part, which may not be accurate.
└ @ ITensorMPS ~/.julia/packages/ITensorMPS/fZDBz/src/abstractmps.jl:1246
┌ Warning: norm² is 1.977612768384361e22 - 5.292386364349365e7im, which is not real up to a relative tolerance of 2.220446049250313e-15 and an absolute tolerance of 2.220446049250313e-15. Taking the real part, which may not be accurate.
└ @ ITensorMPS ~/.julia/packages/ITensorMPS/fZDBz/src/abstractmps.jl:1246
┌ Warning: log(norm²) is 1.2347841123433363 - 2.8386186797201463e-15im, which is not real up to a relative tolerance of 2.220446049250313e-15 and an absolute tolerance of 2.220446049250313e-15. Taking the real part, which may not be accurate.
└ @ ITensorMPS ~/.julia/packages/ITensorMPS/fZDBz/src/abstractmps.jl:1271
┌ Warning: norm² is 3.404840990623903 + 8.1141406099689e-15im, which is not real up to a relative tolerance of 2.220446049250313e-15 and an absolute tolerance of 2.220446049250313e-15. Taking the real part, which may not be accurate.
└ @ ITensorMPS ~/.julia/packages/ITensorMPS/fZDBz/src/abstractmps.jl:1246
┌ Warning: norm² is 8.501816117028742e22 - 2.2567882521679688e8im, which is not real up to a relative tolerance of 2.220446049250313e-15 and an absolute tolerance of 2.220446049250313e-15. Taking the real part, which may not be accurate.
└ @ ITensorMPS ~/.julia/packages/ITensorMPS/fZDBz/src/abstractmps.jl:1246
┌ Warning: norm² is 1.2722601498752938e22 - 2.9308160266967773e7im, which is not real up to a relative tolerance of 2.220446049250313e-15 and an absolute tolerance of 2.220446049250313e-15. Taking the real part, which may not be accurate.
└ @ ITensorMPS ~/.julia/packages/ITensorMPS/fZDBz/src/abstractmps.jl:1246
┌ Warning: norm² is 8.151307231386658e21 + 1.9068688865679264e7im, which is not real up to a relative tolerance of 2.220446049250313e-15 and an absolute tolerance of 2.220446049250313e-15. Taking the real part, which may not be accurate.
└ @ ITensorMPS ~/.julia/packages/ITensorMPS/fZDBz/src/abstractmps.jl:1246
┌ Warning: log(norm²) is 1.0646760591143818 + 2.891987160333903e-15im, which is not real up to a relative tolerance of 2.220446049250313e-15 and an absolute tolerance of 2.220446049250313e-15. Taking the real part, which may not be accurate.
└ @ ITensorMPS ~/.julia/packages/ITensorMPS/fZDBz/src/abstractmps.jl:1271
┌ Warning: norm² is 8.540333185677398e21 - 1.9562162566623688e7im, which is not real up to a relative tolerance of 2.220446049250313e-15 and an absolute tolerance of 2.220446049250313e-15. Taking the real part, which may not be accurate.
└ @ ITensorMPS ~/.julia/packages/ITensorMPS/fZDBz/src/abstractmps.jl:1246
┌ Warning: norm² is 3.643717545038566 - 1.0068681131945032e-14im, which is not real up to a relative tolerance of 2.220446049250313e-15 and an absolute tolerance of 2.220446049250313e-15. Taking the real part, which may not be accurate.
└ @ ITensorMPS ~/.julia/packages/ITensorMPS/fZDBz/src/abstractmps.jl:1246
┌ Warning: log(norm²) is 1.291394267626103 + 3.3032050040824037e-15im, which is not real up to a relative tolerance of 2.220446049250313e-15 and an absolute tolerance of 2.220446049250313e-15. Taking the real part, which may not be accurate.
└ @ ITensorMPS ~/.julia/packages/ITensorMPS/fZDBz/src/abstractmps.jl:1271
┌ Warning: norm² is 3.597014811700458 - 1.0463314814237119e-14im, which is not real up to a relative tolerance of 2.220446049250313e-15 and an absolute tolerance of 2.220446049250313e-15. Taking the real part, which may not be accurate.
└ @ ITensorMPS ~/.julia/packages/ITensorMPS/fZDBz/src/abstractmps.jl:1246
┌ Warning: norm² is 6.020413405957121e22 + 1.3469399169189453e8im, which is not real up to a relative tolerance of 2.220446049250313e-15 and an absolute tolerance of 2.220446049250313e-15. Taking the real part, which may not be accurate.
└ @ ITensorMPS ~/.julia/packages/ITensorMPS/fZDBz/src/abstractmps.jl:1246
┌ Warning: norm² is 3.8025545336873683 - 9.206556441783066e-15im, which is not real up to a relative tolerance of 2.220446049250313e-15 and an absolute tolerance of 2.220446049250313e-15. Taking the real part, which may not be accurate.
└ @ ITensorMPS ~/.julia/packages/ITensorMPS/fZDBz/src/abstractmps.jl:1246
┌ Warning: norm² is 2.227970247383088e22 + 5.110676983984375e7im, which is not real up to a relative tolerance of 2.220446049250313e-15 and an absolute tolerance of 2.220446049250313e-15. Taking the real part, which may not be accurate.
└ @ ITensorMPS ~/.julia/packages/ITensorMPS/fZDBz/src/abstractmps.jl:1246
┌ Warning: norm² is 3.434911897569593 - 8.79994736806204e-15im, which is not real up to a relative tolerance of 2.220446049250313e-15 and an absolute tolerance of 2.220446049250313e-15. Taking the real part, which may not be accurate.
└ @ ITensorMPS ~/.julia/packages/ITensorMPS/fZDBz/src/abstractmps.jl:1246
┌ Warning: norm² is 3.5473275420442167 + 1.0009815340330386e-14im, which is not real up to a relative tolerance of 2.220446049250313e-15 and an absolute tolerance of 2.220446049250313e-15. Taking the real part, which may not be accurate.
└ @ ITensorMPS ~/.julia/packages/ITensorMPS/fZDBz/src/abstractmps.jl:1246
┌ Warning: norm² is 3.540152081420281 - 8.880301810658002e-15im, which is not real up to a relative tolerance of 2.220446049250313e-15 and an absolute tolerance of 2.220446049250313e-15. Taking the real part, which may not be accurate.
└ @ ITensorMPS ~/.julia/packages/ITensorMPS/fZDBz/src/abstractmps.jl:1246
┌ Warning: norm² is 4.3073720852610915e21 + 1.0259123627815247e7im, which is not real up to a relative tolerance of 2.220446049250313e-15 and an absolute tolerance of 2.220446049250313e-15. Taking the real part, which may not be accurate.
└ @ ITensorMPS ~/.julia/packages/ITensorMPS/fZDBz/src/abstractmps.jl:1246
┌ Warning: log(norm²) is 1.288792811703233 - 2.887329433234594e-15im, which is not real up to a relative tolerance of 2.220446049250313e-15 and an absolute tolerance of 2.220446049250313e-15. Taking the real part, which may not be accurate.
└ @ ITensorMPS ~/.julia/packages/ITensorMPS/fZDBz/src/abstractmps.jl:1271
┌ Warning: norm² is 9.509384004833257e21 - 2.5010032089616776e7im, which is not real up to a relative tolerance of 2.220446049250313e-15 and an absolute tolerance of 2.220446049250313e-15. Taking the real part, which may not be accurate.
└ @ ITensorMPS ~/.julia/packages/ITensorMPS/fZDBz/src/abstractmps.jl:1246
┌ Warning: norm² is 3.6835960499874547 - 1.0012396211049976e-14im, which is not real up to a relative tolerance of 2.220446049250313e-15 and an absolute tolerance of 2.220446049250313e-15. Taking the real part, which may not be accurate.
└ @ ITensorMPS ~/.julia/packages/ITensorMPS/fZDBz/src/abstractmps.jl:1246
┌ Warning: norm² is 3.859414853708156e21 + 1.3582642789225101e7im, which is not real up to a relative tolerance of 2.220446049250313e-15 and an absolute tolerance of 2.220446049250313e-15. Taking the real part, which may not be accurate.
└ @ ITensorMPS ~/.julia/packages/ITensorMPS/fZDBz/src/abstractmps.jl:1246
┌ Warning: norm² is 3.8408319014580896e21 + 1.0084563635359764e7im, which is not real up to a relative tolerance of 2.220446049250313e-15 and an absolute tolerance of 2.220446049250313e-15. Taking the real part, which may not be accurate.
└ @ ITensorMPS ~/.julia/packages/ITensorMPS/fZDBz/src/abstractmps.jl:1246
┌ Warning: norm² is 3.6088968011807894 + 8.328797608611095e-15im, which is not real up to a relative tolerance of 2.220446049250313e-15 and an absolute tolerance of 2.220446049250313e-15. Taking the real part, which may not be accurate.
└ @ ITensorMPS ~/.julia/packages/ITensorMPS/fZDBz/src/abstractmps.jl:1246
┌ Warning: norm² is 2.834545317041693e22 + 7.318235684793091e7im, which is not real up to a relative tolerance of 2.220446049250313e-15 and an absolute tolerance of 2.220446049250313e-15. Taking the real part, which may not be accurate.
└ @ ITensorMPS ~/.julia/packages/ITensorMPS/fZDBz/src/abstractmps.jl:1246
┌ Warning: norm² is 9.068260480850879e21 - 2.6741820814267576e7im, which is not real up to a relative tolerance of 2.220446049250313e-15 and an absolute tolerance of 2.220446049250313e-15. Taking the real part, which may not be accurate.
└ @ ITensorMPS ~/.julia/packages/ITensorMPS/fZDBz/src/abstractmps.jl:1246
┌ Warning: norm² is 3.677957945262853e21 + 8.232174800098658e6im, which is not real up to a relative tolerance of 2.220446049250313e-15 and an absolute tolerance of 2.220446049250313e-15. Taking the real part, which may not be accurate.
└ @ ITensorMPS ~/.julia/packages/ITensorMPS/fZDBz/src/abstractmps.jl:1246
┌ Warning: log(norm²) is 1.2890499916236373 + 2.9397447814608413e-15im, which is not real up to a relative tolerance of 2.220446049250313e-15 and an absolute tolerance of 2.220446049250313e-15. Taking the real part, which may not be accurate.
└ @ ITensorMPS ~/.julia/packages/ITensorMPS/fZDBz/src/abstractmps.jl:1271
┌ Warning: norm² is 3.681968878097252e21 + 1.1704249058235168e7im, which is not real up to a relative tolerance of 2.220446049250313e-15 and an absolute tolerance of 2.220446049250313e-15. Taking the real part, which may not be accurate.
└ @ ITensorMPS ~/.julia/packages/ITensorMPS/fZDBz/src/abstractmps.jl:1246
┌ Warning: norm² is 3.653551650031815 - 8.514166092946142e-15im, which is not real up to a relative tolerance of 2.220446049250313e-15 and an absolute tolerance of 2.220446049250313e-15. Taking the real part, which may not be accurate.
└ @ ITensorMPS ~/.julia/packages/ITensorMPS/fZDBz/src/abstractmps.jl:1246
┌ Warning: norm² is 2.3458244295432975e22 - 7.601630293206787e7im, which is not real up to a relative tolerance of 2.220446049250313e-15 and an absolute tolerance of 2.220446049250313e-15. Taking the real part, which may not be accurate.
└ @ ITensorMPS ~/.julia/packages/ITensorMPS/fZDBz/src/abstractmps.jl:1246
┌ Warning: norm² is 1.0277467911061993e22 - 2.291430019958496e7im, which is not real up to a relative tolerance of 2.220446049250313e-15 and an absolute tolerance of 2.220446049250313e-15. Taking the real part, which may not be accurate.
└ @ ITensorMPS ~/.julia/packages/ITensorMPS/fZDBz/src/abstractmps.jl:1246
┌ Warning: norm² is 3.607127141786067 - 1.2414259758435049e-14im, which is not real up to a relative tolerance of 2.220446049250313e-15 and an absolute tolerance of 2.220446049250313e-15. Taking the real part, which may not be accurate.
└ @ ITensorMPS ~/.julia/packages/ITensorMPS/fZDBz/src/abstractmps.jl:1246
┌ Warning: norm² is 3.6423525312841676 + 1.0743669902388518e-14im, which is not real up to a relative tolerance of 2.220446049250313e-15 and an absolute tolerance of 2.220446049250313e-15. Taking the real part, which may not be accurate.
└ @ ITensorMPS ~/.julia/packages/ITensorMPS/fZDBz/src/abstractmps.jl:1246
┌ Warning: norm² is 3.8021251083084353 + 8.952411327838176e-15im, which is not real up to a relative tolerance of 2.220446049250313e-15 and an absolute tolerance of 2.220446049250313e-15. Taking the real part, which may not be accurate.
└ @ ITensorMPS ~/.julia/packages/ITensorMPS/fZDBz/src/abstractmps.jl:1246
┌ Warning: log(norm²) is 1.293733943298079 + 3.0323599522878523e-15im, which is not real up to a relative tolerance of 2.220446049250313e-15 and an absolute tolerance of 2.220446049250313e-15. Taking the real part, which may not be accurate.
└ @ ITensorMPS ~/.julia/packages/ITensorMPS/fZDBz/src/abstractmps.jl:1271
┌ Warning: norm² is 3.556085240353187 + 1.0666648320012815e-14im, which is not real up to a relative tolerance of 2.220446049250313e-15 and an absolute tolerance of 2.220446049250313e-15. Taking the real part, which may not be accurate.
└ @ ITensorMPS ~/.julia/packages/ITensorMPS/fZDBz/src/abstractmps.jl:1246
┌ Warning: norm² is 3.669247376335526 - 9.263455911260329e-15im, which is not real up to a relative tolerance of 2.220446049250313e-15 and an absolute tolerance of 2.220446049250313e-15. Taking the real part, which may not be accurate.
└ @ ITensorMPS ~/.julia/packages/ITensorMPS/fZDBz/src/abstractmps.jl:1246
┌ Warning: norm² is 3.383023289835875e21 + 7.760927652877212e6im, which is not real up to a relative tolerance of 2.220446049250313e-15 and an absolute tolerance of 2.220446049250313e-15. Taking the real part, which may not be accurate.
└ @ ITensorMPS ~/.julia/packages/ITensorMPS/fZDBz/src/abstractmps.jl:1246
┌ Warning: norm² is 2.187893172593063e22 - 5.75151956901474e7im, which is not real up to a relative tolerance of 2.220446049250313e-15 and an absolute tolerance of 2.220446049250313e-15. Taking the real part, which may not be accurate.
└ @ ITensorMPS ~/.julia/packages/ITensorMPS/fZDBz/src/abstractmps.jl:1246
┌ Warning: norm² is 2.1805819129101954e22 + 6.313534757910156e7im, which is not real up to a relative tolerance of 2.220446049250313e-15 and an absolute tolerance of 2.220446049250313e-15. Taking the real part, which may not be accurate.
└ @ ITensorMPS ~/.julia/packages/ITensorMPS/fZDBz/src/abstractmps.jl:1246
┌ Warning: norm² is 3.6629155076021203 - 1.0967346122189797e-14im, which is not real up to a relative tolerance of 2.220446049250313e-15 and an absolute tolerance of 2.220446049250313e-15. Taking the real part, which may not be accurate.
└ @ ITensorMPS ~/.julia/packages/ITensorMPS/fZDBz/src/abstractmps.jl:1246
┌ Warning: norm² is 1.007077144409605e22 + 2.946598806841278e7im, which is not real up to a relative tolerance of 2.220446049250313e-15 and an absolute tolerance of 2.220446049250313e-15. Taking the real part, which may not be accurate.
└ @ ITensorMPS ~/.julia/packages/ITensorMPS/fZDBz/src/abstractmps.jl:1246
┌ Warning: norm² is 3.2929174742014996e21 - 7.942749653778434e6im, which is not real up to a relative tolerance of 2.220446049250313e-15 and an absolute tolerance of 2.220446049250313e-15. Taking the real part, which may not be accurate.
└ @ ITensorMPS ~/.julia/packages/ITensorMPS/fZDBz/src/abstractmps.jl:1246
┌ Warning: norm² is 3.6108664622508617 + 1.0028737082056683e-14im, which is not real up to a relative tolerance of 2.220446049250313e-15 and an absolute tolerance of 2.220446049250313e-15. Taking the real part, which may not be accurate.
└ @ ITensorMPS ~/.julia/packages/ITensorMPS/fZDBz/src/abstractmps.jl:1246
┌ Warning: norm² is 1.974168600991775e22 + 4.871234638537598e7im, which is not real up to a relative tolerance of 2.220446049250313e-15 and an absolute tolerance of 2.220446049250313e-15. Taking the real part, which may not be accurate.
└ @ ITensorMPS ~/.julia/packages/ITensorMPS/fZDBz/src/abstractmps.jl:1246
┌ Warning: norm² is 9.02998775409229e21 + 2.581262385852984e7im, which is not real up to a relative tolerance of 2.220446049250313e-15 and an absolute tolerance of 2.220446049250313e-15. Taking the real part, which may not be accurate.
└ @ ITensorMPS ~/.julia/packages/ITensorMPS/fZDBz/src/abstractmps.jl:1246
┌ Warning: norm² is 9.042872245586496e21 - 2.421899104918021e7im, which is not real up to a relative tolerance of 2.220446049250313e-15 and an absolute tolerance of 2.220446049250313e-15. Taking the real part, which may not be accurate.
└ @ ITensorMPS ~/.julia/packages/ITensorMPS/fZDBz/src/abstractmps.jl:1246
┌ Warning: norm² is 3.8114185407162617 - 9.752790432384784e-15im, which is not real up to a relative tolerance of 2.220446049250313e-15 and an absolute tolerance of 2.220446049250313e-15. Taking the real part, which may not be accurate.
└ @ ITensorMPS ~/.julia/packages/ITensorMPS/fZDBz/src/abstractmps.jl:1246
┌ Warning: norm² is 3.399165626063116e21 + 1.0448740337581992e7im, which is not real up to a relative tolerance of 2.220446049250313e-15 and an absolute tolerance of 2.220446049250313e-15. Taking the real part, which may not be accurate.
└ @ ITensorMPS ~/.julia/packages/ITensorMPS/fZDBz/src/abstractmps.jl:1246
┌ Warning: norm² is 3.6343206172285396 - 8.595987391633978e-15im, which is not real up to a relative tolerance of 2.220446049250313e-15 and an absolute tolerance of 2.220446049250313e-15. Taking the real part, which may not be accurate.
└ @ ITensorMPS ~/.julia/packages/ITensorMPS/fZDBz/src/abstractmps.jl:1246
┌ Warning: norm² is 3.635991181790462 - 9.918657712777485e-15im, which is not real up to a relative tolerance of 2.220446049250313e-15 and an absolute tolerance of 2.220446049250313e-15. Taking the real part, which may not be accurate.
└ @ ITensorMPS ~/.julia/packages/ITensorMPS/fZDBz/src/abstractmps.jl:1246
┌ Warning: norm² is 3.80184426199784 + 9.82556283526102e-15im, which is not real up to a relative tolerance of 2.220446049250313e-15 and an absolute tolerance of 2.220446049250313e-15. Taking the real part, which may not be accurate.
└ @ ITensorMPS ~/.julia/packages/ITensorMPS/fZDBz/src/abstractmps.jl:1246
┌ Warning: norm² is 3.696481686645761 + 8.478217524896199e-15im, which is not real up to a relative tolerance of 2.220446049250313e-15 and an absolute tolerance of 2.220446049250313e-15. Taking the real part, which may not be accurate.
└ @ ITensorMPS ~/.julia/packages/ITensorMPS/fZDBz/src/abstractmps.jl:1246
┌ Warning: norm² is 3.638215361399603 - 9.619961556337264e-15im, which is not real up to a relative tolerance of 2.220446049250313e-15 and an absolute tolerance of 2.220446049250313e-15. Taking the real part, which may not be accurate.
└ @ ITensorMPS ~/.julia/packages/ITensorMPS/fZDBz/src/abstractmps.jl:1246
┌ Warning: norm² is 3.658125296737866 - 1.1486030188189198e-14im, which is not real up to a relative tolerance of 2.220446049250313e-15 and an absolute tolerance of 2.220446049250313e-15. Taking the real part, which may not be accurate.
└ @ ITensorMPS ~/.julia/packages/ITensorMPS/fZDBz/src/abstractmps.jl:1246
┌ Warning: norm² is 3.6683313255102106 + 8.60995857261782e-15im, which is not real up to a relative tolerance of 2.220446049250313e-15 and an absolute tolerance of 2.220446049250313e-15. Taking the real part, which may not be accurate.
└ @ ITensorMPS ~/.julia/packages/ITensorMPS/fZDBz/src/abstractmps.jl:1246
┌ Warning: norm² is 3.5864747213709016 - 8.631203078604702e-15im, which is not real up to a relative tolerance of 2.220446049250313e-15 and an absolute tolerance of 2.220446049250313e-15. Taking the real part, which may not be accurate.
└ @ ITensorMPS ~/.julia/packages/ITensorMPS/fZDBz/src/abstractmps.jl:1246
┌ Warning: norm² is 3.8060133813428676 + 1.0181557376750607e-14im, which is not real up to a relative tolerance of 2.220446049250313e-15 and an absolute tolerance of 2.220446049250313e-15. Taking the real part, which may not be accurate.
└ @ ITensorMPS ~/.julia/packages/ITensorMPS/fZDBz/src/abstractmps.jl:1246
┌ Warning: norm² is 3.5831114461627145 - 1.096934085602313e-14im, which is not real up to a relative tolerance of 2.220446049250313e-15 and an absolute tolerance of 2.220446049250313e-15. Taking the real part, which may not be accurate.
└ @ ITensorMPS ~/.julia/packages/ITensorMPS/fZDBz/src/abstractmps.jl:1246
┌ Warning: log(norm²) is 1.27623154198721 - 4.192131734265167e-15im, which is not real up to a relative tolerance of 2.220446049250313e-15 and an absolute tolerance of 2.220446049250313e-15. Taking the real part, which may not be accurate.
└ @ ITensorMPS ~/.julia/packages/ITensorMPS/fZDBz/src/abstractmps.jl:1271
┌ Warning: log(norm²) is 1.3366822834656453 + 3.282693473783217e-15im, which is not real up to a relative tolerance of 2.220446049250313e-15 and an absolute tolerance of 2.220446049250313e-15. Taking the real part, which may not be accurate.
└ @ ITensorMPS ~/.julia/packages/ITensorMPS/fZDBz/src/abstractmps.jl:1271
┌ Warning: norm² is 9.027514914882141e21 - 2.277587598593229e7im, which is not real up to a relative tolerance of 2.220446049250313e-15 and an absolute tolerance of 2.220446049250313e-15. Taking the real part, which may not be accurate.
└ @ ITensorMPS ~/.julia/packages/ITensorMPS/fZDBz/src/abstractmps.jl:1246
┌ Warning: norm² is 3.6581615198589152 - 9.057459335190935e-15im, which is not real up to a relative tolerance of 2.220446049250313e-15 and an absolute tolerance of 2.220446049250313e-15. Taking the real part, which may not be accurate.
└ @ ITensorMPS ~/.julia/packages/ITensorMPS/fZDBz/src/abstractmps.jl:1246
┌ Warning: norm² is 9.517443024878448e21 - 2.1252536136039734e7im, which is not real up to a relative tolerance of 2.220446049250313e-15 and an absolute tolerance of 2.220446049250313e-15. Taking the real part, which may not be accurate.
└ @ ITensorMPS ~/.julia/packages/ITensorMPS/fZDBz/src/abstractmps.jl:1246
┌ Warning: norm² is 1.6741216639012827e22 - 4.2900369964141846e7im, which is not real up to a relative tolerance of 2.220446049250313e-15 and an absolute tolerance of 2.220446049250313e-15. Taking the real part, which may not be accurate.
└ @ ITensorMPS ~/.julia/packages/ITensorMPS/fZDBz/src/abstractmps.jl:1246
┌ Warning: norm² is 3.602188901652219 + 8.620042190075742e-15im, which is not real up to a relative tolerance of 2.220446049250313e-15 and an absolute tolerance of 2.220446049250313e-15. Taking the real part, which may not be accurate.
└ @ ITensorMPS ~/.julia/packages/ITensorMPS/fZDBz/src/abstractmps.jl:1246
┌ Warning: log(norm²) is 1.2922973342798183 - 3.3243580791769954e-15im, which is not real up to a relative tolerance of 2.220446049250313e-15 and an absolute tolerance of 2.220446049250313e-15. Taking the real part, which may not be accurate.
└ @ ITensorMPS ~/.julia/packages/ITensorMPS/fZDBz/src/abstractmps.jl:1271
┌ Warning: norm² is 9.063165659953306e21 - 2.9957435152475312e7im, which is not real up to a relative tolerance of 2.220446049250313e-15 and an absolute tolerance of 2.220446049250313e-15. Taking the real part, which may not be accurate.
└ @ ITensorMPS ~/.julia/packages/ITensorMPS/fZDBz/src/abstractmps.jl:1246
┌ Warning: norm² is 9.306840664142734e21 - 2.099317923397827e7im, which is not real up to a relative tolerance of 2.220446049250313e-15 and an absolute tolerance of 2.220446049250313e-15. Taking the real part, which may not be accurate.
└ @ ITensorMPS ~/.julia/packages/ITensorMPS/fZDBz/src/abstractmps.jl:1246
┌ Warning: norm² is 3.6046727629771063 - 1.3029822554804325e-14im, which is not real up to a relative tolerance of 2.220446049250313e-15 and an absolute tolerance of 2.220446049250313e-15. Taking the real part, which may not be accurate.
└ @ ITensorMPS ~/.julia/packages/ITensorMPS/fZDBz/src/abstractmps.jl:1246
┌ Warning: norm² is 1.4290913409523148e22 + 4.2698831133010864e7im, which is not real up to a relative tolerance of 2.220446049250313e-15 and an absolute tolerance of 2.220446049250313e-15. Taking the real part, which may not be accurate.
└ @ ITensorMPS ~/.julia/packages/ITensorMPS/fZDBz/src/abstractmps.jl:1246
┌ Warning: norm² is 1.5398180639634214e22 + 3.730376505635071e7im, which is not real up to a relative tolerance of 2.220446049250313e-15 and an absolute tolerance of 2.220446049250313e-15. Taking the real part, which may not be accurate.
└ @ ITensorMPS ~/.julia/packages/ITensorMPS/fZDBz/src/abstractmps.jl:1246
┌ Warning: log(norm²) is 1.2800494349119889 - 3.5690587259490406e-15im, which is not real up to a relative tolerance of 2.220446049250313e-15 and an absolute tolerance of 2.220446049250313e-15. Taking the real part, which may not be accurate.
└ @ ITensorMPS ~/.julia/packages/ITensorMPS/fZDBz/src/abstractmps.jl:1271
┌ Warning: norm² is 3.8061374204600487 + 9.394556984395049e-15im, which is not real up to a relative tolerance of 2.220446049250313e-15 and an absolute tolerance of 2.220446049250313e-15. Taking the real part, which may not be accurate.
└ @ ITensorMPS ~/.julia/packages/ITensorMPS/fZDBz/src/abstractmps.jl:1246
┌ Warning: log(norm²) is 1.2945811953887196 + 2.931339644283698e-15im, which is not real up to a relative tolerance of 2.220446049250313e-15 and an absolute tolerance of 2.220446049250313e-15. Taking the real part, which may not be accurate.
└ @ ITensorMPS ~/.julia/packages/ITensorMPS/fZDBz/src/abstractmps.jl:1271
┌ Warning: norm² is 3.8073581516008903 - 9.803067762812418e-15im, which is not real up to a relative tolerance of 2.220446049250313e-15 and an absolute tolerance of 2.220446049250313e-15. Taking the real part, which may not be accurate.
└ @ ITensorMPS ~/.julia/packages/ITensorMPS/fZDBz/src/abstractmps.jl:1246
┌ Warning: norm² is 9.049689452501885e21 - 2.3394665814903647e7im, which is not real up to a relative tolerance of 2.220446049250313e-15 and an absolute tolerance of 2.220446049250313e-15. Taking the real part, which may not be accurate.
└ @ ITensorMPS ~/.julia/packages/ITensorMPS/fZDBz/src/abstractmps.jl:1246
┌ Warning: norm² is 9.055227044860691e21 - 2.4113119692350924e7im, which is not real up to a relative tolerance of 2.220446049250313e-15 and an absolute tolerance of 2.220446049250313e-15. Taking the real part, which may not be accurate.
└ @ ITensorMPS ~/.julia/packages/ITensorMPS/fZDBz/src/abstractmps.jl:1246
┌ Warning: log(norm²) is 1.279428525960534 + 3.1340699579702874e-15im, which is not real up to a relative tolerance of 2.220446049250313e-15 and an absolute tolerance of 2.220446049250313e-15. Taking the real part, which may not be accurate.
└ @ ITensorMPS ~/.julia/packages/ITensorMPS/fZDBz/src/abstractmps.jl:1271
┌ Warning: norm² is 3.114054932393592e21 + 7.141296073432755e6im, which is not real up to a relative tolerance of 2.220446049250313e-15 and an absolute tolerance of 2.220446049250313e-15. Taking the real part, which may not be accurate.
└ @ ITensorMPS ~/.julia/packages/ITensorMPS/fZDBz/src/abstractmps.jl:1246
┌ Warning: norm² is 1.0241193943868386e22 + 2.5423189309793472e7im, which is not real up to a relative tolerance of 2.220446049250313e-15 and an absolute tolerance of 2.220446049250313e-15. Taking the real part, which may not be accurate.
└ @ ITensorMPS ~/.julia/packages/ITensorMPS/fZDBz/src/abstractmps.jl:1246
┌ Warning: norm² is 3.133540622759273e21 + 7.93824554006584e6im, which is not real up to a relative tolerance of 2.220446049250313e-15 and an absolute tolerance of 2.220446049250313e-15. Taking the real part, which may not be accurate.
└ @ ITensorMPS ~/.julia/packages/ITensorMPS/fZDBz/src/abstractmps.jl:1246
┌ Warning: norm² is 3.1385502335629813e21 + 7.610269278750755e6im, which is not real up to a relative tolerance of 2.220446049250313e-15 and an absolute tolerance of 2.220446049250313e-15. Taking the real part, which may not be accurate.
└ @ ITensorMPS ~/.julia/packages/ITensorMPS/fZDBz/src/abstractmps.jl:1246
┌ Warning: norm² is 1.4321843766760544e22 - 3.327277836906433e7im, which is not real up to a relative tolerance of 2.220446049250313e-15 and an absolute tolerance of 2.220446049250313e-15. Taking the real part, which may not be accurate.
└ @ ITensorMPS ~/.julia/packages/ITensorMPS/fZDBz/src/abstractmps.jl:1246
slurmstepd: error: *** JOB 43417767 ON gs26r1b06 CANCELLED AT 2026-07-19T14:11:16 DUE TO TIME LIMIT ***
