load JULIA/1.12.0 (PATH, LD_LIBRARY_PATH, LIBRARY_PATH, C_INCLUDE_PATH,
CPLUS_INCLUDE_PATH, MANPATH) 
[ Info: Checking symmetry MPO tensor on physical(space) => bond(time) indices
┌ Warning: Tensor *not* symmetric (dim=2|id=53|"S=1/2,Site") <-> (dim=2|id=53|"S=1/2,Site")', normdiff = 0.22953505077375277
└ @ ITransverse ~/.julia/packages/ITransverse/8pmYI/src/ITenUtils/itensor_utils.jl:93
[ Info: Checking symmetry MPO tensor on bond(space) => phys(time) indices
┌ Warning: Tensor *not* symmetric (dim=7|id=41|"Link,l=1") <-> (dim=7|id=391|"Link,l=2"), normdiff = 1.222384963003563
└ @ ITransverse ~/.julia/packages/ITransverse/8pmYI/src/ITenUtils/itensor_utils.jl:93
[ Info: Checking symmetry MPO tensor on physical(space) => bond(time) indices
┌ Warning: Tensor *not* symmetric (dim=2|id=467|"S=1/2,Site") <-> (dim=2|id=467|"S=1/2,Site")', normdiff = 0.22953505077375277
└ @ ITransverse ~/.julia/packages/ITransverse/8pmYI/src/ITenUtils/itensor_utils.jl:93
[ Info: Checking symmetry MPO tensor on bond(space) => phys(time) indices
┌ Warning: Tensor *not* symmetric (dim=7|id=481|"Link,l=1") <-> (dim=7|id=357|"Link,l=2"), normdiff = 1.4845640750550888
└ @ ITransverse ~/.julia/packages/ITransverse/8pmYI/src/ITenUtils/itensor_utils.jl:93
┌ Warning: log(norm²) is 1.0701037200087813 - 2.5864594931853635e-15im, which is not real up to a relative tolerance of 2.220446049250313e-15 and an absolute tolerance of 2.220446049250313e-15. Taking the real part, which may not be accurate.
└ @ ITensorMPS ~/.julia/packages/ITensorMPS/fZDBz/src/abstractmps.jl:1271
[ Info: [rtm_p0.3] T=4.0  converged@164  k=4  |θ0|=1.0538  gap=1.620  peak=0.4276  r=[0.0019,0.002,0.0007,0.00072]  474s
[ Info: Checking symmetry MPO tensor on physical(space) => bond(time) indices
┌ Warning: Tensor *not* symmetric (dim=2|id=228|"S=1/2,Site") <-> (dim=2|id=228|"S=1/2,Site")', normdiff = 0.22953505077375277
└ @ ITransverse ~/.julia/packages/ITransverse/8pmYI/src/ITenUtils/itensor_utils.jl:93
[ Info: Checking symmetry MPO tensor on bond(space) => phys(time) indices
┌ Warning: Tensor *not* symmetric (dim=7|id=579|"Link,l=1") <-> (dim=7|id=736|"Link,l=2"), normdiff = 1.222384963003563
└ @ ITransverse ~/.julia/packages/ITransverse/8pmYI/src/ITenUtils/itensor_utils.jl:93
[ Info: Checking symmetry MPO tensor on physical(space) => bond(time) indices
┌ Warning: Tensor *not* symmetric (dim=2|id=794|"S=1/2,Site") <-> (dim=2|id=794|"S=1/2,Site")', normdiff = 0.22953505077375277
└ @ ITransverse ~/.julia/packages/ITransverse/8pmYI/src/ITenUtils/itensor_utils.jl:93
[ Info: Checking symmetry MPO tensor on bond(space) => phys(time) indices
┌ Warning: Tensor *not* symmetric (dim=7|id=547|"Link,l=1") <-> (dim=7|id=616|"Link,l=2"), normdiff = 1.4845640750550888
└ @ ITransverse ~/.julia/packages/ITransverse/8pmYI/src/ITenUtils/itensor_utils.jl:93
┌ Warning: norm² is 2.7455806993587587e7 + 7.700851448814216e-8im, which is not real up to a relative tolerance of 2.220446049250313e-15 and an absolute tolerance of 2.220446049250313e-15. Taking the real part, which may not be accurate.
└ @ ITensorMPS ~/.julia/packages/ITensorMPS/fZDBz/src/abstractmps.jl:1246
┌ Warning: norm² is 2.2561774187901676e7 - 5.8149293664852834e-8im, which is not real up to a relative tolerance of 2.220446049250313e-15 and an absolute tolerance of 2.220446049250313e-15. Taking the real part, which may not be accurate.
└ @ ITensorMPS ~/.julia/packages/ITensorMPS/fZDBz/src/abstractmps.jl:1246
┌ Warning: norm² is 2.013260132177944e7 + 5.165350921318996e-8im, which is not real up to a relative tolerance of 2.220446049250313e-15 and an absolute tolerance of 2.220446049250313e-15. Taking the real part, which may not be accurate.
└ @ ITensorMPS ~/.julia/packages/ITensorMPS/fZDBz/src/abstractmps.jl:1246
┌ Warning: norm² is 1.633246157019231e7 - 3.647087573104036e-8im, which is not real up to a relative tolerance of 2.220446049250313e-15 and an absolute tolerance of 2.220446049250313e-15. Taking the real part, which may not be accurate.
└ @ ITensorMPS ~/.julia/packages/ITensorMPS/fZDBz/src/abstractmps.jl:1246
┌ Warning: log(norm²) is 1.0246064377077144 + 2.360200016450369e-15im, which is not real up to a relative tolerance of 2.220446049250313e-15 and an absolute tolerance of 2.220446049250313e-15. Taking the real part, which may not be accurate.
└ @ ITensorMPS ~/.julia/packages/ITensorMPS/fZDBz/src/abstractmps.jl:1271
┌ Warning: log(norm²) is 1.0245765083379095 - 2.30154495381296e-15im, which is not real up to a relative tolerance of 2.220446049250313e-15 and an absolute tolerance of 2.220446049250313e-15. Taking the real part, which may not be accurate.
└ @ ITensorMPS ~/.julia/packages/ITensorMPS/fZDBz/src/abstractmps.jl:1271
┌ Warning: norm² is 1.4495036721508909e7 + 3.22370144497024e-8im, which is not real up to a relative tolerance of 2.220446049250313e-15 and an absolute tolerance of 2.220446049250313e-15. Taking the real part, which may not be accurate.
└ @ ITensorMPS ~/.julia/packages/ITensorMPS/fZDBz/src/abstractmps.jl:1246
[ Info: [rtm_p0.3] T=5.0  stuck@603  k=4  |θ0|=1.6752  gap=1.013  peak=0.7295  r=[0.00038,0.00036,0.00041,0.00044]  2299s
[ Info: Checking symmetry MPO tensor on physical(space) => bond(time) indices
┌ Warning: Tensor *not* symmetric (dim=2|id=256|"S=1/2,Site") <-> (dim=2|id=256|"S=1/2,Site")', normdiff = 0.22953505077375277
└ @ ITransverse ~/.julia/packages/ITransverse/8pmYI/src/ITenUtils/itensor_utils.jl:93
[ Info: Checking symmetry MPO tensor on bond(space) => phys(time) indices
┌ Warning: Tensor *not* symmetric (dim=7|id=190|"Link,l=1") <-> (dim=7|id=108|"Link,l=2"), normdiff = 1.222384963003563
└ @ ITransverse ~/.julia/packages/ITransverse/8pmYI/src/ITenUtils/itensor_utils.jl:93
[ Info: Checking symmetry MPO tensor on physical(space) => bond(time) indices
┌ Warning: Tensor *not* symmetric (dim=2|id=474|"S=1/2,Site") <-> (dim=2|id=474|"S=1/2,Site")', normdiff = 0.22953505077375277
└ @ ITransverse ~/.julia/packages/ITransverse/8pmYI/src/ITenUtils/itensor_utils.jl:93
[ Info: Checking symmetry MPO tensor on bond(space) => phys(time) indices
┌ Warning: Tensor *not* symmetric (dim=7|id=331|"Link,l=1") <-> (dim=7|id=680|"Link,l=2"), normdiff = 1.4845640750550888
└ @ ITransverse ~/.julia/packages/ITransverse/8pmYI/src/ITenUtils/itensor_utils.jl:93
┌ Warning: log(norm²) is 0.7940066075746279 - 2.235992703420091e-15im, which is not real up to a relative tolerance of 2.220446049250313e-15 and an absolute tolerance of 2.220446049250313e-15. Taking the real part, which may not be accurate.
└ @ ITensorMPS ~/.julia/packages/ITensorMPS/fZDBz/src/abstractmps.jl:1271
┌ Warning: norm² is 2.978361689872281e9 + 7.251523037231692e-6im, which is not real up to a relative tolerance of 2.220446049250313e-15 and an absolute tolerance of 2.220446049250313e-15. Taking the real part, which may not be accurate.
└ @ ITensorMPS ~/.julia/packages/ITensorMPS/fZDBz/src/abstractmps.jl:1246
┌ Warning: log(norm²) is 1.0115511537095474 + 2.616941214720902e-15im, which is not real up to a relative tolerance of 2.220446049250313e-15 and an absolute tolerance of 2.220446049250313e-15. Taking the real part, which may not be accurate.
└ @ ITensorMPS ~/.julia/packages/ITensorMPS/fZDBz/src/abstractmps.jl:1271
┌ Warning: norm² is 6.525118545753689e8 - 1.7411735428732405e-6im, which is not real up to a relative tolerance of 2.220446049250313e-15 and an absolute tolerance of 2.220446049250313e-15. Taking the real part, which may not be accurate.
└ @ ITensorMPS ~/.julia/packages/ITensorMPS/fZDBz/src/abstractmps.jl:1246
┌ Warning: norm² is 4.8409079620940405e8 + 1.3605507465652835e-6im, which is not real up to a relative tolerance of 2.220446049250313e-15 and an absolute tolerance of 2.220446049250313e-15. Taking the real part, which may not be accurate.
└ @ ITensorMPS ~/.julia/packages/ITensorMPS/fZDBz/src/abstractmps.jl:1246
┌ Warning: norm² is 2.911847195069595 + 7.080887727153281e-15im, which is not real up to a relative tolerance of 2.220446049250313e-15 and an absolute tolerance of 2.220446049250313e-15. Taking the real part, which may not be accurate.
└ @ ITensorMPS ~/.julia/packages/ITensorMPS/fZDBz/src/abstractmps.jl:1246
┌ Warning: norm² is 4.761272307657327e8 - 1.0778872112055924e-6im, which is not real up to a relative tolerance of 2.220446049250313e-15 and an absolute tolerance of 2.220446049250313e-15. Taking the real part, which may not be accurate.
└ @ ITensorMPS ~/.julia/packages/ITensorMPS/fZDBz/src/abstractmps.jl:1246
┌ Warning: norm² is 2.85221729802893 + 6.398878825462956e-15im, which is not real up to a relative tolerance of 2.220446049250313e-15 and an absolute tolerance of 2.220446049250313e-15. Taking the real part, which may not be accurate.
└ @ ITensorMPS ~/.julia/packages/ITensorMPS/fZDBz/src/abstractmps.jl:1246
┌ Warning: norm² is 6.818065593623277e8 - 1.645938770227992e-6im, which is not real up to a relative tolerance of 2.220446049250313e-15 and an absolute tolerance of 2.220446049250313e-15. Taking the real part, which may not be accurate.
└ @ ITensorMPS ~/.julia/packages/ITensorMPS/fZDBz/src/abstractmps.jl:1246
┌ Warning: log(norm²) is 1.0447313234226727 + 3.3403856648589507e-15im, which is not real up to a relative tolerance of 2.220446049250313e-15 and an absolute tolerance of 2.220446049250313e-15. Taking the real part, which may not be accurate.
└ @ ITensorMPS ~/.julia/packages/ITensorMPS/fZDBz/src/abstractmps.jl:1271
┌ Warning: norm² is 7.1114500883688e8 + 1.6359587049762396e-6im, which is not real up to a relative tolerance of 2.220446049250313e-15 and an absolute tolerance of 2.220446049250313e-15. Taking the real part, which may not be accurate.
└ @ ITensorMPS ~/.julia/packages/ITensorMPS/fZDBz/src/abstractmps.jl:1246
┌ Warning: norm² is 6.536172978077089e8 + 1.6941603876239865e-6im, which is not real up to a relative tolerance of 2.220446049250313e-15 and an absolute tolerance of 2.220446049250313e-15. Taking the real part, which may not be accurate.
└ @ ITensorMPS ~/.julia/packages/ITensorMPS/fZDBz/src/abstractmps.jl:1246
┌ Warning: norm² is 4.732063741091024e8 - 1.2375949568807082e-6im, which is not real up to a relative tolerance of 2.220446049250313e-15 and an absolute tolerance of 2.220446049250313e-15. Taking the real part, which may not be accurate.
└ @ ITensorMPS ~/.julia/packages/ITensorMPS/fZDBz/src/abstractmps.jl:1246
┌ Warning: norm² is 5.997471347903655e8 - 1.3916162009094428e-6im, which is not real up to a relative tolerance of 2.220446049250313e-15 and an absolute tolerance of 2.220446049250313e-15. Taking the real part, which may not be accurate.
└ @ ITensorMPS ~/.julia/packages/ITensorMPS/fZDBz/src/abstractmps.jl:1246
┌ Warning: log(norm²) is 1.0434992082158592 - 2.3426812729207482e-15im, which is not real up to a relative tolerance of 2.220446049250313e-15 and an absolute tolerance of 2.220446049250313e-15. Taking the real part, which may not be accurate.
└ @ ITensorMPS ~/.julia/packages/ITensorMPS/fZDBz/src/abstractmps.jl:1271
┌ Warning: norm² is 4.0204803811087894e8 - 9.82188572499255e-7im, which is not real up to a relative tolerance of 2.220446049250313e-15 and an absolute tolerance of 2.220446049250313e-15. Taking the real part, which may not be accurate.
└ @ ITensorMPS ~/.julia/packages/ITensorMPS/fZDBz/src/abstractmps.jl:1246
┌ Warning: norm² is 6.513831931325922e8 + 1.4487324567370663e-6im, which is not real up to a relative tolerance of 2.220446049250313e-15 and an absolute tolerance of 2.220446049250313e-15. Taking the real part, which may not be accurate.
└ @ ITensorMPS ~/.julia/packages/ITensorMPS/fZDBz/src/abstractmps.jl:1246
┌ Warning: norm² is 4.733864670028398e8 - 1.364618731559011e-6im, which is not real up to a relative tolerance of 2.220446049250313e-15 and an absolute tolerance of 2.220446049250313e-15. Taking the real part, which may not be accurate.
└ @ ITensorMPS ~/.julia/packages/ITensorMPS/fZDBz/src/abstractmps.jl:1246
┌ Warning: log(norm²) is 1.0435462624374396 + 2.380336215655349e-15im, which is not real up to a relative tolerance of 2.220446049250313e-15 and an absolute tolerance of 2.220446049250313e-15. Taking the real part, which may not be accurate.
└ @ ITensorMPS ~/.julia/packages/ITensorMPS/fZDBz/src/abstractmps.jl:1271
┌ Warning: norm² is 4.731645125765698e8 + 1.1534675147608145e-6im, which is not real up to a relative tolerance of 2.220446049250313e-15 and an absolute tolerance of 2.220446049250313e-15. Taking the real part, which may not be accurate.
└ @ ITensorMPS ~/.julia/packages/ITensorMPS/fZDBz/src/abstractmps.jl:1246
┌ Warning: norm² is 6.445024717251337e8 + 1.540376686127432e-6im, which is not real up to a relative tolerance of 2.220446049250313e-15 and an absolute tolerance of 2.220446049250313e-15. Taking the real part, which may not be accurate.
└ @ ITensorMPS ~/.julia/packages/ITensorMPS/fZDBz/src/abstractmps.jl:1246
┌ Warning: log(norm²) is 1.0768318535511283 - 2.4098354039620103e-15im, which is not real up to a relative tolerance of 2.220446049250313e-15 and an absolute tolerance of 2.220446049250313e-15. Taking the real part, which may not be accurate.
└ @ ITensorMPS ~/.julia/packages/ITensorMPS/fZDBz/src/abstractmps.jl:1271
┌ Warning: log(norm²) is 1.0372268530978102 + 2.3138229778237194e-15im, which is not real up to a relative tolerance of 2.220446049250313e-15 and an absolute tolerance of 2.220446049250313e-15. Taking the real part, which may not be accurate.
└ @ ITensorMPS ~/.julia/packages/ITensorMPS/fZDBz/src/abstractmps.jl:1271
┌ Warning: norm² is 6.668805801361964e8 + 1.9596581580825185e-6im, which is not real up to a relative tolerance of 2.220446049250313e-15 and an absolute tolerance of 2.220446049250313e-15. Taking the real part, which may not be accurate.
└ @ ITensorMPS ~/.julia/packages/ITensorMPS/fZDBz/src/abstractmps.jl:1246
┌ Warning: norm² is 5.999275728869158e8 - 1.4903183564773175e-6im, which is not real up to a relative tolerance of 2.220446049250313e-15 and an absolute tolerance of 2.220446049250313e-15. Taking the real part, which may not be accurate.
└ @ ITensorMPS ~/.julia/packages/ITensorMPS/fZDBz/src/abstractmps.jl:1246
┌ Warning: norm² is 2.9039462317411675 - 8.464002646860535e-15im, which is not real up to a relative tolerance of 2.220446049250313e-15 and an absolute tolerance of 2.220446049250313e-15. Taking the real part, which may not be accurate.
└ @ ITensorMPS ~/.julia/packages/ITensorMPS/fZDBz/src/abstractmps.jl:1246
┌ Warning: norm² is 2.9353775860391633 + 8.781618051322709e-15im, which is not real up to a relative tolerance of 2.220446049250313e-15 and an absolute tolerance of 2.220446049250313e-15. Taking the real part, which may not be accurate.
└ @ ITensorMPS ~/.julia/packages/ITensorMPS/fZDBz/src/abstractmps.jl:1246
┌ Warning: norm² is 6.535295427967327e8 - 1.6977987806303923e-6im, which is not real up to a relative tolerance of 2.220446049250313e-15 and an absolute tolerance of 2.220446049250313e-15. Taking the real part, which may not be accurate.
└ @ ITensorMPS ~/.julia/packages/ITensorMPS/fZDBz/src/abstractmps.jl:1246
┌ Warning: norm² is 4.7323764112775266e8 + 1.0888522414777996e-6im, which is not real up to a relative tolerance of 2.220446049250313e-15 and an absolute tolerance of 2.220446049250313e-15. Taking the real part, which may not be accurate.
└ @ ITensorMPS ~/.julia/packages/ITensorMPS/fZDBz/src/abstractmps.jl:1246
┌ Warning: norm² is 6.690060124702213e8 + 1.6779584884616252e-6im, which is not real up to a relative tolerance of 2.220446049250313e-15 and an absolute tolerance of 2.220446049250313e-15. Taking the real part, which may not be accurate.
└ @ ITensorMPS ~/.julia/packages/ITensorMPS/fZDBz/src/abstractmps.jl:1246
┌ Warning: norm² is 4.7311067102218705e8 + 1.0633728732839219e-6im, which is not real up to a relative tolerance of 2.220446049250313e-15 and an absolute tolerance of 2.220446049250313e-15. Taking the real part, which may not be accurate.
└ @ ITensorMPS ~/.julia/packages/ITensorMPS/fZDBz/src/abstractmps.jl:1246
┌ Warning: log(norm²) is 1.0428319511766961 - 2.9588984954007318e-15im, which is not real up to a relative tolerance of 2.220446049250313e-15 and an absolute tolerance of 2.220446049250313e-15. Taking the real part, which may not be accurate.
└ @ ITensorMPS ~/.julia/packages/ITensorMPS/fZDBz/src/abstractmps.jl:1271
┌ Warning: norm² is 6.664140160750467e8 + 1.5479396879130394e-6im, which is not real up to a relative tolerance of 2.220446049250313e-15 and an absolute tolerance of 2.220446049250313e-15. Taking the real part, which may not be accurate.
└ @ ITensorMPS ~/.julia/packages/ITensorMPS/fZDBz/src/abstractmps.jl:1246
┌ Warning: norm² is 2.8358996401581176 + 6.585033171838118e-15im, which is not real up to a relative tolerance of 2.220446049250313e-15 and an absolute tolerance of 2.220446049250313e-15. Taking the real part, which may not be accurate.
└ @ ITensorMPS ~/.julia/packages/ITensorMPS/fZDBz/src/abstractmps.jl:1246
┌ Warning: norm² is 2.9353763980272576 + 6.5345404038860896e-15im, which is not real up to a relative tolerance of 2.220446049250313e-15 and an absolute tolerance of 2.220446049250313e-15. Taking the real part, which may not be accurate.
└ @ ITensorMPS ~/.julia/packages/ITensorMPS/fZDBz/src/abstractmps.jl:1246
┌ Warning: log(norm²) is 1.0456757190492691 - 2.5134469130050114e-15im, which is not real up to a relative tolerance of 2.220446049250313e-15 and an absolute tolerance of 2.220446049250313e-15. Taking the real part, which may not be accurate.
└ @ ITensorMPS ~/.julia/packages/ITensorMPS/fZDBz/src/abstractmps.jl:1271
┌ Warning: norm² is 4.7300210210906e8 + 1.123293653652866e-6im, which is not real up to a relative tolerance of 2.220446049250313e-15 and an absolute tolerance of 2.220446049250313e-15. Taking the real part, which may not be accurate.
└ @ ITensorMPS ~/.julia/packages/ITensorMPS/fZDBz/src/abstractmps.jl:1246
┌ Warning: norm² is 4.7321045791490763e8 + 1.138511098767252e-6im, which is not real up to a relative tolerance of 2.220446049250313e-15 and an absolute tolerance of 2.220446049250313e-15. Taking the real part, which may not be accurate.
└ @ ITensorMPS ~/.julia/packages/ITensorMPS/fZDBz/src/abstractmps.jl:1246
┌ Warning: norm² is 6.661035551303551e8 + 1.5627078788835567e-6im, which is not real up to a relative tolerance of 2.220446049250313e-15 and an absolute tolerance of 2.220446049250313e-15. Taking the real part, which may not be accurate.
└ @ ITensorMPS ~/.julia/packages/ITensorMPS/fZDBz/src/abstractmps.jl:1246
┌ Warning: norm² is 2.9353764607226385 - 6.543174008923545e-15im, which is not real up to a relative tolerance of 2.220446049250313e-15 and an absolute tolerance of 2.220446049250313e-15. Taking the real part, which may not be accurate.
└ @ ITensorMPS ~/.julia/packages/ITensorMPS/fZDBz/src/abstractmps.jl:1246
┌ Warning: norm² is 2.8210667739444673 - 7.322086546480619e-15im, which is not real up to a relative tolerance of 2.220446049250313e-15 and an absolute tolerance of 2.220446049250313e-15. Taking the real part, which may not be accurate.
└ @ ITensorMPS ~/.julia/packages/ITensorMPS/fZDBz/src/abstractmps.jl:1246
┌ Warning: norm² is 4.73178853947742e8 - 1.1453951209703272e-6im, which is not real up to a relative tolerance of 2.220446049250313e-15 and an absolute tolerance of 2.220446049250313e-15. Taking the real part, which may not be accurate.
└ @ ITensorMPS ~/.julia/packages/ITensorMPS/fZDBz/src/abstractmps.jl:1246
┌ Warning: norm² is 4.729714000002921e8 - 1.0912559970965626e-6im, which is not real up to a relative tolerance of 2.220446049250313e-15 and an absolute tolerance of 2.220446049250313e-15. Taking the real part, which may not be accurate.
└ @ ITensorMPS ~/.julia/packages/ITensorMPS/fZDBz/src/abstractmps.jl:1246
┌ Warning: norm² is 5.999257905730771e8 + 1.398061822160099e-6im, which is not real up to a relative tolerance of 2.220446049250313e-15 and an absolute tolerance of 2.220446049250313e-15. Taking the real part, which may not be accurate.
└ @ ITensorMPS ~/.julia/packages/ITensorMPS/fZDBz/src/abstractmps.jl:1246
┌ Warning: norm² is 5.99925771923912e8 + 1.5364382940473212e-6im, which is not real up to a relative tolerance of 2.220446049250313e-15 and an absolute tolerance of 2.220446049250313e-15. Taking the real part, which may not be accurate.
└ @ ITensorMPS ~/.julia/packages/ITensorMPS/fZDBz/src/abstractmps.jl:1246
┌ Warning: norm² is 3.922447016881086e8 + 9.63322088749023e-7im, which is not real up to a relative tolerance of 2.220446049250313e-15 and an absolute tolerance of 2.220446049250313e-15. Taking the real part, which may not be accurate.
└ @ ITensorMPS ~/.julia/packages/ITensorMPS/fZDBz/src/abstractmps.jl:1246
┌ Warning: norm² is 2.935376508914441 + 6.5204931170810086e-15im, which is not real up to a relative tolerance of 2.220446049250313e-15 and an absolute tolerance of 2.220446049250313e-15. Taking the real part, which may not be accurate.
└ @ ITensorMPS ~/.julia/packages/ITensorMPS/fZDBz/src/abstractmps.jl:1246
┌ Warning: norm² is 6.583441760288258e8 - 1.5689709388840235e-6im, which is not real up to a relative tolerance of 2.220446049250313e-15 and an absolute tolerance of 2.220446049250313e-15. Taking the real part, which may not be accurate.
└ @ ITensorMPS ~/.julia/packages/ITensorMPS/fZDBz/src/abstractmps.jl:1246
┌ Warning: norm² is 5.99925766808901e8 + 1.4843535772375432e-6im, which is not real up to a relative tolerance of 2.220446049250313e-15 and an absolute tolerance of 2.220446049250313e-15. Taking the real part, which may not be accurate.
└ @ ITensorMPS ~/.julia/packages/ITensorMPS/fZDBz/src/abstractmps.jl:1246
┌ Warning: log(norm²) is 1.0474107193041127 - 2.459851919976737e-15im, which is not real up to a relative tolerance of 2.220446049250313e-15 and an absolute tolerance of 2.220446049250313e-15. Taking the real part, which may not be accurate.
└ @ ITensorMPS ~/.julia/packages/ITensorMPS/fZDBz/src/abstractmps.jl:1271
┌ Warning: norm² is 5.999257768246906e8 + 1.5628465158277987e-6im, which is not real up to a relative tolerance of 2.220446049250313e-15 and an absolute tolerance of 2.220446049250313e-15. Taking the real part, which may not be accurate.
└ @ ITensorMPS ~/.julia/packages/ITensorMPS/fZDBz/src/abstractmps.jl:1246
[ Info: [rtm_p0.3] T=6.0  stuck@980  k=4  |θ0|=1.6824  gap=1.013  peak=0.7280  r=[7e-05,7.8e-05,6.5e-05,8.5e-05]  5146s
[ Info: Checking symmetry MPO tensor on physical(space) => bond(time) indices
┌ Warning: Tensor *not* symmetric (dim=2|id=307|"S=1/2,Site") <-> (dim=2|id=307|"S=1/2,Site")', normdiff = 0.22953505077375277
└ @ ITransverse ~/.julia/packages/ITransverse/8pmYI/src/ITenUtils/itensor_utils.jl:93
[ Info: Checking symmetry MPO tensor on bond(space) => phys(time) indices
┌ Warning: Tensor *not* symmetric (dim=7|id=287|"Link,l=1") <-> (dim=7|id=37|"Link,l=2"), normdiff = 1.222384963003563
└ @ ITransverse ~/.julia/packages/ITransverse/8pmYI/src/ITenUtils/itensor_utils.jl:93
[ Info: Checking symmetry MPO tensor on physical(space) => bond(time) indices
┌ Warning: Tensor *not* symmetric (dim=2|id=37|"S=1/2,Site") <-> (dim=2|id=37|"S=1/2,Site")', normdiff = 0.22953505077375277
└ @ ITransverse ~/.julia/packages/ITransverse/8pmYI/src/ITenUtils/itensor_utils.jl:93
[ Info: Checking symmetry MPO tensor on bond(space) => phys(time) indices
┌ Warning: Tensor *not* symmetric (dim=7|id=908|"Link,l=1") <-> (dim=7|id=854|"Link,l=2"), normdiff = 1.4845640750550888
└ @ ITransverse ~/.julia/packages/ITransverse/8pmYI/src/ITenUtils/itensor_utils.jl:93
┌ Warning: norm² is 1.5925793546649087 + 3.707061610635956e-15im, which is not real up to a relative tolerance of 2.220446049250313e-15 and an absolute tolerance of 2.220446049250313e-15. Taking the real part, which may not be accurate.
└ @ ITensorMPS ~/.julia/packages/ITensorMPS/fZDBz/src/abstractmps.jl:1246
┌ Warning: norm² is 3.806127498051235e11 - 0.000886768762991208im, which is not real up to a relative tolerance of 2.220446049250313e-15 and an absolute tolerance of 2.220446049250313e-15. Taking the real part, which may not be accurate.
└ @ ITensorMPS ~/.julia/packages/ITensorMPS/fZDBz/src/abstractmps.jl:1246
┌ Warning: log(norm²) is 0.637098471867311 + 2.5669735618797827e-15im, which is not real up to a relative tolerance of 2.220446049250313e-15 and an absolute tolerance of 2.220446049250313e-15. Taking the real part, which may not be accurate.
└ @ ITensorMPS ~/.julia/packages/ITensorMPS/fZDBz/src/abstractmps.jl:1271
┌ Warning: log(norm²) is 0.9141033851553837 + 2.3495227075367494e-15im, which is not real up to a relative tolerance of 2.220446049250313e-15 and an absolute tolerance of 2.220446049250313e-15. Taking the real part, which may not be accurate.
└ @ ITensorMPS ~/.julia/packages/ITensorMPS/fZDBz/src/abstractmps.jl:1271
┌ Warning: norm² is 1.5411092542511887e11 + 0.0003530756534892987im, which is not real up to a relative tolerance of 2.220446049250313e-15 and an absolute tolerance of 2.220446049250313e-15. Taking the real part, which may not be accurate.
└ @ ITensorMPS ~/.julia/packages/ITensorMPS/fZDBz/src/abstractmps.jl:1246
┌ Warning: norm² is 1.5616876195620824 + 4.016806030164828e-15im, which is not real up to a relative tolerance of 2.220446049250313e-15 and an absolute tolerance of 2.220446049250313e-15. Taking the real part, which may not be accurate.
└ @ ITensorMPS ~/.julia/packages/ITensorMPS/fZDBz/src/abstractmps.jl:1246
┌ Warning: norm² is 3.811829413279988e10 + 0.00011301803270313826im, which is not real up to a relative tolerance of 2.220446049250313e-15 and an absolute tolerance of 2.220446049250313e-15. Taking the real part, which may not be accurate.
└ @ ITensorMPS ~/.julia/packages/ITensorMPS/fZDBz/src/abstractmps.jl:1246
┌ Warning: norm² is 9.192349943164828e10 - 0.0002412852289442732im, which is not real up to a relative tolerance of 2.220446049250313e-15 and an absolute tolerance of 2.220446049250313e-15. Taking the real part, which may not be accurate.
└ @ ITensorMPS ~/.julia/packages/ITensorMPS/fZDBz/src/abstractmps.jl:1246
┌ Warning: log(norm²) is 1.023596278940378 - 2.316310708969832e-15im, which is not real up to a relative tolerance of 2.220446049250313e-15 and an absolute tolerance of 2.220446049250313e-15. Taking the real part, which may not be accurate.
└ @ ITensorMPS ~/.julia/packages/ITensorMPS/fZDBz/src/abstractmps.jl:1271
┌ Warning: norm² is 2.748811098623277 - 7.788568201295003e-15im, which is not real up to a relative tolerance of 2.220446049250313e-15 and an absolute tolerance of 2.220446049250313e-15. Taking the real part, which may not be accurate.
└ @ ITensorMPS ~/.julia/packages/ITensorMPS/fZDBz/src/abstractmps.jl:1246
┌ Warning: norm² is 5.269555769795552e10 + 0.0001350474038233282im, which is not real up to a relative tolerance of 2.220446049250313e-15 and an absolute tolerance of 2.220446049250313e-15. Taking the real part, which may not be accurate.
└ @ ITensorMPS ~/.julia/packages/ITensorMPS/fZDBz/src/abstractmps.jl:1246
┌ Warning: norm² is 2.371623941092102e10 + 5.726075591446552e-5im, which is not real up to a relative tolerance of 2.220446049250313e-15 and an absolute tolerance of 2.220446049250313e-15. Taking the real part, which may not be accurate.
└ @ ITensorMPS ~/.julia/packages/ITensorMPS/fZDBz/src/abstractmps.jl:1246
┌ Warning: norm² is 3.988697405005928e10 + 0.00010930149406301881im, which is not real up to a relative tolerance of 2.220446049250313e-15 and an absolute tolerance of 2.220446049250313e-15. Taking the real part, which may not be accurate.
└ @ ITensorMPS ~/.julia/packages/ITensorMPS/fZDBz/src/abstractmps.jl:1246
┌ Warning: norm² is 2.5170277423624265e11 + 0.0005791134102645368im, which is not real up to a relative tolerance of 2.220446049250313e-15 and an absolute tolerance of 2.220446049250313e-15. Taking the real part, which may not be accurate.
└ @ ITensorMPS ~/.julia/packages/ITensorMPS/fZDBz/src/abstractmps.jl:1246
┌ Warning: norm² is 2.184353017295274e10 + 5.005957987825119e-5im, which is not real up to a relative tolerance of 2.220446049250313e-15 and an absolute tolerance of 2.220446049250313e-15. Taking the real part, which may not be accurate.
└ @ ITensorMPS ~/.julia/packages/ITensorMPS/fZDBz/src/abstractmps.jl:1246
┌ Warning: norm² is 3.3938596490881115e10 + 8.401040404520596e-5im, which is not real up to a relative tolerance of 2.220446049250313e-15 and an absolute tolerance of 2.220446049250313e-15. Taking the real part, which may not be accurate.
└ @ ITensorMPS ~/.julia/packages/ITensorMPS/fZDBz/src/abstractmps.jl:1246
┌ Warning: log(norm²) is 0.935571014176594 + 2.5179974837318757e-15im, which is not real up to a relative tolerance of 2.220446049250313e-15 and an absolute tolerance of 2.220446049250313e-15. Taking the real part, which may not be accurate.
└ @ ITensorMPS ~/.julia/packages/ITensorMPS/fZDBz/src/abstractmps.jl:1271
┌ Warning: log(norm²) is 0.7069502027691786 + 2.343954988999625e-15im, which is not real up to a relative tolerance of 2.220446049250313e-15 and an absolute tolerance of 2.220446049250313e-15. Taking the real part, which may not be accurate.
└ @ ITensorMPS ~/.julia/packages/ITensorMPS/fZDBz/src/abstractmps.jl:1271
┌ Warning: norm² is 2.9558317528687 - 7.980236462185062e-15im, which is not real up to a relative tolerance of 2.220446049250313e-15 and an absolute tolerance of 2.220446049250313e-15. Taking the real part, which may not be accurate.
└ @ ITensorMPS ~/.julia/packages/ITensorMPS/fZDBz/src/abstractmps.jl:1246
┌ Warning: norm² is 2.122861540958788e10 + 6.549630687389951e-5im, which is not real up to a relative tolerance of 2.220446049250313e-15 and an absolute tolerance of 2.220446049250313e-15. Taking the real part, which may not be accurate.
└ @ ITensorMPS ~/.julia/packages/ITensorMPS/fZDBz/src/abstractmps.jl:1246
┌ Warning: norm² is 1.7037242667927306 - 4.210325152847291e-15im, which is not real up to a relative tolerance of 2.220446049250313e-15 and an absolute tolerance of 2.220446049250313e-15. Taking the real part, which may not be accurate.
└ @ ITensorMPS ~/.julia/packages/ITensorMPS/fZDBz/src/abstractmps.jl:1246
┌ Warning: norm² is 5.160665963428993e10 + 0.00014877165204288043im, which is not real up to a relative tolerance of 2.220446049250313e-15 and an absolute tolerance of 2.220446049250313e-15. Taking the real part, which may not be accurate.
└ @ ITensorMPS ~/.julia/packages/ITensorMPS/fZDBz/src/abstractmps.jl:1246
┌ Warning: norm² is 7.917022884048325e10 - 0.00021876823179411975im, which is not real up to a relative tolerance of 2.220446049250313e-15 and an absolute tolerance of 2.220446049250313e-15. Taking the real part, which may not be accurate.
└ @ ITensorMPS ~/.julia/packages/ITensorMPS/fZDBz/src/abstractmps.jl:1246
┌ Warning: norm² is 9.261124062520267e10 + 0.0002451509252175549im, which is not real up to a relative tolerance of 2.220446049250313e-15 and an absolute tolerance of 2.220446049250313e-15. Taking the real part, which may not be accurate.
└ @ ITensorMPS ~/.julia/packages/ITensorMPS/fZDBz/src/abstractmps.jl:1246
┌ Warning: norm² is 1.888219645996471e10 - 4.5616619712731494e-5im, which is not real up to a relative tolerance of 2.220446049250313e-15 and an absolute tolerance of 2.220446049250313e-15. Taking the real part, which may not be accurate.
└ @ ITensorMPS ~/.julia/packages/ITensorMPS/fZDBz/src/abstractmps.jl:1246
┌ Warning: log(norm²) is 0.6373685043144743 - 2.301299770987298e-15im, which is not real up to a relative tolerance of 2.220446049250313e-15 and an absolute tolerance of 2.220446049250313e-15. Taking the real part, which may not be accurate.
└ @ ITensorMPS ~/.julia/packages/ITensorMPS/fZDBz/src/abstractmps.jl:1271
┌ Warning: norm² is 9.003774513025023e10 + 0.000266167893385294im, which is not real up to a relative tolerance of 2.220446049250313e-15 and an absolute tolerance of 2.220446049250313e-15. Taking the real part, which may not be accurate.
└ @ ITensorMPS ~/.julia/packages/ITensorMPS/fZDBz/src/abstractmps.jl:1246
┌ Warning: norm² is 2.914396812199388 + 7.947640222343112e-15im, which is not real up to a relative tolerance of 2.220446049250313e-15 and an absolute tolerance of 2.220446049250313e-15. Taking the real part, which may not be accurate.
└ @ ITensorMPS ~/.julia/packages/ITensorMPS/fZDBz/src/abstractmps.jl:1246
┌ Warning: norm² is 7.149413561691998e10 - 0.00016682580459507004im, which is not real up to a relative tolerance of 2.220446049250313e-15 and an absolute tolerance of 2.220446049250313e-15. Taking the real part, which may not be accurate.
└ @ ITensorMPS ~/.julia/packages/ITensorMPS/fZDBz/src/abstractmps.jl:1246
┌ Warning: norm² is 3.7160445286381956 + 1.0865474606777144e-14im, which is not real up to a relative tolerance of 2.220446049250313e-15 and an absolute tolerance of 2.220446049250313e-15. Taking the real part, which may not be accurate.
└ @ ITensorMPS ~/.julia/packages/ITensorMPS/fZDBz/src/abstractmps.jl:1246
┌ Warning: norm² is 1.6042379492671905 - 3.721797675257091e-15im, which is not real up to a relative tolerance of 2.220446049250313e-15 and an absolute tolerance of 2.220446049250313e-15. Taking the real part, which may not be accurate.
└ @ ITensorMPS ~/.julia/packages/ITensorMPS/fZDBz/src/abstractmps.jl:1246
┌ Warning: norm² is 2.397025413570477e10 - 6.450266744261173e-5im, which is not real up to a relative tolerance of 2.220446049250313e-15 and an absolute tolerance of 2.220446049250313e-15. Taking the real part, which may not be accurate.
└ @ ITensorMPS ~/.julia/packages/ITensorMPS/fZDBz/src/abstractmps.jl:1246
┌ Warning: log(norm²) is 1.078392939684855 - 2.513478929505883e-15im, which is not real up to a relative tolerance of 2.220446049250313e-15 and an absolute tolerance of 2.220446049250313e-15. Taking the real part, which may not be accurate.
└ @ ITensorMPS ~/.julia/packages/ITensorMPS/fZDBz/src/abstractmps.jl:1271
┌ Warning: log(norm²) is 1.0291418982494231 + 2.3887710540625826e-15im, which is not real up to a relative tolerance of 2.220446049250313e-15 and an absolute tolerance of 2.220446049250313e-15. Taking the real part, which may not be accurate.
└ @ ITensorMPS ~/.julia/packages/ITensorMPS/fZDBz/src/abstractmps.jl:1271
┌ Warning: norm² is 1.4700486575742838e10 - 3.505198009257514e-5im, which is not real up to a relative tolerance of 2.220446049250313e-15 and an absolute tolerance of 2.220446049250313e-15. Taking the real part, which may not be accurate.
└ @ ITensorMPS ~/.julia/packages/ITensorMPS/fZDBz/src/abstractmps.jl:1246
┌ Warning: norm² is 1.4703690294465778e10 - 3.360322350063737e-5im, which is not real up to a relative tolerance of 2.220446049250313e-15 and an absolute tolerance of 2.220446049250313e-15. Taking the real part, which may not be accurate.
└ @ ITensorMPS ~/.julia/packages/ITensorMPS/fZDBz/src/abstractmps.jl:1246
┌ Warning: norm² is 1.79360855173582e10 + 4.603545558195771e-5im, which is not real up to a relative tolerance of 2.220446049250313e-15 and an absolute tolerance of 2.220446049250313e-15. Taking the real part, which may not be accurate.
└ @ ITensorMPS ~/.julia/packages/ITensorMPS/fZDBz/src/abstractmps.jl:1246
┌ Warning: norm² is 2.920347432522732 + 6.714133602043176e-15im, which is not real up to a relative tolerance of 2.220446049250313e-15 and an absolute tolerance of 2.220446049250313e-15. Taking the real part, which may not be accurate.
└ @ ITensorMPS ~/.julia/packages/ITensorMPS/fZDBz/src/abstractmps.jl:1246
┌ Warning: norm² is 1.793884482482035e10 - 4.74947314601389e-5im, which is not real up to a relative tolerance of 2.220446049250313e-15 and an absolute tolerance of 2.220446049250313e-15. Taking the real part, which may not be accurate.
└ @ ITensorMPS ~/.julia/packages/ITensorMPS/fZDBz/src/abstractmps.jl:1246
┌ Warning: norm² is 2.919281174619235 - 7.896112238796813e-15im, which is not real up to a relative tolerance of 2.220446049250313e-15 and an absolute tolerance of 2.220446049250313e-15. Taking the real part, which may not be accurate.
└ @ ITensorMPS ~/.julia/packages/ITensorMPS/fZDBz/src/abstractmps.jl:1246
┌ Warning: log(norm²) is 1.0717711162951575 + 2.8378641359025673e-15im, which is not real up to a relative tolerance of 2.220446049250313e-15 and an absolute tolerance of 2.220446049250313e-15. Taking the real part, which may not be accurate.
└ @ ITensorMPS ~/.julia/packages/ITensorMPS/fZDBz/src/abstractmps.jl:1271
┌ Warning: norm² is 1.2411433811627754e10 + 3.607299980396255e-5im, which is not real up to a relative tolerance of 2.220446049250313e-15 and an absolute tolerance of 2.220446049250313e-15. Taking the real part, which may not be accurate.
└ @ ITensorMPS ~/.julia/packages/ITensorMPS/fZDBz/src/abstractmps.jl:1246
┌ Warning: norm² is 2.853469918191938 + 6.510626046316122e-15im, which is not real up to a relative tolerance of 2.220446049250313e-15 and an absolute tolerance of 2.220446049250313e-15. Taking the real part, which may not be accurate.
└ @ ITensorMPS ~/.julia/packages/ITensorMPS/fZDBz/src/abstractmps.jl:1246
┌ Warning: norm² is 1.808743118591815e10 - 4.307398348064005e-5im, which is not real up to a relative tolerance of 2.220446049250313e-15 and an absolute tolerance of 2.220446049250313e-15. Taking the real part, which may not be accurate.
└ @ ITensorMPS ~/.julia/packages/ITensorMPS/fZDBz/src/abstractmps.jl:1246
┌ Warning: norm² is 1.5022906008171223e10 - 3.364850834517222e-5im, which is not real up to a relative tolerance of 2.220446049250313e-15 and an absolute tolerance of 2.220446049250313e-15. Taking the real part, which may not be accurate.
└ @ ITensorMPS ~/.julia/packages/ITensorMPS/fZDBz/src/abstractmps.jl:1246
┌ Warning: norm² is 1.7933524095620346e10 + 4.1112578012742184e-5im, which is not real up to a relative tolerance of 2.220446049250313e-15 and an absolute tolerance of 2.220446049250313e-15. Taking the real part, which may not be accurate.
└ @ ITensorMPS ~/.julia/packages/ITensorMPS/fZDBz/src/abstractmps.jl:1246
┌ Warning: norm² is 1.2850889959083342e10 + 3.0458577879623628e-5im, which is not real up to a relative tolerance of 2.220446049250313e-15 and an absolute tolerance of 2.220446049250313e-15. Taking the real part, which may not be accurate.
└ @ ITensorMPS ~/.julia/packages/ITensorMPS/fZDBz/src/abstractmps.jl:1246
┌ Warning: log(norm²) is 1.0431919275381683 - 2.4439231427475547e-15im, which is not real up to a relative tolerance of 2.220446049250313e-15 and an absolute tolerance of 2.220446049250313e-15. Taking the real part, which may not be accurate.
└ @ ITensorMPS ~/.julia/packages/ITensorMPS/fZDBz/src/abstractmps.jl:1271
┌ Warning: norm² is 2.352706628363267e10 - 6.043150606533602e-5im, which is not real up to a relative tolerance of 2.220446049250313e-15 and an absolute tolerance of 2.220446049250313e-15. Taking the real part, which may not be accurate.
└ @ ITensorMPS ~/.julia/packages/ITensorMPS/fZDBz/src/abstractmps.jl:1246
┌ Warning: norm² is 1.1743587556281332e10 + 3.313354481492784e-5im, which is not real up to a relative tolerance of 2.220446049250313e-15 and an absolute tolerance of 2.220446049250313e-15. Taking the real part, which may not be accurate.
└ @ ITensorMPS ~/.julia/packages/ITensorMPS/fZDBz/src/abstractmps.jl:1246
┌ Warning: norm² is 2.8158622175133217 + 6.255585177962549e-15im, which is not real up to a relative tolerance of 2.220446049250313e-15 and an absolute tolerance of 2.220446049250313e-15. Taking the real part, which may not be accurate.
└ @ ITensorMPS ~/.julia/packages/ITensorMPS/fZDBz/src/abstractmps.jl:1246
┌ Warning: norm² is 2.8284281616431532 + 6.599026815484371e-15im, which is not real up to a relative tolerance of 2.220446049250313e-15 and an absolute tolerance of 2.220446049250313e-15. Taking the real part, which may not be accurate.
└ @ ITensorMPS ~/.julia/packages/ITensorMPS/fZDBz/src/abstractmps.jl:1246
┌ Warning: norm² is 2.8226296691901904 + 6.957499264455463e-15im, which is not real up to a relative tolerance of 2.220446049250313e-15 and an absolute tolerance of 2.220446049250313e-15. Taking the real part, which may not be accurate.
└ @ ITensorMPS ~/.julia/packages/ITensorMPS/fZDBz/src/abstractmps.jl:1246
┌ Warning: norm² is 2.843954650812357 - 7.069301222246081e-15im, which is not real up to a relative tolerance of 2.220446049250313e-15 and an absolute tolerance of 2.220446049250313e-15. Taking the real part, which may not be accurate.
└ @ ITensorMPS ~/.julia/packages/ITensorMPS/fZDBz/src/abstractmps.jl:1246
┌ Warning: norm² is 2.834325106246761 + 6.3810149860537665e-15im, which is not real up to a relative tolerance of 2.220446049250313e-15 and an absolute tolerance of 2.220446049250313e-15. Taking the real part, which may not be accurate.
└ @ ITensorMPS ~/.julia/packages/ITensorMPS/fZDBz/src/abstractmps.jl:1246
┌ Warning: norm² is 1.152639579625258e10 + 2.624289568074205e-5im, which is not real up to a relative tolerance of 2.220446049250313e-15 and an absolute tolerance of 2.220446049250313e-15. Taking the real part, which may not be accurate.
└ @ ITensorMPS ~/.julia/packages/ITensorMPS/fZDBz/src/abstractmps.jl:1246
┌ Warning: norm² is 2.8412477978891197 - 6.671627697974513e-15im, which is not real up to a relative tolerance of 2.220446049250313e-15 and an absolute tolerance of 2.220446049250313e-15. Taking the real part, which may not be accurate.
└ @ ITensorMPS ~/.julia/packages/ITensorMPS/fZDBz/src/abstractmps.jl:1246
[ Info: [rtm_p0.3] T=7.0  converged@533  k=4  |θ0|=1.7461  gap=0.979  peak=0.7775  r=[1.3e-05,1.4e-05,1.3e-05,1.6e-05]  8272s
[ Info: Checking symmetry MPO tensor on physical(space) => bond(time) indices
┌ Warning: Tensor *not* symmetric (dim=2|id=875|"S=1/2,Site") <-> (dim=2|id=875|"S=1/2,Site")', normdiff = 0.22953505077375277
└ @ ITransverse ~/.julia/packages/ITransverse/8pmYI/src/ITenUtils/itensor_utils.jl:93
[ Info: Checking symmetry MPO tensor on bond(space) => phys(time) indices
┌ Warning: Tensor *not* symmetric (dim=7|id=44|"Link,l=1") <-> (dim=7|id=343|"Link,l=2"), normdiff = 1.222384963003563
└ @ ITransverse ~/.julia/packages/ITransverse/8pmYI/src/ITenUtils/itensor_utils.jl:93
[ Info: Checking symmetry MPO tensor on physical(space) => bond(time) indices
┌ Warning: Tensor *not* symmetric (dim=2|id=978|"S=1/2,Site") <-> (dim=2|id=978|"S=1/2,Site")', normdiff = 0.22953505077375277
└ @ ITransverse ~/.julia/packages/ITransverse/8pmYI/src/ITenUtils/itensor_utils.jl:93
[ Info: Checking symmetry MPO tensor on bond(space) => phys(time) indices
┌ Warning: Tensor *not* symmetric (dim=7|id=620|"Link,l=1") <-> (dim=7|id=641|"Link,l=2"), normdiff = 1.4845640750550888
└ @ ITransverse ~/.julia/packages/ITransverse/8pmYI/src/ITenUtils/itensor_utils.jl:93
┌ Warning: norm² is 5.750570586277056e13 - 0.14589390715991613im, which is not real up to a relative tolerance of 2.220446049250313e-15 and an absolute tolerance of 2.220446049250313e-15. Taking the real part, which may not be accurate.
└ @ ITensorMPS ~/.julia/packages/ITensorMPS/fZDBz/src/abstractmps.jl:1246
┌ Warning: norm² is 2.4183589247715387e13 + 0.055186839957968914im, which is not real up to a relative tolerance of 2.220446049250313e-15 and an absolute tolerance of 2.220446049250313e-15. Taking the real part, which may not be accurate.
└ @ ITensorMPS ~/.julia/packages/ITensorMPS/fZDBz/src/abstractmps.jl:1246
┌ Warning: norm² is 5.646445624589271e12 + 0.014059425762365407im, which is not real up to a relative tolerance of 2.220446049250313e-15 and an absolute tolerance of 2.220446049250313e-15. Taking the real part, which may not be accurate.
└ @ ITensorMPS ~/.julia/packages/ITensorMPS/fZDBz/src/abstractmps.jl:1246
┌ Warning: log(norm²) is 0.7962053376423603 - 2.419969247063904e-15im, which is not real up to a relative tolerance of 2.220446049250313e-15 and an absolute tolerance of 2.220446049250313e-15. Taking the real part, which may not be accurate.
└ @ ITensorMPS ~/.julia/packages/ITensorMPS/fZDBz/src/abstractmps.jl:1271
┌ Warning: norm² is 2.1598896967185657 + 4.8832821641876046e-15im, which is not real up to a relative tolerance of 2.220446049250313e-15 and an absolute tolerance of 2.220446049250313e-15. Taking the real part, which may not be accurate.
└ @ ITensorMPS ~/.julia/packages/ITensorMPS/fZDBz/src/abstractmps.jl:1246
┌ Warning: norm² is 1.7679709031761167e12 - 0.0045481824526483194im, which is not real up to a relative tolerance of 2.220446049250313e-15 and an absolute tolerance of 2.220446049250313e-15. Taking the real part, which may not be accurate.
└ @ ITensorMPS ~/.julia/packages/ITensorMPS/fZDBz/src/abstractmps.jl:1246
┌ Warning: log(norm²) is -0.31929585500504576 - 2.860901781688467e-15im, which is not real up to a relative tolerance of 2.220446049250313e-15 and an absolute tolerance of 2.220446049250313e-15. Taking the real part, which may not be accurate.
└ @ ITensorMPS ~/.julia/packages/ITensorMPS/fZDBz/src/abstractmps.jl:1271
┌ Warning: log(norm²) is 0.9753233561750054 + 2.532577004746927e-15im, which is not real up to a relative tolerance of 2.220446049250313e-15 and an absolute tolerance of 2.220446049250313e-15. Taking the real part, which may not be accurate.
└ @ ITensorMPS ~/.julia/packages/ITensorMPS/fZDBz/src/abstractmps.jl:1271
┌ Warning: norm² is 2.9214447704401646e12 + 0.009080449285837011im, which is not real up to a relative tolerance of 2.220446049250313e-15 and an absolute tolerance of 2.220446049250313e-15. Taking the real part, which may not be accurate.
└ @ ITensorMPS ~/.julia/packages/ITensorMPS/fZDBz/src/abstractmps.jl:1246
┌ Warning: norm² is 3.9548097448587505e12 + 0.008803494079606011im, which is not real up to a relative tolerance of 2.220446049250313e-15 and an absolute tolerance of 2.220446049250313e-15. Taking the real part, which may not be accurate.
└ @ ITensorMPS ~/.julia/packages/ITensorMPS/fZDBz/src/abstractmps.jl:1246
┌ Warning: log(norm²) is 1.033652834942187 + 2.9965389398810593e-15im, which is not real up to a relative tolerance of 2.220446049250313e-15 and an absolute tolerance of 2.220446049250313e-15. Taking the real part, which may not be accurate.
└ @ ITensorMPS ~/.julia/packages/ITensorMPS/fZDBz/src/abstractmps.jl:1271
┌ Warning: norm² is 2.487111153468002 - 6.327723168273898e-15im, which is not real up to a relative tolerance of 2.220446049250313e-15 and an absolute tolerance of 2.220446049250313e-15. Taking the real part, which may not be accurate.
└ @ ITensorMPS ~/.julia/packages/ITensorMPS/fZDBz/src/abstractmps.jl:1246
┌ Warning: log(norm²) is 1.0447898020578075 + 2.358335471626725e-15im, which is not real up to a relative tolerance of 2.220446049250313e-15 and an absolute tolerance of 2.220446049250313e-15. Taking the real part, which may not be accurate.
└ @ ITensorMPS ~/.julia/packages/ITensorMPS/fZDBz/src/abstractmps.jl:1271
┌ Warning: norm² is 8.967939254526227e12 + 0.027384416698552627im, which is not real up to a relative tolerance of 2.220446049250313e-15 and an absolute tolerance of 2.220446049250313e-15. Taking the real part, which may not be accurate.
└ @ ITensorMPS ~/.julia/packages/ITensorMPS/fZDBz/src/abstractmps.jl:1246
┌ Warning: norm² is 2.3854921851695903e12 - 0.007474631904166529im, which is not real up to a relative tolerance of 2.220446049250313e-15 and an absolute tolerance of 2.220446049250313e-15. Taking the real part, which may not be accurate.
└ @ ITensorMPS ~/.julia/packages/ITensorMPS/fZDBz/src/abstractmps.jl:1246
┌ Warning: norm² is 7.477981504216807e11 - 0.0018253620433366646im, which is not real up to a relative tolerance of 2.220446049250313e-15 and an absolute tolerance of 2.220446049250313e-15. Taking the real part, which may not be accurate.
└ @ ITensorMPS ~/.julia/packages/ITensorMPS/fZDBz/src/abstractmps.jl:1246
┌ Warning: log(norm²) is 1.0682588805273256 + 2.4876210187473407e-15im, which is not real up to a relative tolerance of 2.220446049250313e-15 and an absolute tolerance of 2.220446049250313e-15. Taking the real part, which may not be accurate.
└ @ ITensorMPS ~/.julia/packages/ITensorMPS/fZDBz/src/abstractmps.jl:1271
┌ Warning: norm² is 2.9669886277838002 - 8.011261925336065e-15im, which is not real up to a relative tolerance of 2.220446049250313e-15 and an absolute tolerance of 2.220446049250313e-15. Taking the real part, which may not be accurate.
└ @ ITensorMPS ~/.julia/packages/ITensorMPS/fZDBz/src/abstractmps.jl:1246
┌ Warning: log(norm²) is 0.9591229167927089 + 3.0500450921057526e-15im, which is not real up to a relative tolerance of 2.220446049250313e-15 and an absolute tolerance of 2.220446049250313e-15. Taking the real part, which may not be accurate.
└ @ ITensorMPS ~/.julia/packages/ITensorMPS/fZDBz/src/abstractmps.jl:1271
┌ Warning: norm² is 1.253899321369052e12 - 0.002816361012455637im, which is not real up to a relative tolerance of 2.220446049250313e-15 and an absolute tolerance of 2.220446049250313e-15. Taking the real part, which may not be accurate.
└ @ ITensorMPS ~/.julia/packages/ITensorMPS/fZDBz/src/abstractmps.jl:1246
┌ Warning: norm² is 2.8131802970523325 + 8.420650678959833e-15im, which is not real up to a relative tolerance of 2.220446049250313e-15 and an absolute tolerance of 2.220446049250313e-15. Taking the real part, which may not be accurate.
└ @ ITensorMPS ~/.julia/packages/ITensorMPS/fZDBz/src/abstractmps.jl:1246
┌ Warning: norm² is 2.9163362057867266 + 9.667996153064845e-15im, which is not real up to a relative tolerance of 2.220446049250313e-15 and an absolute tolerance of 2.220446049250313e-15. Taking the real part, which may not be accurate.
└ @ ITensorMPS ~/.julia/packages/ITensorMPS/fZDBz/src/abstractmps.jl:1246
┌ Warning: norm² is 1.499473187858731e12 + 0.003383850176693848im, which is not real up to a relative tolerance of 2.220446049250313e-15 and an absolute tolerance of 2.220446049250313e-15. Taking the real part, which may not be accurate.
└ @ ITensorMPS ~/.julia/packages/ITensorMPS/fZDBz/src/abstractmps.jl:1246
┌ Warning: norm² is 2.833585821650913 - 6.3292647277577494e-15im, which is not real up to a relative tolerance of 2.220446049250313e-15 and an absolute tolerance of 2.220446049250313e-15. Taking the real part, which may not be accurate.
└ @ ITensorMPS ~/.julia/packages/ITensorMPS/fZDBz/src/abstractmps.jl:1246
┌ Warning: norm² is 5.846043729206213e11 + 0.001373979607355932im, which is not real up to a relative tolerance of 2.220446049250313e-15 and an absolute tolerance of 2.220446049250313e-15. Taking the real part, which may not be accurate.
└ @ ITensorMPS ~/.julia/packages/ITensorMPS/fZDBz/src/abstractmps.jl:1246
┌ Warning: norm² is 1.015666396307358e12 + 0.0024906220714002725im, which is not real up to a relative tolerance of 2.220446049250313e-15 and an absolute tolerance of 2.220446049250313e-15. Taking the real part, which may not be accurate.
└ @ ITensorMPS ~/.julia/packages/ITensorMPS/fZDBz/src/abstractmps.jl:1246
┌ Warning: norm² is 3.66957128291979e11 + 0.0010794079305558313im, which is not real up to a relative tolerance of 2.220446049250313e-15 and an absolute tolerance of 2.220446049250313e-15. Taking the real part, which may not be accurate.
└ @ ITensorMPS ~/.julia/packages/ITensorMPS/fZDBz/src/abstractmps.jl:1246
┌ Warning: log(norm²) is 1.073271584092514 + 2.39255000843841e-15im, which is not real up to a relative tolerance of 2.220446049250313e-15 and an absolute tolerance of 2.220446049250313e-15. Taking the real part, which may not be accurate.
└ @ ITensorMPS ~/.julia/packages/ITensorMPS/fZDBz/src/abstractmps.jl:1271
┌ Warning: norm² is 6.232452703930375e11 + 0.0017238940022119842im, which is not real up to a relative tolerance of 2.220446049250313e-15 and an absolute tolerance of 2.220446049250313e-15. Taking the real part, which may not be accurate.
└ @ ITensorMPS ~/.julia/packages/ITensorMPS/fZDBz/src/abstractmps.jl:1246
┌ Warning: norm² is 2.9180287659029367 - 8.336073449273943e-15im, which is not real up to a relative tolerance of 2.220446049250313e-15 and an absolute tolerance of 2.220446049250313e-15. Taking the real part, which may not be accurate.
└ @ ITensorMPS ~/.julia/packages/ITensorMPS/fZDBz/src/abstractmps.jl:1246
┌ Warning: log(norm²) is 1.0833086371330385 - 3.405256410221953e-15im, which is not real up to a relative tolerance of 2.220446049250313e-15 and an absolute tolerance of 2.220446049250313e-15. Taking the real part, which may not be accurate.
└ @ ITensorMPS ~/.julia/packages/ITensorMPS/fZDBz/src/abstractmps.jl:1271
┌ Warning: norm² is 6.141065242778175e11 - 0.0014457060530952137im, which is not real up to a relative tolerance of 2.220446049250313e-15 and an absolute tolerance of 2.220446049250313e-15. Taking the real part, which may not be accurate.
└ @ ITensorMPS ~/.julia/packages/ITensorMPS/fZDBz/src/abstractmps.jl:1246
┌ Warning: norm² is 6.550144893681714e11 - 0.0014699044461777278im, which is not real up to a relative tolerance of 2.220446049250313e-15 and an absolute tolerance of 2.220446049250313e-15. Taking the real part, which may not be accurate.
└ @ ITensorMPS ~/.julia/packages/ITensorMPS/fZDBz/src/abstractmps.jl:1246
┌ Warning: norm² is 4.6804085827983453e11 - 0.0013117805406324332im, which is not real up to a relative tolerance of 2.220446049250313e-15 and an absolute tolerance of 2.220446049250313e-15. Taking the real part, which may not be accurate.
└ @ ITensorMPS ~/.julia/packages/ITensorMPS/fZDBz/src/abstractmps.jl:1246
┌ Warning: norm² is 2.8975641109717643 - 8.515680472981125e-15im, which is not real up to a relative tolerance of 2.220446049250313e-15 and an absolute tolerance of 2.220446049250313e-15. Taking the real part, which may not be accurate.
└ @ ITensorMPS ~/.julia/packages/ITensorMPS/fZDBz/src/abstractmps.jl:1246
┌ Warning: log(norm²) is 1.0949015000251994 + 2.578265568254302e-15im, which is not real up to a relative tolerance of 2.220446049250313e-15 and an absolute tolerance of 2.220446049250313e-15. Taking the real part, which may not be accurate.
└ @ ITensorMPS ~/.julia/packages/ITensorMPS/fZDBz/src/abstractmps.jl:1271
┌ Warning: norm² is 3.728637837514126e11 + 0.000865487358209148im, which is not real up to a relative tolerance of 2.220446049250313e-15 and an absolute tolerance of 2.220446049250313e-15. Taking the real part, which may not be accurate.
└ @ ITensorMPS ~/.julia/packages/ITensorMPS/fZDBz/src/abstractmps.jl:1246
┌ Warning: log(norm²) is 1.048886476829138 + 2.3586567080718292e-15im, which is not real up to a relative tolerance of 2.220446049250313e-15 and an absolute tolerance of 2.220446049250313e-15. Taking the real part, which may not be accurate.
└ @ ITensorMPS ~/.julia/packages/ITensorMPS/fZDBz/src/abstractmps.jl:1271
┌ Warning: log(norm²) is 1.0787051003462464 + 2.5566129611541187e-15im, which is not real up to a relative tolerance of 2.220446049250313e-15 and an absolute tolerance of 2.220446049250313e-15. Taking the real part, which may not be accurate.
└ @ ITensorMPS ~/.julia/packages/ITensorMPS/fZDBz/src/abstractmps.jl:1271
┌ Warning: norm² is 3.707067073338762e11 + 0.0008519419740281864im, which is not real up to a relative tolerance of 2.220446049250313e-15 and an absolute tolerance of 2.220446049250313e-15. Taking the real part, which may not be accurate.
└ @ ITensorMPS ~/.julia/packages/ITensorMPS/fZDBz/src/abstractmps.jl:1246
┌ Warning: norm² is 3.521421822894127e11 - 0.0009396758986418008im, which is not real up to a relative tolerance of 2.220446049250313e-15 and an absolute tolerance of 2.220446049250313e-15. Taking the real part, which may not be accurate.
└ @ ITensorMPS ~/.julia/packages/ITensorMPS/fZDBz/src/abstractmps.jl:1246
┌ Warning: norm² is 4.643554853019084e11 - 0.0011227472370349337im, which is not real up to a relative tolerance of 2.220446049250313e-15 and an absolute tolerance of 2.220446049250313e-15. Taking the real part, which may not be accurate.
└ @ ITensorMPS ~/.julia/packages/ITensorMPS/fZDBz/src/abstractmps.jl:1246
┌ Warning: norm² is 3.5348772984971875e11 + 0.0009678575155595837im, which is not real up to a relative tolerance of 2.220446049250313e-15 and an absolute tolerance of 2.220446049250313e-15. Taking the real part, which may not be accurate.
└ @ ITensorMPS ~/.julia/packages/ITensorMPS/fZDBz/src/abstractmps.jl:1246
┌ Warning: norm² is 2.9348147462721865 - 7.345531310215365e-15im, which is not real up to a relative tolerance of 2.220446049250313e-15 and an absolute tolerance of 2.220446049250313e-15. Taking the real part, which may not be accurate.
└ @ ITensorMPS ~/.julia/packages/ITensorMPS/fZDBz/src/abstractmps.jl:1246
┌ Warning: log(norm²) is 1.0658563119479716 - 2.6803675239994884e-15im, which is not real up to a relative tolerance of 2.220446049250313e-15 and an absolute tolerance of 2.220446049250313e-15. Taking the real part, which may not be accurate.
└ @ ITensorMPS ~/.julia/packages/ITensorMPS/fZDBz/src/abstractmps.jl:1271
┌ Warning: norm² is 5.80957661499635e11 - 0.001741876679381027im, which is not real up to a relative tolerance of 2.220446049250313e-15 and an absolute tolerance of 2.220446049250313e-15. Taking the real part, which may not be accurate.
└ @ ITensorMPS ~/.julia/packages/ITensorMPS/fZDBz/src/abstractmps.jl:1246
┌ Warning: norm² is 3.830495390270547e11 + 0.0009147720237736214im, which is not real up to a relative tolerance of 2.220446049250313e-15 and an absolute tolerance of 2.220446049250313e-15. Taking the real part, which may not be accurate.
└ @ ITensorMPS ~/.julia/packages/ITensorMPS/fZDBz/src/abstractmps.jl:1246
┌ Warning: norm² is 2.8733313732328365 - 8.031871389476774e-15im, which is not real up to a relative tolerance of 2.220446049250313e-15 and an absolute tolerance of 2.220446049250313e-15. Taking the real part, which may not be accurate.
└ @ ITensorMPS ~/.julia/packages/ITensorMPS/fZDBz/src/abstractmps.jl:1246
┌ Warning: norm² is 4.5276183361300775e11 + 0.001241614301650605im, which is not real up to a relative tolerance of 2.220446049250313e-15 and an absolute tolerance of 2.220446049250313e-15. Taking the real part, which may not be accurate.
└ @ ITensorMPS ~/.julia/packages/ITensorMPS/fZDBz/src/abstractmps.jl:1246
┌ Warning: norm² is 2.8970749982640918 - 7.273402556703568e-15im, which is not real up to a relative tolerance of 2.220446049250313e-15 and an absolute tolerance of 2.220446049250313e-15. Taking the real part, which may not be accurate.
└ @ ITensorMPS ~/.julia/packages/ITensorMPS/fZDBz/src/abstractmps.jl:1246
┌ Warning: norm² is 4.8679395321802106e11 - 0.0011860066290058577im, which is not real up to a relative tolerance of 2.220446049250313e-15 and an absolute tolerance of 2.220446049250313e-15. Taking the real part, which may not be accurate.
└ @ ITensorMPS ~/.julia/packages/ITensorMPS/fZDBz/src/abstractmps.jl:1246
┌ Warning: norm² is 3.470144890315437e11 + 0.000948424113399203im, which is not real up to a relative tolerance of 2.220446049250313e-15 and an absolute tolerance of 2.220446049250313e-15. Taking the real part, which may not be accurate.
└ @ ITensorMPS ~/.julia/packages/ITensorMPS/fZDBz/src/abstractmps.jl:1246
┌ Warning: norm² is 4.527293055015511e11 + 0.0012258790995261632im, which is not real up to a relative tolerance of 2.220446049250313e-15 and an absolute tolerance of 2.220446049250313e-15. Taking the real part, which may not be accurate.
└ @ ITensorMPS ~/.julia/packages/ITensorMPS/fZDBz/src/abstractmps.jl:1246
┌ Warning: log(norm²) is 1.0532798931212088 - 2.3847040742903162e-15im, which is not real up to a relative tolerance of 2.220446049250313e-15 and an absolute tolerance of 2.220446049250313e-15. Taking the real part, which may not be accurate.
└ @ ITensorMPS ~/.julia/packages/ITensorMPS/fZDBz/src/abstractmps.jl:1271
┌ Warning: log(norm²) is 1.0512876922714272 + 2.450029333982356e-15im, which is not real up to a relative tolerance of 2.220446049250313e-15 and an absolute tolerance of 2.220446049250313e-15. Taking the real part, which may not be accurate.
└ @ ITensorMPS ~/.julia/packages/ITensorMPS/fZDBz/src/abstractmps.jl:1271
┌ Warning: norm² is 3.672623159801839e11 + 0.0008850650664425502im, which is not real up to a relative tolerance of 2.220446049250313e-15 and an absolute tolerance of 2.220446049250313e-15. Taking the real part, which may not be accurate.
└ @ ITensorMPS ~/.julia/packages/ITensorMPS/fZDBz/src/abstractmps.jl:1246
┌ Warning: norm² is 5.684109544372964e11 - 0.0013429194133114386im, which is not real up to a relative tolerance of 2.220446049250313e-15 and an absolute tolerance of 2.220446049250313e-15. Taking the real part, which may not be accurate.
└ @ ITensorMPS ~/.julia/packages/ITensorMPS/fZDBz/src/abstractmps.jl:1246
┌ Warning: norm² is 5.863663002920842e11 - 0.0016459945335843967im, which is not real up to a relative tolerance of 2.220446049250313e-15 and an absolute tolerance of 2.220446049250313e-15. Taking the real part, which may not be accurate.
└ @ ITensorMPS ~/.julia/packages/ITensorMPS/fZDBz/src/abstractmps.jl:1246
┌ Warning: norm² is 3.6811883278919934e11 + 0.000921854906106967im, which is not real up to a relative tolerance of 2.220446049250313e-15 and an absolute tolerance of 2.220446049250313e-15. Taking the real part, which may not be accurate.
└ @ ITensorMPS ~/.julia/packages/ITensorMPS/fZDBz/src/abstractmps.jl:1246
┌ Warning: norm² is 5.805356644361237e11 + 0.0013417036399509807im, which is not real up to a relative tolerance of 2.220446049250313e-15 and an absolute tolerance of 2.220446049250313e-15. Taking the real part, which may not be accurate.
└ @ ITensorMPS ~/.julia/packages/ITensorMPS/fZDBz/src/abstractmps.jl:1246
┌ Warning: log(norm²) is 1.054443193417713 + 2.4145807957899177e-15im, which is not real up to a relative tolerance of 2.220446049250313e-15 and an absolute tolerance of 2.220446049250313e-15. Taking the real part, which may not be accurate.
└ @ ITensorMPS ~/.julia/packages/ITensorMPS/fZDBz/src/abstractmps.jl:1271
┌ Warning: norm² is 3.575043465379823e11 + 0.0008928635388808087im, which is not real up to a relative tolerance of 2.220446049250313e-15 and an absolute tolerance of 2.220446049250313e-15. Taking the real part, which may not be accurate.
└ @ ITensorMPS ~/.julia/packages/ITensorMPS/fZDBz/src/abstractmps.jl:1246
┌ Warning: norm² is 4.5354097938691376e11 - 0.00105177301741664im, which is not real up to a relative tolerance of 2.220446049250313e-15 and an absolute tolerance of 2.220446049250313e-15. Taking the real part, which may not be accurate.
└ @ ITensorMPS ~/.julia/packages/ITensorMPS/fZDBz/src/abstractmps.jl:1246
┌ Warning: norm² is 3.468421241154434e11 - 0.0008087941017396183im, which is not real up to a relative tolerance of 2.220446049250313e-15 and an absolute tolerance of 2.220446049250313e-15. Taking the real part, which may not be accurate.
└ @ ITensorMPS ~/.julia/packages/ITensorMPS/fZDBz/src/abstractmps.jl:1246
┌ Warning: log(norm²) is 1.0641395014362087 - 2.973938896157532e-15im, which is not real up to a relative tolerance of 2.220446049250313e-15 and an absolute tolerance of 2.220446049250313e-15. Taking the real part, which may not be accurate.
└ @ ITensorMPS ~/.julia/packages/ITensorMPS/fZDBz/src/abstractmps.jl:1271
┌ Warning: norm² is 4.511787608650255e11 + 0.0010883869156968471im, which is not real up to a relative tolerance of 2.220446049250313e-15 and an absolute tolerance of 2.220446049250313e-15. Taking the real part, which may not be accurate.
└ @ ITensorMPS ~/.julia/packages/ITensorMPS/fZDBz/src/abstractmps.jl:1246
┌ Warning: norm² is 4.537016588162655e11 + 0.0010954925221119724im, which is not real up to a relative tolerance of 2.220446049250313e-15 and an absolute tolerance of 2.220446049250313e-15. Taking the real part, which may not be accurate.
└ @ ITensorMPS ~/.julia/packages/ITensorMPS/fZDBz/src/abstractmps.jl:1246
┌ Warning: norm² is 2.8735746135226883 - 7.474245342077507e-15im, which is not real up to a relative tolerance of 2.220446049250313e-15 and an absolute tolerance of 2.220446049250313e-15. Taking the real part, which may not be accurate.
└ @ ITensorMPS ~/.julia/packages/ITensorMPS/fZDBz/src/abstractmps.jl:1246
┌ Warning: norm² is 3.561522687041665e11 - 0.0008231411632767683im, which is not real up to a relative tolerance of 2.220446049250313e-15 and an absolute tolerance of 2.220446049250313e-15. Taking the real part, which may not be accurate.
└ @ ITensorMPS ~/.julia/packages/ITensorMPS/fZDBz/src/abstractmps.jl:1246
┌ Warning: norm² is 5.365661341570933e11 + 0.0013140631977668071im, which is not real up to a relative tolerance of 2.220446049250313e-15 and an absolute tolerance of 2.220446049250313e-15. Taking the real part, which may not be accurate.
└ @ ITensorMPS ~/.julia/packages/ITensorMPS/fZDBz/src/abstractmps.jl:1246
┌ Warning: norm² is 4.4884190141607465e11 + 0.001173828933060708im, which is not real up to a relative tolerance of 2.220446049250313e-15 and an absolute tolerance of 2.220446049250313e-15. Taking the real part, which may not be accurate.
└ @ ITensorMPS ~/.julia/packages/ITensorMPS/fZDBz/src/abstractmps.jl:1246
┌ Warning: norm² is 3.523087672976094e11 + 0.0008305607517266971im, which is not real up to a relative tolerance of 2.220446049250313e-15 and an absolute tolerance of 2.220446049250313e-15. Taking the real part, which may not be accurate.
└ @ ITensorMPS ~/.julia/packages/ITensorMPS/fZDBz/src/abstractmps.jl:1246
┌ Warning: log(norm²) is 1.0852660945939498 + 2.940157274949198e-15im, which is not real up to a relative tolerance of 2.220446049250313e-15 and an absolute tolerance of 2.220446049250313e-15. Taking the real part, which may not be accurate.
└ @ ITensorMPS ~/.julia/packages/ITensorMPS/fZDBz/src/abstractmps.jl:1271
┌ Warning: norm² is 5.577168151020725e11 - 0.0015244641217058638im, which is not real up to a relative tolerance of 2.220446049250313e-15 and an absolute tolerance of 2.220446049250313e-15. Taking the real part, which may not be accurate.
└ @ ITensorMPS ~/.julia/packages/ITensorMPS/fZDBz/src/abstractmps.jl:1246
┌ Warning: norm² is 5.507012448363896e11 - 0.0012442567306345034im, which is not real up to a relative tolerance of 2.220446049250313e-15 and an absolute tolerance of 2.220446049250313e-15. Taking the real part, which may not be accurate.
└ @ ITensorMPS ~/.julia/packages/ITensorMPS/fZDBz/src/abstractmps.jl:1246
┌ Warning: norm² is 3.537816309177054e11 + 0.0009020785605237356im, which is not real up to a relative tolerance of 2.220446049250313e-15 and an absolute tolerance of 2.220446049250313e-15. Taking the real part, which may not be accurate.
└ @ ITensorMPS ~/.julia/packages/ITensorMPS/fZDBz/src/abstractmps.jl:1246
┌ Warning: log(norm²) is 1.0571993910517863 - 2.3493032364656167e-15im, which is not real up to a relative tolerance of 2.220446049250313e-15 and an absolute tolerance of 2.220446049250313e-15. Taking the real part, which may not be accurate.
└ @ ITensorMPS ~/.julia/packages/ITensorMPS/fZDBz/src/abstractmps.jl:1271
┌ Warning: log(norm²) is 1.075389575128339 - 2.4198123413578226e-15im, which is not real up to a relative tolerance of 2.220446049250313e-15 and an absolute tolerance of 2.220446049250313e-15. Taking the real part, which may not be accurate.
└ @ ITensorMPS ~/.julia/packages/ITensorMPS/fZDBz/src/abstractmps.jl:1271
┌ Warning: norm² is 2.931358847055728 - 6.531239228118918e-15im, which is not real up to a relative tolerance of 2.220446049250313e-15 and an absolute tolerance of 2.220446049250313e-15. Taking the real part, which may not be accurate.
└ @ ITensorMPS ~/.julia/packages/ITensorMPS/fZDBz/src/abstractmps.jl:1246
┌ Warning: norm² is 4.501082381428151e11 - 0.0015464549561595511im, which is not real up to a relative tolerance of 2.220446049250313e-15 and an absolute tolerance of 2.220446049250313e-15. Taking the real part, which may not be accurate.
└ @ ITensorMPS ~/.julia/packages/ITensorMPS/fZDBz/src/abstractmps.jl:1246
┌ Warning: norm² is 3.543182208947285e11 + 0.0011337370377119196im, which is not real up to a relative tolerance of 2.220446049250313e-15 and an absolute tolerance of 2.220446049250313e-15. Taking the real part, which may not be accurate.
└ @ ITensorMPS ~/.julia/packages/ITensorMPS/fZDBz/src/abstractmps.jl:1246
┌ Warning: norm² is 5.487547859348552e11 + 0.001219374810427637im, which is not real up to a relative tolerance of 2.220446049250313e-15 and an absolute tolerance of 2.220446049250313e-15. Taking the real part, which may not be accurate.
└ @ ITensorMPS ~/.julia/packages/ITensorMPS/fZDBz/src/abstractmps.jl:1246
┌ Warning: norm² is 3.4173946634584045e11 + 0.0008711291167707736im, which is not real up to a relative tolerance of 2.220446049250313e-15 and an absolute tolerance of 2.220446049250313e-15. Taking the real part, which may not be accurate.
└ @ ITensorMPS ~/.julia/packages/ITensorMPS/fZDBz/src/abstractmps.jl:1246
┌ Warning: log(norm²) is 1.0677597940792662 + 2.5611755145446257e-15im, which is not real up to a relative tolerance of 2.220446049250313e-15 and an absolute tolerance of 2.220446049250313e-15. Taking the real part, which may not be accurate.
└ @ ITensorMPS ~/.julia/packages/ITensorMPS/fZDBz/src/abstractmps.jl:1271
┌ Warning: norm² is 4.5036246291898035e11 + 0.0015955505597365187im, which is not real up to a relative tolerance of 2.220446049250313e-15 and an absolute tolerance of 2.220446049250313e-15. Taking the real part, which may not be accurate.
└ @ ITensorMPS ~/.julia/packages/ITensorMPS/fZDBz/src/abstractmps.jl:1246
┌ Warning: norm² is 4.50231281434285e11 + 0.0013831490356277065im, which is not real up to a relative tolerance of 2.220446049250313e-15 and an absolute tolerance of 2.220446049250313e-15. Taking the real part, which may not be accurate.
└ @ ITensorMPS ~/.julia/packages/ITensorMPS/fZDBz/src/abstractmps.jl:1246
┌ Warning: norm² is 5.328988040209904e11 - 0.0015866769812063891im, which is not real up to a relative tolerance of 2.220446049250313e-15 and an absolute tolerance of 2.220446049250313e-15. Taking the real part, which may not be accurate.
└ @ ITensorMPS ~/.julia/packages/ITensorMPS/fZDBz/src/abstractmps.jl:1246
┌ Warning: norm² is 2.8390061178780783 - 7.222211284566848e-15im, which is not real up to a relative tolerance of 2.220446049250313e-15 and an absolute tolerance of 2.220446049250313e-15. Taking the real part, which may not be accurate.
└ @ ITensorMPS ~/.julia/packages/ITensorMPS/fZDBz/src/abstractmps.jl:1246
┌ Warning: log(norm²) is 1.0558059653525362 + 3.2183202183107496e-15im, which is not real up to a relative tolerance of 2.220446049250313e-15 and an absolute tolerance of 2.220446049250313e-15. Taking the real part, which may not be accurate.
└ @ ITensorMPS ~/.julia/packages/ITensorMPS/fZDBz/src/abstractmps.jl:1271
┌ Warning: norm² is 2.934507649393213 - 7.723801348153229e-15im, which is not real up to a relative tolerance of 2.220446049250313e-15 and an absolute tolerance of 2.220446049250313e-15. Taking the real part, which may not be accurate.
└ @ ITensorMPS ~/.julia/packages/ITensorMPS/fZDBz/src/abstractmps.jl:1246
┌ Warning: norm² is 3.53687118021807e11 - 0.0007862650669451276im, which is not real up to a relative tolerance of 2.220446049250313e-15 and an absolute tolerance of 2.220446049250313e-15. Taking the real part, which may not be accurate.
└ @ ITensorMPS ~/.julia/packages/ITensorMPS/fZDBz/src/abstractmps.jl:1246
┌ Warning: log(norm²) is 1.0627153553662678 + 2.5352221228674224e-15im, which is not real up to a relative tolerance of 2.220446049250313e-15 and an absolute tolerance of 2.220446049250313e-15. Taking the real part, which may not be accurate.
└ @ ITensorMPS ~/.julia/packages/ITensorMPS/fZDBz/src/abstractmps.jl:1271
┌ Warning: norm² is 5.244556647245176e11 - 0.0013804388716492089im, which is not real up to a relative tolerance of 2.220446049250313e-15 and an absolute tolerance of 2.220446049250313e-15. Taking the real part, which may not be accurate.
└ @ ITensorMPS ~/.julia/packages/ITensorMPS/fZDBz/src/abstractmps.jl:1246
┌ Warning: norm² is 2.8757613936017865 + 6.38585058638943e-15im, which is not real up to a relative tolerance of 2.220446049250313e-15 and an absolute tolerance of 2.220446049250313e-15. Taking the real part, which may not be accurate.
└ @ ITensorMPS ~/.julia/packages/ITensorMPS/fZDBz/src/abstractmps.jl:1246
┌ Warning: norm² is 4.5075309772446906e11 - 0.0015649317611194633im, which is not real up to a relative tolerance of 2.220446049250313e-15 and an absolute tolerance of 2.220446049250313e-15. Taking the real part, which may not be accurate.
└ @ ITensorMPS ~/.julia/packages/ITensorMPS/fZDBz/src/abstractmps.jl:1246
┌ Warning: norm² is 2.8581400579072582 + 6.652307200288852e-15im, which is not real up to a relative tolerance of 2.220446049250313e-15 and an absolute tolerance of 2.220446049250313e-15. Taking the real part, which may not be accurate.
└ @ ITensorMPS ~/.julia/packages/ITensorMPS/fZDBz/src/abstractmps.jl:1246
┌ Warning: norm² is 5.799198097063992e11 - 0.0019784980994007884im, which is not real up to a relative tolerance of 2.220446049250313e-15 and an absolute tolerance of 2.220446049250313e-15. Taking the real part, which may not be accurate.
└ @ ITensorMPS ~/.julia/packages/ITensorMPS/fZDBz/src/abstractmps.jl:1246
┌ Warning: norm² is 3.5377915834295905e11 - 0.0008254221515241806im, which is not real up to a relative tolerance of 2.220446049250313e-15 and an absolute tolerance of 2.220446049250313e-15. Taking the real part, which may not be accurate.
└ @ ITensorMPS ~/.julia/packages/ITensorMPS/fZDBz/src/abstractmps.jl:1246
┌ Warning: norm² is 3.440622874226654e11 + 0.0007977824131654085im, which is not real up to a relative tolerance of 2.220446049250313e-15 and an absolute tolerance of 2.220446049250313e-15. Taking the real part, which may not be accurate.
└ @ ITensorMPS ~/.julia/packages/ITensorMPS/fZDBz/src/abstractmps.jl:1246
┌ Warning: log(norm²) is 1.0774199046181654 + 2.4545181129072623e-15im, which is not real up to a relative tolerance of 2.220446049250313e-15 and an absolute tolerance of 2.220446049250313e-15. Taking the real part, which may not be accurate.
└ @ ITensorMPS ~/.julia/packages/ITensorMPS/fZDBz/src/abstractmps.jl:1271
┌ Warning: norm² is 2.9366580210291637 - 6.6467441318121055e-15im, which is not real up to a relative tolerance of 2.220446049250313e-15 and an absolute tolerance of 2.220446049250313e-15. Taking the real part, which may not be accurate.
└ @ ITensorMPS ~/.julia/packages/ITensorMPS/fZDBz/src/abstractmps.jl:1246
┌ Warning: norm² is 3.538631270787567e11 + 0.0008519491871465298im, which is not real up to a relative tolerance of 2.220446049250313e-15 and an absolute tolerance of 2.220446049250313e-15. Taking the real part, which may not be accurate.
└ @ ITensorMPS ~/.julia/packages/ITensorMPS/fZDBz/src/abstractmps.jl:1246
┌ Warning: norm² is 3.531728052709037e11 + 0.000997343284018774im, which is not real up to a relative tolerance of 2.220446049250313e-15 and an absolute tolerance of 2.220446049250313e-15. Taking the real part, which may not be accurate.
└ @ ITensorMPS ~/.julia/packages/ITensorMPS/fZDBz/src/abstractmps.jl:1246
┌ Warning: norm² is 3.5373258542063696e11 - 0.000932697580042903im, which is not real up to a relative tolerance of 2.220446049250313e-15 and an absolute tolerance of 2.220446049250313e-15. Taking the real part, which may not be accurate.
└ @ ITensorMPS ~/.julia/packages/ITensorMPS/fZDBz/src/abstractmps.jl:1246
┌ Warning: norm² is 3.536424075553316e11 + 0.0009384761479044469im, which is not real up to a relative tolerance of 2.220446049250313e-15 and an absolute tolerance of 2.220446049250313e-15. Taking the real part, which may not be accurate.
└ @ ITensorMPS ~/.julia/packages/ITensorMPS/fZDBz/src/abstractmps.jl:1246
┌ Warning: log(norm²) is 1.0823623887547127 - 2.622895388303939e-15im, which is not real up to a relative tolerance of 2.220446049250313e-15 and an absolute tolerance of 2.220446049250313e-15. Taking the real part, which may not be accurate.
└ @ ITensorMPS ~/.julia/packages/ITensorMPS/fZDBz/src/abstractmps.jl:1271
┌ Warning: log(norm²) is 1.0655609556678658 + 2.4846796292959496e-15im, which is not real up to a relative tolerance of 2.220446049250313e-15 and an absolute tolerance of 2.220446049250313e-15. Taking the real part, which may not be accurate.
└ @ ITensorMPS ~/.julia/packages/ITensorMPS/fZDBz/src/abstractmps.jl:1271
┌ Warning: norm² is 3.53342646696275e11 - 0.0008085412607851143im, which is not real up to a relative tolerance of 2.220446049250313e-15 and an absolute tolerance of 2.220446049250313e-15. Taking the real part, which may not be accurate.
└ @ ITensorMPS ~/.julia/packages/ITensorMPS/fZDBz/src/abstractmps.jl:1246
┌ Warning: norm² is 5.2627372650178644e11 + 0.0012248541622574168im, which is not real up to a relative tolerance of 2.220446049250313e-15 and an absolute tolerance of 2.220446049250313e-15. Taking the real part, which may not be accurate.
└ @ ITensorMPS ~/.julia/packages/ITensorMPS/fZDBz/src/abstractmps.jl:1246
┌ Warning: log(norm²) is 1.0625397985741558 - 2.6349879168809704e-15im, which is not real up to a relative tolerance of 2.220446049250313e-15 and an absolute tolerance of 2.220446049250313e-15. Taking the real part, which may not be accurate.
└ @ ITensorMPS ~/.julia/packages/ITensorMPS/fZDBz/src/abstractmps.jl:1271
┌ Warning: norm² is 3.427950162532516e11 + 0.0007928151242860583im, which is not real up to a relative tolerance of 2.220446049250313e-15 and an absolute tolerance of 2.220446049250313e-15. Taking the real part, which may not be accurate.
└ @ ITensorMPS ~/.julia/packages/ITensorMPS/fZDBz/src/abstractmps.jl:1246
┌ Warning: norm² is 3.532753744244975e11 - 0.0008006959999573533im, which is not real up to a relative tolerance of 2.220446049250313e-15 and an absolute tolerance of 2.220446049250313e-15. Taking the real part, which may not be accurate.
└ @ ITensorMPS ~/.julia/packages/ITensorMPS/fZDBz/src/abstractmps.jl:1246
┌ Warning: norm² is 3.411803868528223e11 - 0.0011179356847731217im, which is not real up to a relative tolerance of 2.220446049250313e-15 and an absolute tolerance of 2.220446049250313e-15. Taking the real part, which may not be accurate.
└ @ ITensorMPS ~/.julia/packages/ITensorMPS/fZDBz/src/abstractmps.jl:1246
┌ Warning: norm² is 2.9360716459962535 + 6.890463840261108e-15im, which is not real up to a relative tolerance of 2.220446049250313e-15 and an absolute tolerance of 2.220446049250313e-15. Taking the real part, which may not be accurate.
└ @ ITensorMPS ~/.julia/packages/ITensorMPS/fZDBz/src/abstractmps.jl:1246
┌ Warning: norm² is 2.828703235606576 + 6.77524975848889e-15im, which is not real up to a relative tolerance of 2.220446049250313e-15 and an absolute tolerance of 2.220446049250313e-15. Taking the real part, which may not be accurate.
└ @ ITensorMPS ~/.julia/packages/ITensorMPS/fZDBz/src/abstractmps.jl:1246
┌ Warning: norm² is 2.945375125284917 + 7.159456824317831e-15im, which is not real up to a relative tolerance of 2.220446049250313e-15 and an absolute tolerance of 2.220446049250313e-15. Taking the real part, which may not be accurate.
└ @ ITensorMPS ~/.julia/packages/ITensorMPS/fZDBz/src/abstractmps.jl:1246
┌ Warning: norm² is 3.5379009799262897e11 + 0.0007930132897805004im, which is not real up to a relative tolerance of 2.220446049250313e-15 and an absolute tolerance of 2.220446049250313e-15. Taking the real part, which may not be accurate.
└ @ ITensorMPS ~/.julia/packages/ITensorMPS/fZDBz/src/abstractmps.jl:1246
┌ Warning: norm² is 4.505479890442851e11 + 0.0012194151173902988im, which is not real up to a relative tolerance of 2.220446049250313e-15 and an absolute tolerance of 2.220446049250313e-15. Taking the real part, which may not be accurate.
└ @ ITensorMPS ~/.julia/packages/ITensorMPS/fZDBz/src/abstractmps.jl:1246
┌ Warning: norm² is 3.5338927494407605e11 - 0.0008124554684397968im, which is not real up to a relative tolerance of 2.220446049250313e-15 and an absolute tolerance of 2.220446049250313e-15. Taking the real part, which may not be accurate.
└ @ ITensorMPS ~/.julia/packages/ITensorMPS/fZDBz/src/abstractmps.jl:1246
┌ Warning: norm² is 5.2168123870347516e11 - 0.0013295416758890444im, which is not real up to a relative tolerance of 2.220446049250313e-15 and an absolute tolerance of 2.220446049250313e-15. Taking the real part, which may not be accurate.
└ @ ITensorMPS ~/.julia/packages/ITensorMPS/fZDBz/src/abstractmps.jl:1246
┌ Warning: norm² is 3.532774541227743e11 - 0.0008140123296889878im, which is not real up to a relative tolerance of 2.220446049250313e-15 and an absolute tolerance of 2.220446049250313e-15. Taking the real part, which may not be accurate.
└ @ ITensorMPS ~/.julia/packages/ITensorMPS/fZDBz/src/abstractmps.jl:1246
┌ Warning: log(norm²) is 1.0771315767263285 - 2.791041133724691e-15im, which is not real up to a relative tolerance of 2.220446049250313e-15 and an absolute tolerance of 2.220446049250313e-15. Taking the real part, which may not be accurate.
└ @ ITensorMPS ~/.julia/packages/ITensorMPS/fZDBz/src/abstractmps.jl:1271
┌ Warning: norm² is 2.8803907461868397 + 7.536991813499497e-15im, which is not real up to a relative tolerance of 2.220446049250313e-15 and an absolute tolerance of 2.220446049250313e-15. Taking the real part, which may not be accurate.
└ @ ITensorMPS ~/.julia/packages/ITensorMPS/fZDBz/src/abstractmps.jl:1246
┌ Warning: log(norm²) is 1.065524038767924 - 3.6126373846139235e-15im, which is not real up to a relative tolerance of 2.220446049250313e-15 and an absolute tolerance of 2.220446049250313e-15. Taking the real part, which may not be accurate.
└ @ ITensorMPS ~/.julia/packages/ITensorMPS/fZDBz/src/abstractmps.jl:1271
┌ Warning: norm² is 4.505543631681882e11 - 0.0010369638950404054im, which is not real up to a relative tolerance of 2.220446049250313e-15 and an absolute tolerance of 2.220446049250313e-15. Taking the real part, which may not be accurate.
└ @ ITensorMPS ~/.julia/packages/ITensorMPS/fZDBz/src/abstractmps.jl:1246
┌ Warning: norm² is 4.5054333737242633e11 + 0.001136111006322513im, which is not real up to a relative tolerance of 2.220446049250313e-15 and an absolute tolerance of 2.220446049250313e-15. Taking the real part, which may not be accurate.
└ @ ITensorMPS ~/.julia/packages/ITensorMPS/fZDBz/src/abstractmps.jl:1246
┌ Warning: norm² is 2.8975174892874973 + 8.674697023250908e-15im, which is not real up to a relative tolerance of 2.220446049250313e-15 and an absolute tolerance of 2.220446049250313e-15. Taking the real part, which may not be accurate.
└ @ ITensorMPS ~/.julia/packages/ITensorMPS/fZDBz/src/abstractmps.jl:1246
┌ Warning: norm² is 3.426107111262929e11 - 0.0007697442550104176im, which is not real up to a relative tolerance of 2.220446049250313e-15 and an absolute tolerance of 2.220446049250313e-15. Taking the real part, which may not be accurate.
└ @ ITensorMPS ~/.julia/packages/ITensorMPS/fZDBz/src/abstractmps.jl:1246
┌ Warning: norm² is 4.505840999981816e11 + 0.0011290916472673066im, which is not real up to a relative tolerance of 2.220446049250313e-15 and an absolute tolerance of 2.220446049250313e-15. Taking the real part, which may not be accurate.
└ @ ITensorMPS ~/.julia/packages/ITensorMPS/fZDBz/src/abstractmps.jl:1246
┌ Warning: norm² is 2.951101426449297 + 6.748368969180763e-15im, which is not real up to a relative tolerance of 2.220446049250313e-15 and an absolute tolerance of 2.220446049250313e-15. Taking the real part, which may not be accurate.
└ @ ITensorMPS ~/.julia/packages/ITensorMPS/fZDBz/src/abstractmps.jl:1246
┌ Warning: norm² is 4.505447475967978e11 - 0.0010267076995019813im, which is not real up to a relative tolerance of 2.220446049250313e-15 and an absolute tolerance of 2.220446049250313e-15. Taking the real part, which may not be accurate.
└ @ ITensorMPS ~/.julia/packages/ITensorMPS/fZDBz/src/abstractmps.jl:1246
┌ Warning: norm² is 4.5053223019748517e11 - 0.0010375197051537357im, which is not real up to a relative tolerance of 2.220446049250313e-15 and an absolute tolerance of 2.220446049250313e-15. Taking the real part, which may not be accurate.
└ @ ITensorMPS ~/.julia/packages/ITensorMPS/fZDBz/src/abstractmps.jl:1246
┌ Warning: norm² is 2.9030987052427233 + 7.719096321614135e-15im, which is not real up to a relative tolerance of 2.220446049250313e-15 and an absolute tolerance of 2.220446049250313e-15. Taking the real part, which may not be accurate.
└ @ ITensorMPS ~/.julia/packages/ITensorMPS/fZDBz/src/abstractmps.jl:1246
┌ Warning: norm² is 3.538836835452897e11 + 0.0008827028860978696im, which is not real up to a relative tolerance of 2.220446049250313e-15 and an absolute tolerance of 2.220446049250313e-15. Taking the real part, which may not be accurate.
└ @ ITensorMPS ~/.julia/packages/ITensorMPS/fZDBz/src/abstractmps.jl:1246
┌ Warning: log(norm²) is 1.0657366209072034 - 2.930137118345499e-15im, which is not real up to a relative tolerance of 2.220446049250313e-15 and an absolute tolerance of 2.220446049250313e-15. Taking the real part, which may not be accurate.
└ @ ITensorMPS ~/.julia/packages/ITensorMPS/fZDBz/src/abstractmps.jl:1271
┌ Warning: norm² is 2.902295005411993 - 7.657981019697838e-15im, which is not real up to a relative tolerance of 2.220446049250313e-15 and an absolute tolerance of 2.220446049250313e-15. Taking the real part, which may not be accurate.
└ @ ITensorMPS ~/.julia/packages/ITensorMPS/fZDBz/src/abstractmps.jl:1246
┌ Warning: norm² is 5.3223256267129376e11 + 0.0016236892227737571im, which is not real up to a relative tolerance of 2.220446049250313e-15 and an absolute tolerance of 2.220446049250313e-15. Taking the real part, which may not be accurate.
└ @ ITensorMPS ~/.julia/packages/ITensorMPS/fZDBz/src/abstractmps.jl:1246
┌ Warning: norm² is 5.313967748970911e11 + 0.0011981032991224985im, which is not real up to a relative tolerance of 2.220446049250313e-15 and an absolute tolerance of 2.220446049250313e-15. Taking the real part, which may not be accurate.
└ @ ITensorMPS ~/.julia/packages/ITensorMPS/fZDBz/src/abstractmps.jl:1246
┌ Warning: norm² is 2.936165654746131 - 7.657641497270328e-15im, which is not real up to a relative tolerance of 2.220446049250313e-15 and an absolute tolerance of 2.220446049250313e-15. Taking the real part, which may not be accurate.
└ @ ITensorMPS ~/.julia/packages/ITensorMPS/fZDBz/src/abstractmps.jl:1246
┌ Warning: norm² is 3.533582166799677e11 + 0.0009882806406973197im, which is not real up to a relative tolerance of 2.220446049250313e-15 and an absolute tolerance of 2.220446049250313e-15. Taking the real part, which may not be accurate.
└ @ ITensorMPS ~/.julia/packages/ITensorMPS/fZDBz/src/abstractmps.jl:1246
┌ Warning: norm² is 2.8772106001733424 - 9.729213237545655e-15im, which is not real up to a relative tolerance of 2.220446049250313e-15 and an absolute tolerance of 2.220446049250313e-15. Taking the real part, which may not be accurate.
└ @ ITensorMPS ~/.julia/packages/ITensorMPS/fZDBz/src/abstractmps.jl:1246
┌ Warning: norm² is 4.5053168039884894e11 + 0.0010557355210762025im, which is not real up to a relative tolerance of 2.220446049250313e-15 and an absolute tolerance of 2.220446049250313e-15. Taking the real part, which may not be accurate.
└ @ ITensorMPS ~/.julia/packages/ITensorMPS/fZDBz/src/abstractmps.jl:1246
┌ Warning: log(norm²) is 1.0770964561247243 + 2.5293664353139096e-15im, which is not real up to a relative tolerance of 2.220446049250313e-15 and an absolute tolerance of 2.220446049250313e-15. Taking the real part, which may not be accurate.
└ @ ITensorMPS ~/.julia/packages/ITensorMPS/fZDBz/src/abstractmps.jl:1271
┌ Warning: norm² is 4.5054276231856964e11 + 0.001177435688220224im, which is not real up to a relative tolerance of 2.220446049250313e-15 and an absolute tolerance of 2.220446049250313e-15. Taking the real part, which may not be accurate.
└ @ ITensorMPS ~/.julia/packages/ITensorMPS/fZDBz/src/abstractmps.jl:1246
┌ Warning: norm² is 2.9026168071466185 + 6.686283914531434e-15im, which is not real up to a relative tolerance of 2.220446049250313e-15 and an absolute tolerance of 2.220446049250313e-15. Taking the real part, which may not be accurate.
└ @ ITensorMPS ~/.julia/packages/ITensorMPS/fZDBz/src/abstractmps.jl:1246
┌ Warning: norm² is 2.8733555275497533 - 7.307857964464268e-15im, which is not real up to a relative tolerance of 2.220446049250313e-15 and an absolute tolerance of 2.220446049250313e-15. Taking the real part, which may not be accurate.
└ @ ITensorMPS ~/.julia/packages/ITensorMPS/fZDBz/src/abstractmps.jl:1246
┌ Warning: log(norm²) is 1.0579044829980495 - 2.408884982654523e-15im, which is not real up to a relative tolerance of 2.220446049250313e-15 and an absolute tolerance of 2.220446049250313e-15. Taking the real part, which may not be accurate.
└ @ ITensorMPS ~/.julia/packages/ITensorMPS/fZDBz/src/abstractmps.jl:1271
┌ Warning: norm² is 3.5331192524088403e11 + 0.0008115737487086925im, which is not real up to a relative tolerance of 2.220446049250313e-15 and an absolute tolerance of 2.220446049250313e-15. Taking the real part, which may not be accurate.
└ @ ITensorMPS ~/.julia/packages/ITensorMPS/fZDBz/src/abstractmps.jl:1246
┌ Warning: norm² is 2.9039680540581707 + 6.605651605572512e-15im, which is not real up to a relative tolerance of 2.220446049250313e-15 and an absolute tolerance of 2.220446049250313e-15. Taking the real part, which may not be accurate.
└ @ ITensorMPS ~/.julia/packages/ITensorMPS/fZDBz/src/abstractmps.jl:1246
┌ Warning: norm² is 2.936160568903611 - 8.48530728543557e-15im, which is not real up to a relative tolerance of 2.220446049250313e-15 and an absolute tolerance of 2.220446049250313e-15. Taking the real part, which may not be accurate.
└ @ ITensorMPS ~/.julia/packages/ITensorMPS/fZDBz/src/abstractmps.jl:1246
┌ Warning: norm² is 3.5383322646807e11 + 0.0008608273403488414im, which is not real up to a relative tolerance of 2.220446049250313e-15 and an absolute tolerance of 2.220446049250313e-15. Taking the real part, which may not be accurate.
└ @ ITensorMPS ~/.julia/packages/ITensorMPS/fZDBz/src/abstractmps.jl:1246
┌ Warning: norm² is 4.50557363109916e11 + 0.0011242377834868578im, which is not real up to a relative tolerance of 2.220446049250313e-15 and an absolute tolerance of 2.220446049250313e-15. Taking the real part, which may not be accurate.
└ @ ITensorMPS ~/.julia/packages/ITensorMPS/fZDBz/src/abstractmps.jl:1246
┌ Warning: norm² is 3.4201031055848956e11 - 0.0010081519162984023im, which is not real up to a relative tolerance of 2.220446049250313e-15 and an absolute tolerance of 2.220446049250313e-15. Taking the real part, which may not be accurate.
└ @ ITensorMPS ~/.julia/packages/ITensorMPS/fZDBz/src/abstractmps.jl:1246
┌ Warning: norm² is 4.5055560033669946e11 + 0.0010925625410188797im, which is not real up to a relative tolerance of 2.220446049250313e-15 and an absolute tolerance of 2.220446049250313e-15. Taking the real part, which may not be accurate.
└ @ ITensorMPS ~/.julia/packages/ITensorMPS/fZDBz/src/abstractmps.jl:1246
┌ Warning: log(norm²) is 1.065784838437784 + 2.5005406021293234e-15im, which is not real up to a relative tolerance of 2.220446049250313e-15 and an absolute tolerance of 2.220446049250313e-15. Taking the real part, which may not be accurate.
└ @ ITensorMPS ~/.julia/packages/ITensorMPS/fZDBz/src/abstractmps.jl:1271
┌ Warning: norm² is 2.936161207002843 + 7.782610264114401e-15im, which is not real up to a relative tolerance of 2.220446049250313e-15 and an absolute tolerance of 2.220446049250313e-15. Taking the real part, which may not be accurate.
└ @ ITensorMPS ~/.julia/packages/ITensorMPS/fZDBz/src/abstractmps.jl:1246
┌ Warning: norm² is 4.5055472344816034e11 - 0.0010459617164103102im, which is not real up to a relative tolerance of 2.220446049250313e-15 and an absolute tolerance of 2.220446049250313e-15. Taking the real part, which may not be accurate.
└ @ ITensorMPS ~/.julia/packages/ITensorMPS/fZDBz/src/abstractmps.jl:1246
┌ Warning: norm² is 4.5054684527605115e11 + 0.0012421994937089138im, which is not real up to a relative tolerance of 2.220446049250313e-15 and an absolute tolerance of 2.220446049250313e-15. Taking the real part, which may not be accurate.
└ @ ITensorMPS ~/.julia/packages/ITensorMPS/fZDBz/src/abstractmps.jl:1246
┌ Warning: norm² is 3.5383708998853015e11 + 0.0008838293490943807im, which is not real up to a relative tolerance of 2.220446049250313e-15 and an absolute tolerance of 2.220446049250313e-15. Taking the real part, which may not be accurate.
└ @ ITensorMPS ~/.julia/packages/ITensorMPS/fZDBz/src/abstractmps.jl:1246
┌ Warning: norm² is 2.9035351354915564 - 7.131763182783565e-15im, which is not real up to a relative tolerance of 2.220446049250313e-15 and an absolute tolerance of 2.220446049250313e-15. Taking the real part, which may not be accurate.
└ @ ITensorMPS ~/.julia/packages/ITensorMPS/fZDBz/src/abstractmps.jl:1246
┌ Warning: norm² is 3.533744941468166e11 + 0.0009052488758314139im, which is not real up to a relative tolerance of 2.220446049250313e-15 and an absolute tolerance of 2.220446049250313e-15. Taking the real part, which may not be accurate.
└ @ ITensorMPS ~/.julia/packages/ITensorMPS/fZDBz/src/abstractmps.jl:1246
┌ Warning: norm² is 4.5055272203051025e11 - 0.0010268825778713044im, which is not real up to a relative tolerance of 2.220446049250313e-15 and an absolute tolerance of 2.220446049250313e-15. Taking the real part, which may not be accurate.
└ @ ITensorMPS ~/.julia/packages/ITensorMPS/fZDBz/src/abstractmps.jl:1246
┌ Warning: norm² is 4.505549454945629e11 + 0.0012718139831272158im, which is not real up to a relative tolerance of 2.220446049250313e-15 and an absolute tolerance of 2.220446049250313e-15. Taking the real part, which may not be accurate.
└ @ ITensorMPS ~/.julia/packages/ITensorMPS/fZDBz/src/abstractmps.jl:1246
┌ Warning: norm² is 5.3085278068628516e11 + 0.0014251270768475897im, which is not real up to a relative tolerance of 2.220446049250313e-15 and an absolute tolerance of 2.220446049250313e-15. Taking the real part, which may not be accurate.
└ @ ITensorMPS ~/.julia/packages/ITensorMPS/fZDBz/src/abstractmps.jl:1246
┌ Warning: norm² is 3.53837356147154e11 - 0.0012936305828763384im, which is not real up to a relative tolerance of 2.220446049250313e-15 and an absolute tolerance of 2.220446049250313e-15. Taking the real part, which may not be accurate.
└ @ ITensorMPS ~/.julia/packages/ITensorMPS/fZDBz/src/abstractmps.jl:1246
┌ Warning: norm² is 5.3105201651736383e11 - 0.001226689478375977im, which is not real up to a relative tolerance of 2.220446049250313e-15 and an absolute tolerance of 2.220446049250313e-15. Taking the real part, which may not be accurate.
└ @ ITensorMPS ~/.julia/packages/ITensorMPS/fZDBz/src/abstractmps.jl:1246
┌ Warning: log(norm²) is 1.0657943057705568 + 2.3713061168303933e-15im, which is not real up to a relative tolerance of 2.220446049250313e-15 and an absolute tolerance of 2.220446049250313e-15. Taking the real part, which may not be accurate.
└ @ ITensorMPS ~/.julia/packages/ITensorMPS/fZDBz/src/abstractmps.jl:1271
┌ Warning: norm² is 5.3104100312966174e11 - 0.0013261567873062102im, which is not real up to a relative tolerance of 2.220446049250313e-15 and an absolute tolerance of 2.220446049250313e-15. Taking the real part, which may not be accurate.
└ @ ITensorMPS ~/.julia/packages/ITensorMPS/fZDBz/src/abstractmps.jl:1246
┌ Warning: norm² is 3.533178184270779e11 - 0.0008776443759855975im, which is not real up to a relative tolerance of 2.220446049250313e-15 and an absolute tolerance of 2.220446049250313e-15. Taking the real part, which may not be accurate.
└ @ ITensorMPS ~/.julia/packages/ITensorMPS/fZDBz/src/abstractmps.jl:1246
[ Info: [rtm_p0.3] T=8.0  converged@918  k=4  |θ0|=1.7039  gap=0.999  peak=0.7031  r=[2.6e-06,2.3e-06,2.9e-06,2.9e-06]  27165s
[ Info: Checking symmetry MPO tensor on physical(space) => bond(time) indices
┌ Warning: Tensor *not* symmetric (dim=2|id=284|"S=1/2,Site") <-> (dim=2|id=284|"S=1/2,Site")', normdiff = 0.22953505077375277
└ @ ITransverse ~/.julia/packages/ITransverse/8pmYI/src/ITenUtils/itensor_utils.jl:93
[ Info: Checking symmetry MPO tensor on bond(space) => phys(time) indices
┌ Warning: Tensor *not* symmetric (dim=7|id=979|"Link,l=1") <-> (dim=7|id=451|"Link,l=2"), normdiff = 1.222384963003563
└ @ ITransverse ~/.julia/packages/ITransverse/8pmYI/src/ITenUtils/itensor_utils.jl:93
[ Info: Checking symmetry MPO tensor on physical(space) => bond(time) indices
┌ Warning: Tensor *not* symmetric (dim=2|id=416|"S=1/2,Site") <-> (dim=2|id=416|"S=1/2,Site")', normdiff = 0.22953505077375277
└ @ ITransverse ~/.julia/packages/ITransverse/8pmYI/src/ITenUtils/itensor_utils.jl:93
[ Info: Checking symmetry MPO tensor on bond(space) => phys(time) indices
┌ Warning: Tensor *not* symmetric (dim=7|id=573|"Link,l=1") <-> (dim=7|id=938|"Link,l=2"), normdiff = 1.4845640750550888
└ @ ITransverse ~/.julia/packages/ITransverse/8pmYI/src/ITenUtils/itensor_utils.jl:93
┌ Warning: norm² is 1.194010240854544 - 3.034048617779736e-15im, which is not real up to a relative tolerance of 2.220446049250313e-15 and an absolute tolerance of 2.220446049250313e-15. Taking the real part, which may not be accurate.
└ @ ITensorMPS ~/.julia/packages/ITensorMPS/fZDBz/src/abstractmps.jl:1246
┌ Warning: log(norm²) is 0.26961051562108307 + 2.5912384333932885e-15im, which is not real up to a relative tolerance of 2.220446049250313e-15 and an absolute tolerance of 2.220446049250313e-15. Taking the real part, which may not be accurate.
└ @ ITensorMPS ~/.julia/packages/ITensorMPS/fZDBz/src/abstractmps.jl:1271
┌ Warning: norm² is 3.1200101304357037 - 9.502059012737288e-15im, which is not real up to a relative tolerance of 2.220446049250313e-15 and an absolute tolerance of 2.220446049250313e-15. Taking the real part, which may not be accurate.
└ @ ITensorMPS ~/.julia/packages/ITensorMPS/fZDBz/src/abstractmps.jl:1246
┌ Warning: log(norm²) is 0.41075751476793726 + 2.3323295816090734e-15im, which is not real up to a relative tolerance of 2.220446049250313e-15 and an absolute tolerance of 2.220446049250313e-15. Taking the real part, which may not be accurate.
└ @ ITensorMPS ~/.julia/packages/ITensorMPS/fZDBz/src/abstractmps.jl:1271
┌ Warning: log(norm²) is 0.8819364943736917 + 2.2350967046774606e-15im, which is not real up to a relative tolerance of 2.220446049250313e-15 and an absolute tolerance of 2.220446049250313e-15. Taking the real part, which may not be accurate.
└ @ ITensorMPS ~/.julia/packages/ITensorMPS/fZDBz/src/abstractmps.jl:1271
┌ Warning: log(norm²) is 0.8855752579265044 + 2.2801607805277884e-15im, which is not real up to a relative tolerance of 2.220446049250313e-15 and an absolute tolerance of 2.220446049250313e-15. Taking the real part, which may not be accurate.
└ @ ITensorMPS ~/.julia/packages/ITensorMPS/fZDBz/src/abstractmps.jl:1271
┌ Warning: norm² is 8.233870566033002e14 - 3.4645976981701097im, which is not real up to a relative tolerance of 2.220446049250313e-15 and an absolute tolerance of 2.220446049250313e-15. Taking the real part, which may not be accurate.
└ @ ITensorMPS ~/.julia/packages/ITensorMPS/fZDBz/src/abstractmps.jl:1246
┌ Warning: norm² is 9.81788352385002e13 - 0.22321524753351696im, which is not real up to a relative tolerance of 2.220446049250313e-15 and an absolute tolerance of 2.220446049250313e-15. Taking the real part, which may not be accurate.
└ @ ITensorMPS ~/.julia/packages/ITensorMPS/fZDBz/src/abstractmps.jl:1246
┌ Warning: norm² is 1.608931876734545e17 - 414.1468391120434im, which is not real up to a relative tolerance of 2.220446049250313e-15 and an absolute tolerance of 2.220446049250313e-15. Taking the real part, which may not be accurate.
└ @ ITensorMPS ~/.julia/packages/ITensorMPS/fZDBz/src/abstractmps.jl:1246
┌ Warning: norm² is 5.089578161964437e15 + 11.436760142445564im, which is not real up to a relative tolerance of 2.220446049250313e-15 and an absolute tolerance of 2.220446049250313e-15. Taking the real part, which may not be accurate.
└ @ ITensorMPS ~/.julia/packages/ITensorMPS/fZDBz/src/abstractmps.jl:1246
┌ Warning: log(norm²) is 0.36989780328775757 - 2.350481991043671e-15im, which is not real up to a relative tolerance of 2.220446049250313e-15 and an absolute tolerance of 2.220446049250313e-15. Taking the real part, which may not be accurate.
└ @ ITensorMPS ~/.julia/packages/ITensorMPS/fZDBz/src/abstractmps.jl:1271
┌ Warning: norm² is 1.5288814396104753 + 3.5320191801438546e-15im, which is not real up to a relative tolerance of 2.220446049250313e-15 and an absolute tolerance of 2.220446049250313e-15. Taking the real part, which may not be accurate.
└ @ ITensorMPS ~/.julia/packages/ITensorMPS/fZDBz/src/abstractmps.jl:1246
┌ Warning: log(norm²) is 1.2170073688725274 + 2.836218563285911e-15im, which is not real up to a relative tolerance of 2.220446049250313e-15 and an absolute tolerance of 2.220446049250313e-15. Taking the real part, which may not be accurate.
└ @ ITensorMPS ~/.julia/packages/ITensorMPS/fZDBz/src/abstractmps.jl:1271
┌ Warning: norm² is 3.6391525808765244e14 + 1.0601358576877828im, which is not real up to a relative tolerance of 2.220446049250313e-15 and an absolute tolerance of 2.220446049250313e-15. Taking the real part, which may not be accurate.
└ @ ITensorMPS ~/.julia/packages/ITensorMPS/fZDBz/src/abstractmps.jl:1246
┌ Warning: norm² is 3.5776598514401 - 8.469881379706197e-15im, which is not real up to a relative tolerance of 2.220446049250313e-15 and an absolute tolerance of 2.220446049250313e-15. Taking the real part, which may not be accurate.
└ @ ITensorMPS ~/.julia/packages/ITensorMPS/fZDBz/src/abstractmps.jl:1246
┌ Warning: log(norm²) is 0.7341270369438694 - 2.978782789469316e-15im, which is not real up to a relative tolerance of 2.220446049250313e-15 and an absolute tolerance of 2.220446049250313e-15. Taking the real part, which may not be accurate.
└ @ ITensorMPS ~/.julia/packages/ITensorMPS/fZDBz/src/abstractmps.jl:1271
┌ Warning: norm² is 1.9702444173846765 - 5.144218856192874e-15im, which is not real up to a relative tolerance of 2.220446049250313e-15 and an absolute tolerance of 2.220446049250313e-15. Taking the real part, which may not be accurate.
└ @ ITensorMPS ~/.julia/packages/ITensorMPS/fZDBz/src/abstractmps.jl:1246
┌ Warning: norm² is 3.8459672177839406 + 8.7897502432261e-15im, which is not real up to a relative tolerance of 2.220446049250313e-15 and an absolute tolerance of 2.220446049250313e-15. Taking the real part, which may not be accurate.
└ @ ITensorMPS ~/.julia/packages/ITensorMPS/fZDBz/src/abstractmps.jl:1246
┌ Warning: norm² is 5.2628616580403766e13 + 0.14344938575961663im, which is not real up to a relative tolerance of 2.220446049250313e-15 and an absolute tolerance of 2.220446049250313e-15. Taking the real part, which may not be accurate.
└ @ ITensorMPS ~/.julia/packages/ITensorMPS/fZDBz/src/abstractmps.jl:1246
┌ Warning: norm² is 1.6436932912256972e14 + 0.3663816358060785im, which is not real up to a relative tolerance of 2.220446049250313e-15 and an absolute tolerance of 2.220446049250313e-15. Taking the real part, which may not be accurate.
└ @ ITensorMPS ~/.julia/packages/ITensorMPS/fZDBz/src/abstractmps.jl:1246
┌ Warning: norm² is 1.83856334153919e14 - 0.5021906736826622im, which is not real up to a relative tolerance of 2.220446049250313e-15 and an absolute tolerance of 2.220446049250313e-15. Taking the real part, which may not be accurate.
└ @ ITensorMPS ~/.julia/packages/ITensorMPS/fZDBz/src/abstractmps.jl:1246
┌ Warning: norm² is 1.4248767928588073 - 3.6663334841031834e-15im, which is not real up to a relative tolerance of 2.220446049250313e-15 and an absolute tolerance of 2.220446049250313e-15. Taking the real part, which may not be accurate.
└ @ ITensorMPS ~/.julia/packages/ITensorMPS/fZDBz/src/abstractmps.jl:1246
┌ Warning: log(norm²) is 0.6792859175478442 - 2.508767472881891e-15im, which is not real up to a relative tolerance of 2.220446049250313e-15 and an absolute tolerance of 2.220446049250313e-15. Taking the real part, which may not be accurate.
└ @ ITensorMPS ~/.julia/packages/ITensorMPS/fZDBz/src/abstractmps.jl:1271
┌ Warning: norm² is 6.918393192679339e14 - 1.9773571805344545im, which is not real up to a relative tolerance of 2.220446049250313e-15 and an absolute tolerance of 2.220446049250313e-15. Taking the real part, which may not be accurate.
└ @ ITensorMPS ~/.julia/packages/ITensorMPS/fZDBz/src/abstractmps.jl:1246
┌ Warning: norm² is 2.335077716747676e15 + 5.85974497744246im, which is not real up to a relative tolerance of 2.220446049250313e-15 and an absolute tolerance of 2.220446049250313e-15. Taking the real part, which may not be accurate.
└ @ ITensorMPS ~/.julia/packages/ITensorMPS/fZDBz/src/abstractmps.jl:1246
┌ Warning: norm² is 6.202103723685686e14 + 1.5076814630865556im, which is not real up to a relative tolerance of 2.220446049250313e-15 and an absolute tolerance of 2.220446049250313e-15. Taking the real part, which may not be accurate.
└ @ ITensorMPS ~/.julia/packages/ITensorMPS/fZDBz/src/abstractmps.jl:1246
┌ Warning: norm² is 7.920649069436348e13 - 0.1978965110931803im, which is not real up to a relative tolerance of 2.220446049250313e-15 and an absolute tolerance of 2.220446049250313e-15. Taking the real part, which may not be accurate.
└ @ ITensorMPS ~/.julia/packages/ITensorMPS/fZDBz/src/abstractmps.jl:1246
┌ Warning: log(norm²) is 0.5296898785045647 - 2.298946681490988e-15im, which is not real up to a relative tolerance of 2.220446049250313e-15 and an absolute tolerance of 2.220446049250313e-15. Taking the real part, which may not be accurate.
└ @ ITensorMPS ~/.julia/packages/ITensorMPS/fZDBz/src/abstractmps.jl:1271
┌ Warning: log(norm²) is 0.6917207500941818 + 3.3956981191579094e-15im, which is not real up to a relative tolerance of 2.220446049250313e-15 and an absolute tolerance of 2.220446049250313e-15. Taking the real part, which may not be accurate.
└ @ ITensorMPS ~/.julia/packages/ITensorMPS/fZDBz/src/abstractmps.jl:1271
┌ Warning: log(norm²) is 0.9359332681833306 - 2.5843941740664034e-15im, which is not real up to a relative tolerance of 2.220446049250313e-15 and an absolute tolerance of 2.220446049250313e-15. Taking the real part, which may not be accurate.
└ @ ITensorMPS ~/.julia/packages/ITensorMPS/fZDBz/src/abstractmps.jl:1271
┌ Warning: log(norm²) is 0.8351420261363988 + 2.25076883453558e-15im, which is not real up to a relative tolerance of 2.220446049250313e-15 and an absolute tolerance of 2.220446049250313e-15. Taking the real part, which may not be accurate.
└ @ ITensorMPS ~/.julia/packages/ITensorMPS/fZDBz/src/abstractmps.jl:1271
┌ Warning: norm² is 1.36194750133101e14 - 0.4721844909307009im, which is not real up to a relative tolerance of 2.220446049250313e-15 and an absolute tolerance of 2.220446049250313e-15. Taking the real part, which may not be accurate.
└ @ ITensorMPS ~/.julia/packages/ITensorMPS/fZDBz/src/abstractmps.jl:1246
┌ Warning: norm² is 2.5805569771697275e14 + 0.8191844495381702im, which is not real up to a relative tolerance of 2.220446049250313e-15 and an absolute tolerance of 2.220446049250313e-15. Taking the real part, which may not be accurate.
└ @ ITensorMPS ~/.julia/packages/ITensorMPS/fZDBz/src/abstractmps.jl:1246
┌ Warning: norm² is 1.9555365546026978e14 - 0.4744237751892797im, which is not real up to a relative tolerance of 2.220446049250313e-15 and an absolute tolerance of 2.220446049250313e-15. Taking the real part, which may not be accurate.
└ @ ITensorMPS ~/.julia/packages/ITensorMPS/fZDBz/src/abstractmps.jl:1246
┌ Warning: log(norm²) is 0.6073609144610165 + 2.295089013921036e-15im, which is not real up to a relative tolerance of 2.220446049250313e-15 and an absolute tolerance of 2.220446049250313e-15. Taking the real part, which may not be accurate.
└ @ ITensorMPS ~/.julia/packages/ITensorMPS/fZDBz/src/abstractmps.jl:1271
┌ Warning: norm² is 1.8874052523675198 + 4.970541357049932e-15im, which is not real up to a relative tolerance of 2.220446049250313e-15 and an absolute tolerance of 2.220446049250313e-15. Taking the real part, which may not be accurate.
└ @ ITensorMPS ~/.julia/packages/ITensorMPS/fZDBz/src/abstractmps.jl:1246
┌ Warning: log(norm²) is 0.6352030034599299 + 2.3654849176803125e-15im, which is not real up to a relative tolerance of 2.220446049250313e-15 and an absolute tolerance of 2.220446049250313e-15. Taking the real part, which may not be accurate.
└ @ ITensorMPS ~/.julia/packages/ITensorMPS/fZDBz/src/abstractmps.jl:1271
┌ Warning: norm² is 1.8886742785119956e14 + 0.6665916673706533im, which is not real up to a relative tolerance of 2.220446049250313e-15 and an absolute tolerance of 2.220446049250313e-15. Taking the real part, which may not be accurate.
└ @ ITensorMPS ~/.julia/packages/ITensorMPS/fZDBz/src/abstractmps.jl:1246
┌ Warning: norm² is 6.623398048729296e14 - 1.7255294210549437im, which is not real up to a relative tolerance of 2.220446049250313e-15 and an absolute tolerance of 2.220446049250313e-15. Taking the real part, which may not be accurate.
└ @ ITensorMPS ~/.julia/packages/ITensorMPS/fZDBz/src/abstractmps.jl:1246
┌ Warning: norm² is 1.440284628751542e14 - 0.33892151712086616im, which is not real up to a relative tolerance of 2.220446049250313e-15 and an absolute tolerance of 2.220446049250313e-15. Taking the real part, which may not be accurate.
└ @ ITensorMPS ~/.julia/packages/ITensorMPS/fZDBz/src/abstractmps.jl:1246
┌ Warning: norm² is 1.242690091568356e14 - 0.32357693996959824im, which is not real up to a relative tolerance of 2.220446049250313e-15 and an absolute tolerance of 2.220446049250313e-15. Taking the real part, which may not be accurate.
└ @ ITensorMPS ~/.julia/packages/ITensorMPS/fZDBz/src/abstractmps.jl:1246
┌ Warning: log(norm²) is 0.9368867810765595 - 2.549193639886073e-15im, which is not real up to a relative tolerance of 2.220446049250313e-15 and an absolute tolerance of 2.220446049250313e-15. Taking the real part, which may not be accurate.
└ @ ITensorMPS ~/.julia/packages/ITensorMPS/fZDBz/src/abstractmps.jl:1271
┌ Warning: norm² is 6.093763446395264e14 - 1.4227419648973694im, which is not real up to a relative tolerance of 2.220446049250313e-15 and an absolute tolerance of 2.220446049250313e-15. Taking the real part, which may not be accurate.
└ @ ITensorMPS ~/.julia/packages/ITensorMPS/fZDBz/src/abstractmps.jl:1246
┌ Warning: log(norm²) is -0.11611721515088613 + 2.2323144823326642e-15im, which is not real up to a relative tolerance of 2.220446049250313e-15 and an absolute tolerance of 2.220446049250313e-15. Taking the real part, which may not be accurate.
└ @ ITensorMPS ~/.julia/packages/ITensorMPS/fZDBz/src/abstractmps.jl:1271
┌ Warning: log(norm²) is -0.5293865187650685 + 2.314262603104737e-15im, which is not real up to a relative tolerance of 2.220446049250313e-15 and an absolute tolerance of 2.220446049250313e-15. Taking the real part, which may not be accurate.
└ @ ITensorMPS ~/.julia/packages/ITensorMPS/fZDBz/src/abstractmps.jl:1271
┌ Warning: norm² is 4.951246085194304e14 - 1.127139476895536im, which is not real up to a relative tolerance of 2.220446049250313e-15 and an absolute tolerance of 2.220446049250313e-15. Taking the real part, which may not be accurate.
└ @ ITensorMPS ~/.julia/packages/ITensorMPS/fZDBz/src/abstractmps.jl:1246
┌ Warning: norm² is 1.1180213203079031e14 - 0.3749229255956834im, which is not real up to a relative tolerance of 2.220446049250313e-15 and an absolute tolerance of 2.220446049250313e-15. Taking the real part, which may not be accurate.
└ @ ITensorMPS ~/.julia/packages/ITensorMPS/fZDBz/src/abstractmps.jl:1246
┌ Warning: norm² is 4.384668360997579e14 + 1.155847356434471im, which is not real up to a relative tolerance of 2.220446049250313e-15 and an absolute tolerance of 2.220446049250313e-15. Taking the real part, which may not be accurate.
└ @ ITensorMPS ~/.julia/packages/ITensorMPS/fZDBz/src/abstractmps.jl:1246
┌ Warning: norm² is 1.1987121899094047e14 - 0.284480668437169im, which is not real up to a relative tolerance of 2.220446049250313e-15 and an absolute tolerance of 2.220446049250313e-15. Taking the real part, which may not be accurate.
└ @ ITensorMPS ~/.julia/packages/ITensorMPS/fZDBz/src/abstractmps.jl:1246
┌ Warning: norm² is 2.8570346417633488 - 6.931530836748288e-15im, which is not real up to a relative tolerance of 2.220446049250313e-15 and an absolute tolerance of 2.220446049250313e-15. Taking the real part, which may not be accurate.
└ @ ITensorMPS ~/.julia/packages/ITensorMPS/fZDBz/src/abstractmps.jl:1246
┌ Warning: norm² is 1.316632575811844e14 - 0.33589905107783125im, which is not real up to a relative tolerance of 2.220446049250313e-15 and an absolute tolerance of 2.220446049250313e-15. Taking the real part, which may not be accurate.
└ @ ITensorMPS ~/.julia/packages/ITensorMPS/fZDBz/src/abstractmps.jl:1246
┌ Warning: norm² is 1.0644458734268538e14 - 0.2672442911706412im, which is not real up to a relative tolerance of 2.220446049250313e-15 and an absolute tolerance of 2.220446049250313e-15. Taking the real part, which may not be accurate.
└ @ ITensorMPS ~/.julia/packages/ITensorMPS/fZDBz/src/abstractmps.jl:1246
┌ Warning: log(norm²) is 0.4209108527537086 - 2.266220125904137e-15im, which is not real up to a relative tolerance of 2.220446049250313e-15 and an absolute tolerance of 2.220446049250313e-15. Taking the real part, which may not be accurate.
└ @ ITensorMPS ~/.julia/packages/ITensorMPS/fZDBz/src/abstractmps.jl:1271
┌ Warning: norm² is 2.0235172748789152e13 - 0.0521918127255141im, which is not real up to a relative tolerance of 2.220446049250313e-15 and an absolute tolerance of 2.220446049250313e-15. Taking the real part, which may not be accurate.
└ @ ITensorMPS ~/.julia/packages/ITensorMPS/fZDBz/src/abstractmps.jl:1246
┌ Warning: norm² is 2.8098421565458467 + 7.456043921959448e-15im, which is not real up to a relative tolerance of 2.220446049250313e-15 and an absolute tolerance of 2.220446049250313e-15. Taking the real part, which may not be accurate.
└ @ ITensorMPS ~/.julia/packages/ITensorMPS/fZDBz/src/abstractmps.jl:1246
┌ Warning: norm² is 1.6738238361288212e14 - 0.39039009091882804im, which is not real up to a relative tolerance of 2.220446049250313e-15 and an absolute tolerance of 2.220446049250313e-15. Taking the real part, which may not be accurate.
└ @ ITensorMPS ~/.julia/packages/ITensorMPS/fZDBz/src/abstractmps.jl:1246
┌ Warning: norm² is 6.879627191900313e13 - 0.15483373171178982im, which is not real up to a relative tolerance of 2.220446049250313e-15 and an absolute tolerance of 2.220446049250313e-15. Taking the real part, which may not be accurate.
└ @ ITensorMPS ~/.julia/packages/ITensorMPS/fZDBz/src/abstractmps.jl:1246
┌ Warning: norm² is 5.583789123579404e13 + 0.1418139024831362im, which is not real up to a relative tolerance of 2.220446049250313e-15 and an absolute tolerance of 2.220446049250313e-15. Taking the real part, which may not be accurate.
└ @ ITensorMPS ~/.julia/packages/ITensorMPS/fZDBz/src/abstractmps.jl:1246
┌ Warning: log(norm²) is 0.393744337853836 + 2.3910179769769516e-15im, which is not real up to a relative tolerance of 2.220446049250313e-15 and an absolute tolerance of 2.220446049250313e-15. Taking the real part, which may not be accurate.
└ @ ITensorMPS ~/.julia/packages/ITensorMPS/fZDBz/src/abstractmps.jl:1271
┌ Warning: norm² is 1.3854513595220062e14 + 0.4249989225916124im, which is not real up to a relative tolerance of 2.220446049250313e-15 and an absolute tolerance of 2.220446049250313e-15. Taking the real part, which may not be accurate.
└ @ ITensorMPS ~/.julia/packages/ITensorMPS/fZDBz/src/abstractmps.jl:1246
┌ Warning: norm² is 3.015011946841942e13 + 0.08991070332353246im, which is not real up to a relative tolerance of 2.220446049250313e-15 and an absolute tolerance of 2.220446049250313e-15. Taking the real part, which may not be accurate.
└ @ ITensorMPS ~/.julia/packages/ITensorMPS/fZDBz/src/abstractmps.jl:1246
┌ Warning: norm² is 1.322319516673635e14 + 0.3950418129389277im, which is not real up to a relative tolerance of 2.220446049250313e-15 and an absolute tolerance of 2.220446049250313e-15. Taking the real part, which may not be accurate.
└ @ ITensorMPS ~/.julia/packages/ITensorMPS/fZDBz/src/abstractmps.jl:1246
┌ Warning: norm² is 2.6472438829369165 + 7.0297876528944204e-15im, which is not real up to a relative tolerance of 2.220446049250313e-15 and an absolute tolerance of 2.220446049250313e-15. Taking the real part, which may not be accurate.
└ @ ITensorMPS ~/.julia/packages/ITensorMPS/fZDBz/src/abstractmps.jl:1246
┌ Warning: norm² is 1.0230399921017394e14 + 0.30097733363183465im, which is not real up to a relative tolerance of 2.220446049250313e-15 and an absolute tolerance of 2.220446049250313e-15. Taking the real part, which may not be accurate.
└ @ ITensorMPS ~/.julia/packages/ITensorMPS/fZDBz/src/abstractmps.jl:1246
┌ Warning: norm² is 2.183580673438812 - 6.286777631896174e-15im, which is not real up to a relative tolerance of 2.220446049250313e-15 and an absolute tolerance of 2.220446049250313e-15. Taking the real part, which may not be accurate.
└ @ ITensorMPS ~/.julia/packages/ITensorMPS/fZDBz/src/abstractmps.jl:1246
┌ Warning: log(norm²) is 0.5856724537241047 - 2.335739463008481e-15im, which is not real up to a relative tolerance of 2.220446049250313e-15 and an absolute tolerance of 2.220446049250313e-15. Taking the real part, which may not be accurate.
└ @ ITensorMPS ~/.julia/packages/ITensorMPS/fZDBz/src/abstractmps.jl:1271
┌ Warning: norm² is 2.7710672572945293e13 + 0.06867998973318085im, which is not real up to a relative tolerance of 2.220446049250313e-15 and an absolute tolerance of 2.220446049250313e-15. Taking the real part, which may not be accurate.
└ @ ITensorMPS ~/.julia/packages/ITensorMPS/fZDBz/src/abstractmps.jl:1246
┌ Warning: norm² is 1.446488535384965e14 - 0.3333420786688066im, which is not real up to a relative tolerance of 2.220446049250313e-15 and an absolute tolerance of 2.220446049250313e-15. Taking the real part, which may not be accurate.
└ @ ITensorMPS ~/.julia/packages/ITensorMPS/fZDBz/src/abstractmps.jl:1246
┌ Warning: norm² is 2.28090888048923 - 5.6194344630389035e-15im, which is not real up to a relative tolerance of 2.220446049250313e-15 and an absolute tolerance of 2.220446049250313e-15. Taking the real part, which may not be accurate.
└ @ ITensorMPS ~/.julia/packages/ITensorMPS/fZDBz/src/abstractmps.jl:1246
┌ Warning: log(norm²) is 0.8245739953273258 - 2.3777058360156305e-15im, which is not real up to a relative tolerance of 2.220446049250313e-15 and an absolute tolerance of 2.220446049250313e-15. Taking the real part, which may not be accurate.
└ @ ITensorMPS ~/.julia/packages/ITensorMPS/fZDBz/src/abstractmps.jl:1271
┌ Warning: norm² is 6.4790092005366805e13 + 0.14455137519115624im, which is not real up to a relative tolerance of 2.220446049250313e-15 and an absolute tolerance of 2.220446049250313e-15. Taking the real part, which may not be accurate.
└ @ ITensorMPS ~/.julia/packages/ITensorMPS/fZDBz/src/abstractmps.jl:1246
┌ Warning: log(norm²) is 1.0018916946185568 - 2.2476385088989457e-15im, which is not real up to a relative tolerance of 2.220446049250313e-15 and an absolute tolerance of 2.220446049250313e-15. Taking the real part, which may not be accurate.
└ @ ITensorMPS ~/.julia/packages/ITensorMPS/fZDBz/src/abstractmps.jl:1271
┌ Warning: norm² is 2.5460219002622164e13 - 0.05666635070898529im, which is not real up to a relative tolerance of 2.220446049250313e-15 and an absolute tolerance of 2.220446049250313e-15. Taking the real part, which may not be accurate.
└ @ ITensorMPS ~/.julia/packages/ITensorMPS/fZDBz/src/abstractmps.jl:1246
┌ Warning: log(norm²) is 0.8330770161024951 - 2.6826321612412403e-15im, which is not real up to a relative tolerance of 2.220446049250313e-15 and an absolute tolerance of 2.220446049250313e-15. Taking the real part, which may not be accurate.
└ @ ITensorMPS ~/.julia/packages/ITensorMPS/fZDBz/src/abstractmps.jl:1271
┌ Warning: norm² is 3.2599071362722096 + 7.986004402302842e-15im, which is not real up to a relative tolerance of 2.220446049250313e-15 and an absolute tolerance of 2.220446049250313e-15. Taking the real part, which may not be accurate.
└ @ ITensorMPS ~/.julia/packages/ITensorMPS/fZDBz/src/abstractmps.jl:1246
┌ Warning: norm² is 4.484441436612943e13 - 0.10543260274380373im, which is not real up to a relative tolerance of 2.220446049250313e-15 and an absolute tolerance of 2.220446049250313e-15. Taking the real part, which may not be accurate.
└ @ ITensorMPS ~/.julia/packages/ITensorMPS/fZDBz/src/abstractmps.jl:1246
┌ Warning: log(norm²) is 0.9548691083550631 + 2.9644012620674285e-15im, which is not real up to a relative tolerance of 2.220446049250313e-15 and an absolute tolerance of 2.220446049250313e-15. Taking the real part, which may not be accurate.
└ @ ITensorMPS ~/.julia/packages/ITensorMPS/fZDBz/src/abstractmps.jl:1271
┌ Warning: norm² is 7.017760133576451e13 + 0.26683558514957895im, which is not real up to a relative tolerance of 2.220446049250313e-15 and an absolute tolerance of 2.220446049250313e-15. Taking the real part, which may not be accurate.
└ @ ITensorMPS ~/.julia/packages/ITensorMPS/fZDBz/src/abstractmps.jl:1246
┌ Warning: norm² is 1.471370839086213e14 + 0.4347082216825129im, which is not real up to a relative tolerance of 2.220446049250313e-15 and an absolute tolerance of 2.220446049250313e-15. Taking the real part, which may not be accurate.
└ @ ITensorMPS ~/.julia/packages/ITensorMPS/fZDBz/src/abstractmps.jl:1246
┌ Warning: norm² is 2.4547036197779795 - 5.82660672604774e-15im, which is not real up to a relative tolerance of 2.220446049250313e-15 and an absolute tolerance of 2.220446049250313e-15. Taking the real part, which may not be accurate.
└ @ ITensorMPS ~/.julia/packages/ITensorMPS/fZDBz/src/abstractmps.jl:1246
┌ Warning: norm² is 2.9550221617956467 - 8.667105448927627e-15im, which is not real up to a relative tolerance of 2.220446049250313e-15 and an absolute tolerance of 2.220446049250313e-15. Taking the real part, which may not be accurate.
└ @ ITensorMPS ~/.julia/packages/ITensorMPS/fZDBz/src/abstractmps.jl:1246
┌ Warning: norm² is 2.320242944416071e13 - 0.054237740087337644im, which is not real up to a relative tolerance of 2.220446049250313e-15 and an absolute tolerance of 2.220446049250313e-15. Taking the real part, which may not be accurate.
└ @ ITensorMPS ~/.julia/packages/ITensorMPS/fZDBz/src/abstractmps.jl:1246
┌ Warning: norm² is 1.2626361499475558 - 3.716844646789299e-15im, which is not real up to a relative tolerance of 2.220446049250313e-15 and an absolute tolerance of 2.220446049250313e-15. Taking the real part, which may not be accurate.
└ @ ITensorMPS ~/.julia/packages/ITensorMPS/fZDBz/src/abstractmps.jl:1246
┌ Warning: norm² is 8.738421781435961e13 + 0.2115203755848114im, which is not real up to a relative tolerance of 2.220446049250313e-15 and an absolute tolerance of 2.220446049250313e-15. Taking the real part, which may not be accurate.
└ @ ITensorMPS ~/.julia/packages/ITensorMPS/fZDBz/src/abstractmps.jl:1246
┌ Warning: log(norm²) is 0.9734358655972714 - 2.3280654260742373e-15im, which is not real up to a relative tolerance of 2.220446049250313e-15 and an absolute tolerance of 2.220446049250313e-15. Taking the real part, which may not be accurate.
└ @ ITensorMPS ~/.julia/packages/ITensorMPS/fZDBz/src/abstractmps.jl:1271
┌ Warning: norm² is 3.124846444410945e13 + 0.14773493345840194im, which is not real up to a relative tolerance of 2.220446049250313e-15 and an absolute tolerance of 2.220446049250313e-15. Taking the real part, which may not be accurate.
└ @ ITensorMPS ~/.julia/packages/ITensorMPS/fZDBz/src/abstractmps.jl:1246
┌ Warning: norm² is 2.8015968688518176e13 - 0.06898434652963203im, which is not real up to a relative tolerance of 2.220446049250313e-15 and an absolute tolerance of 2.220446049250313e-15. Taking the real part, which may not be accurate.
└ @ ITensorMPS ~/.julia/packages/ITensorMPS/fZDBz/src/abstractmps.jl:1246
┌ Warning: norm² is 2.1882280422516133e13 - 0.05136959361953686im, which is not real up to a relative tolerance of 2.220446049250313e-15 and an absolute tolerance of 2.220446049250313e-15. Taking the real part, which may not be accurate.
└ @ ITensorMPS ~/.julia/packages/ITensorMPS/fZDBz/src/abstractmps.jl:1246
┌ Warning: norm² is 2.830498699060657 + 6.585430861082802e-15im, which is not real up to a relative tolerance of 2.220446049250313e-15 and an absolute tolerance of 2.220446049250313e-15. Taking the real part, which may not be accurate.
└ @ ITensorMPS ~/.julia/packages/ITensorMPS/fZDBz/src/abstractmps.jl:1246
┌ Warning: log(norm²) is 1.049126972125415 + 2.3812212324980817e-15im, which is not real up to a relative tolerance of 2.220446049250313e-15 and an absolute tolerance of 2.220446049250313e-15. Taking the real part, which may not be accurate.
└ @ ITensorMPS ~/.julia/packages/ITensorMPS/fZDBz/src/abstractmps.jl:1271
┌ Warning: norm² is 2.916820012868093 + 6.493539421867647e-15im, which is not real up to a relative tolerance of 2.220446049250313e-15 and an absolute tolerance of 2.220446049250313e-15. Taking the real part, which may not be accurate.
└ @ ITensorMPS ~/.julia/packages/ITensorMPS/fZDBz/src/abstractmps.jl:1246
┌ Warning: norm² is 1.7785064600440438e13 - 0.044464725139644834im, which is not real up to a relative tolerance of 2.220446049250313e-15 and an absolute tolerance of 2.220446049250313e-15. Taking the real part, which may not be accurate.
└ @ ITensorMPS ~/.julia/packages/ITensorMPS/fZDBz/src/abstractmps.jl:1246
┌ Warning: norm² is 1.3777620567228834e13 + 0.032809713688033426im, which is not real up to a relative tolerance of 2.220446049250313e-15 and an absolute tolerance of 2.220446049250313e-15. Taking the real part, which may not be accurate.
└ @ ITensorMPS ~/.julia/packages/ITensorMPS/fZDBz/src/abstractmps.jl:1246
┌ Warning: norm² is 1.7286971361040396e13 + 0.03889539246349932im, which is not real up to a relative tolerance of 2.220446049250313e-15 and an absolute tolerance of 2.220446049250313e-15. Taking the real part, which may not be accurate.
└ @ ITensorMPS ~/.julia/packages/ITensorMPS/fZDBz/src/abstractmps.jl:1246
┌ Warning: log(norm²) is 0.981762825285591 - 2.8672126280193768e-15im, which is not real up to a relative tolerance of 2.220446049250313e-15 and an absolute tolerance of 2.220446049250313e-15. Taking the real part, which may not be accurate.
└ @ ITensorMPS ~/.julia/packages/ITensorMPS/fZDBz/src/abstractmps.jl:1271
┌ Warning: norm² is 3.301061306121027 + 9.742792692197267e-15im, which is not real up to a relative tolerance of 2.220446049250313e-15 and an absolute tolerance of 2.220446049250313e-15. Taking the real part, which may not be accurate.
└ @ ITensorMPS ~/.julia/packages/ITensorMPS/fZDBz/src/abstractmps.jl:1246
┌ Warning: log(norm²) is 1.1238996007642696 + 3.701064954367521e-15im, which is not real up to a relative tolerance of 2.220446049250313e-15 and an absolute tolerance of 2.220446049250313e-15. Taking the real part, which may not be accurate.
└ @ ITensorMPS ~/.julia/packages/ITensorMPS/fZDBz/src/abstractmps.jl:1271
┌ Warning: norm² is 3.549718076128015e13 + 0.07978111519900466im, which is not real up to a relative tolerance of 2.220446049250313e-15 and an absolute tolerance of 2.220446049250313e-15. Taking the real part, which may not be accurate.
└ @ ITensorMPS ~/.julia/packages/ITensorMPS/fZDBz/src/abstractmps.jl:1246
┌ Warning: norm² is 2.998520716175238 - 7.10408957353114e-15im, which is not real up to a relative tolerance of 2.220446049250313e-15 and an absolute tolerance of 2.220446049250313e-15. Taking the real part, which may not be accurate.
└ @ ITensorMPS ~/.julia/packages/ITensorMPS/fZDBz/src/abstractmps.jl:1246
┌ Warning: norm² is 4.396667155746771e13 - 0.10448628554610195im, which is not real up to a relative tolerance of 2.220446049250313e-15 and an absolute tolerance of 2.220446049250313e-15. Taking the real part, which may not be accurate.
└ @ ITensorMPS ~/.julia/packages/ITensorMPS/fZDBz/src/abstractmps.jl:1246
┌ Warning: log(norm²) is 1.001103225386777 + 2.264530915676098e-15im, which is not real up to a relative tolerance of 2.220446049250313e-15 and an absolute tolerance of 2.220446049250313e-15. Taking the real part, which may not be accurate.
└ @ ITensorMPS ~/.julia/packages/ITensorMPS/fZDBz/src/abstractmps.jl:1271
┌ Warning: norm² is 2.8594511786479244 + 6.514420182702333e-15im, which is not real up to a relative tolerance of 2.220446049250313e-15 and an absolute tolerance of 2.220446049250313e-15. Taking the real part, which may not be accurate.
└ @ ITensorMPS ~/.julia/packages/ITensorMPS/fZDBz/src/abstractmps.jl:1246
┌ Warning: norm² is 2.525554736982332 - 5.692597996552436e-15im, which is not real up to a relative tolerance of 2.220446049250313e-15 and an absolute tolerance of 2.220446049250313e-15. Taking the real part, which may not be accurate.
└ @ ITensorMPS ~/.julia/packages/ITensorMPS/fZDBz/src/abstractmps.jl:1246
┌ Warning: norm² is 1.6523418093517066e13 - 0.039929159510749185im, which is not real up to a relative tolerance of 2.220446049250313e-15 and an absolute tolerance of 2.220446049250313e-15. Taking the real part, which may not be accurate.
└ @ ITensorMPS ~/.julia/packages/ITensorMPS/fZDBz/src/abstractmps.jl:1246
┌ Warning: norm² is 1.4695331136300848e13 - 0.03492821961811954im, which is not real up to a relative tolerance of 2.220446049250313e-15 and an absolute tolerance of 2.220446049250313e-15. Taking the real part, which may not be accurate.
└ @ ITensorMPS ~/.julia/packages/ITensorMPS/fZDBz/src/abstractmps.jl:1246
┌ Warning: norm² is 3.4746723119764258e13 + 0.09527682218096345im, which is not real up to a relative tolerance of 2.220446049250313e-15 and an absolute tolerance of 2.220446049250313e-15. Taking the real part, which may not be accurate.
└ @ ITensorMPS ~/.julia/packages/ITensorMPS/fZDBz/src/abstractmps.jl:1246
┌ Warning: log(norm²) is 1.212751923076202 + 3.421646090935752e-15im, which is not real up to a relative tolerance of 2.220446049250313e-15 and an absolute tolerance of 2.220446049250313e-15. Taking the real part, which may not be accurate.
└ @ ITensorMPS ~/.julia/packages/ITensorMPS/fZDBz/src/abstractmps.jl:1271
┌ Warning: norm² is 3.447775385372177e13 - 0.10101929643062135im, which is not real up to a relative tolerance of 2.220446049250313e-15 and an absolute tolerance of 2.220446049250313e-15. Taking the real part, which may not be accurate.
└ @ ITensorMPS ~/.julia/packages/ITensorMPS/fZDBz/src/abstractmps.jl:1246
┌ Warning: norm² is 1.2219096290176166e13 + 0.03018001423529315im, which is not real up to a relative tolerance of 2.220446049250313e-15 and an absolute tolerance of 2.220446049250313e-15. Taking the real part, which may not be accurate.
└ @ ITensorMPS ~/.julia/packages/ITensorMPS/fZDBz/src/abstractmps.jl:1246
┌ Warning: log(norm²) is 1.0848869395294045 - 2.893674946845818e-15im, which is not real up to a relative tolerance of 2.220446049250313e-15 and an absolute tolerance of 2.220446049250313e-15. Taking the real part, which may not be accurate.
└ @ ITensorMPS ~/.julia/packages/ITensorMPS/fZDBz/src/abstractmps.jl:1271
┌ Warning: norm² is 2.4144388776502336e13 - 0.06349325936536587im, which is not real up to a relative tolerance of 2.220446049250313e-15 and an absolute tolerance of 2.220446049250313e-15. Taking the real part, which may not be accurate.
└ @ ITensorMPS ~/.julia/packages/ITensorMPS/fZDBz/src/abstractmps.jl:1246
┌ Warning: norm² is 1.2233603634521812e13 - 0.03339021775997275im, which is not real up to a relative tolerance of 2.220446049250313e-15 and an absolute tolerance of 2.220446049250313e-15. Taking the real part, which may not be accurate.
└ @ ITensorMPS ~/.julia/packages/ITensorMPS/fZDBz/src/abstractmps.jl:1246
┌ Warning: norm² is 1.811064599169098e13 - 0.0468339464252816im, which is not real up to a relative tolerance of 2.220446049250313e-15 and an absolute tolerance of 2.220446049250313e-15. Taking the real part, which may not be accurate.
└ @ ITensorMPS ~/.julia/packages/ITensorMPS/fZDBz/src/abstractmps.jl:1246
┌ Warning: norm² is 2.8367596090306266 + 6.309136165758588e-15im, which is not real up to a relative tolerance of 2.220446049250313e-15 and an absolute tolerance of 2.220446049250313e-15. Taking the real part, which may not be accurate.
└ @ ITensorMPS ~/.julia/packages/ITensorMPS/fZDBz/src/abstractmps.jl:1246
┌ Warning: norm² is 2.9634634939642077 + 6.697420693469216e-15im, which is not real up to a relative tolerance of 2.220446049250313e-15 and an absolute tolerance of 2.220446049250313e-15. Taking the real part, which may not be accurate.
└ @ ITensorMPS ~/.julia/packages/ITensorMPS/fZDBz/src/abstractmps.jl:1246
┌ Warning: norm² is 4.566899072068109e13 - 0.11532151540576763im, which is not real up to a relative tolerance of 2.220446049250313e-15 and an absolute tolerance of 2.220446049250313e-15. Taking the real part, which may not be accurate.
└ @ ITensorMPS ~/.julia/packages/ITensorMPS/fZDBz/src/abstractmps.jl:1246
┌ Warning: log(norm²) is 0.9968664607183437 - 3.238883981613279e-15im, which is not real up to a relative tolerance of 2.220446049250313e-15 and an absolute tolerance of 2.220446049250313e-15. Taking the real part, which may not be accurate.
└ @ ITensorMPS ~/.julia/packages/ITensorMPS/fZDBz/src/abstractmps.jl:1271
┌ Warning: log(norm²) is 1.0609311016563134 + 2.6098698582721043e-15im, which is not real up to a relative tolerance of 2.220446049250313e-15 and an absolute tolerance of 2.220446049250313e-15. Taking the real part, which may not be accurate.
└ @ ITensorMPS ~/.julia/packages/ITensorMPS/fZDBz/src/abstractmps.jl:1271
┌ Warning: norm² is 5.299397573026464e13 - 0.12688071041139182im, which is not real up to a relative tolerance of 2.220446049250313e-15 and an absolute tolerance of 2.220446049250313e-15. Taking the real part, which may not be accurate.
└ @ ITensorMPS ~/.julia/packages/ITensorMPS/fZDBz/src/abstractmps.jl:1246
┌ Warning: log(norm²) is 1.1117739349064855 - 3.6197877197522874e-15im, which is not real up to a relative tolerance of 2.220446049250313e-15 and an absolute tolerance of 2.220446049250313e-15. Taking the real part, which may not be accurate.
└ @ ITensorMPS ~/.julia/packages/ITensorMPS/fZDBz/src/abstractmps.jl:1271
┌ Warning: norm² is 4.991035075373909e13 - 0.11088471779061848im, which is not real up to a relative tolerance of 2.220446049250313e-15 and an absolute tolerance of 2.220446049250313e-15. Taking the real part, which may not be accurate.
└ @ ITensorMPS ~/.julia/packages/ITensorMPS/fZDBz/src/abstractmps.jl:1246
┌ Warning: norm² is 1.5839691940602428e13 - 0.048594702123994415im, which is not real up to a relative tolerance of 2.220446049250313e-15 and an absolute tolerance of 2.220446049250313e-15. Taking the real part, which may not be accurate.
└ @ ITensorMPS ~/.julia/packages/ITensorMPS/fZDBz/src/abstractmps.jl:1246
┌ Warning: norm² is 2.8746380236840503 + 7.639634238688518e-15im, which is not real up to a relative tolerance of 2.220446049250313e-15 and an absolute tolerance of 2.220446049250313e-15. Taking the real part, which may not be accurate.
└ @ ITensorMPS ~/.julia/packages/ITensorMPS/fZDBz/src/abstractmps.jl:1246
┌ Warning: norm² is 3.081846165121904 + 7.380520392346519e-15im, which is not real up to a relative tolerance of 2.220446049250313e-15 and an absolute tolerance of 2.220446049250313e-15. Taking the real part, which may not be accurate.
└ @ ITensorMPS ~/.julia/packages/ITensorMPS/fZDBz/src/abstractmps.jl:1246
┌ Warning: norm² is 2.7274635161253737 + 6.289003373919666e-15im, which is not real up to a relative tolerance of 2.220446049250313e-15 and an absolute tolerance of 2.220446049250313e-15. Taking the real part, which may not be accurate.
└ @ ITensorMPS ~/.julia/packages/ITensorMPS/fZDBz/src/abstractmps.jl:1246
┌ Warning: log(norm²) is 1.0033720623296154 + 2.8501130250227345e-15im, which is not real up to a relative tolerance of 2.220446049250313e-15 and an absolute tolerance of 2.220446049250313e-15. Taking the real part, which may not be accurate.
└ @ ITensorMPS ~/.julia/packages/ITensorMPS/fZDBz/src/abstractmps.jl:1271
┌ Warning: norm² is 6.854784302774471e13 + 0.15257754602021123im, which is not real up to a relative tolerance of 2.220446049250313e-15 and an absolute tolerance of 2.220446049250313e-15. Taking the real part, which may not be accurate.
└ @ ITensorMPS ~/.julia/packages/ITensorMPS/fZDBz/src/abstractmps.jl:1246
┌ Warning: log(norm²) is 0.9140784395046478 + 2.5883341251704693e-15im, which is not real up to a relative tolerance of 2.220446049250313e-15 and an absolute tolerance of 2.220446049250313e-15. Taking the real part, which may not be accurate.
└ @ ITensorMPS ~/.julia/packages/ITensorMPS/fZDBz/src/abstractmps.jl:1271
┌ Warning: log(norm²) is 1.0706430498147361 - 2.4266844263901325e-15im, which is not real up to a relative tolerance of 2.220446049250313e-15 and an absolute tolerance of 2.220446049250313e-15. Taking the real part, which may not be accurate.
└ @ ITensorMPS ~/.julia/packages/ITensorMPS/fZDBz/src/abstractmps.jl:1271
┌ Warning: norm² is 2.7562624952224926e13 + 0.07458045846957262im, which is not real up to a relative tolerance of 2.220446049250313e-15 and an absolute tolerance of 2.220446049250313e-15. Taking the real part, which may not be accurate.
└ @ ITensorMPS ~/.julia/packages/ITensorMPS/fZDBz/src/abstractmps.jl:1246
┌ Warning: norm² is 2.8038882897995743 + 7.063647034804445e-15im, which is not real up to a relative tolerance of 2.220446049250313e-15 and an absolute tolerance of 2.220446049250313e-15. Taking the real part, which may not be accurate.
└ @ ITensorMPS ~/.julia/packages/ITensorMPS/fZDBz/src/abstractmps.jl:1246
┌ Warning: norm² is 1.1380543425729951e13 - 0.025939678790458862im, which is not real up to a relative tolerance of 2.220446049250313e-15 and an absolute tolerance of 2.220446049250313e-15. Taking the real part, which may not be accurate.
└ @ ITensorMPS ~/.julia/packages/ITensorMPS/fZDBz/src/abstractmps.jl:1246
┌ Warning: norm² is 4.688577908471476e13 + 0.16941903487544252im, which is not real up to a relative tolerance of 2.220446049250313e-15 and an absolute tolerance of 2.220446049250313e-15. Taking the real part, which may not be accurate.
└ @ ITensorMPS ~/.julia/packages/ITensorMPS/fZDBz/src/abstractmps.jl:1246
┌ Warning: norm² is 2.900876274348721e13 - 0.1309281494387428im, which is not real up to a relative tolerance of 2.220446049250313e-15 and an absolute tolerance of 2.220446049250313e-15. Taking the real part, which may not be accurate.
└ @ ITensorMPS ~/.julia/packages/ITensorMPS/fZDBz/src/abstractmps.jl:1246
┌ Warning: norm² is 3.069916089428824 + 7.263964833552821e-15im, which is not real up to a relative tolerance of 2.220446049250313e-15 and an absolute tolerance of 2.220446049250313e-15. Taking the real part, which may not be accurate.
└ @ ITensorMPS ~/.julia/packages/ITensorMPS/fZDBz/src/abstractmps.jl:1246
┌ Warning: norm² is 2.8012004356155713 + 6.586403158026356e-15im, which is not real up to a relative tolerance of 2.220446049250313e-15 and an absolute tolerance of 2.220446049250313e-15. Taking the real part, which may not be accurate.
└ @ ITensorMPS ~/.julia/packages/ITensorMPS/fZDBz/src/abstractmps.jl:1246
┌ Warning: norm² is 1.695096431868782e13 + 0.03876489175060889im, which is not real up to a relative tolerance of 2.220446049250313e-15 and an absolute tolerance of 2.220446049250313e-15. Taking the real part, which may not be accurate.
└ @ ITensorMPS ~/.julia/packages/ITensorMPS/fZDBz/src/abstractmps.jl:1246
┌ Warning: log(norm²) is 1.0262663450424423 - 2.5863136636259137e-15im, which is not real up to a relative tolerance of 2.220446049250313e-15 and an absolute tolerance of 2.220446049250313e-15. Taking the real part, which may not be accurate.
└ @ ITensorMPS ~/.julia/packages/ITensorMPS/fZDBz/src/abstractmps.jl:1271
┌ Warning: norm² is 4.656687092168132e13 + 0.11542347679701592im, which is not real up to a relative tolerance of 2.220446049250313e-15 and an absolute tolerance of 2.220446049250313e-15. Taking the real part, which may not be accurate.
└ @ ITensorMPS ~/.julia/packages/ITensorMPS/fZDBz/src/abstractmps.jl:1246
┌ Warning: norm² is 1.1412358092511754e13 + 0.03667549421769156im, which is not real up to a relative tolerance of 2.220446049250313e-15 and an absolute tolerance of 2.220446049250313e-15. Taking the real part, which may not be accurate.
└ @ ITensorMPS ~/.julia/packages/ITensorMPS/fZDBz/src/abstractmps.jl:1246
┌ Warning: norm² is 1.1080646210155656e13 - 0.025336111034478248im, which is not real up to a relative tolerance of 2.220446049250313e-15 and an absolute tolerance of 2.220446049250313e-15. Taking the real part, which may not be accurate.
└ @ ITensorMPS ~/.julia/packages/ITensorMPS/fZDBz/src/abstractmps.jl:1246
┌ Warning: norm² is 4.8204138656507234e13 - 0.12800075987206583im, which is not real up to a relative tolerance of 2.220446049250313e-15 and an absolute tolerance of 2.220446049250313e-15. Taking the real part, which may not be accurate.
└ @ ITensorMPS ~/.julia/packages/ITensorMPS/fZDBz/src/abstractmps.jl:1246
┌ Warning: log(norm²) is 1.0486226947487265 + 2.743981118019548e-15im, which is not real up to a relative tolerance of 2.220446049250313e-15 and an absolute tolerance of 2.220446049250313e-15. Taking the real part, which may not be accurate.
└ @ ITensorMPS ~/.julia/packages/ITensorMPS/fZDBz/src/abstractmps.jl:1271
┌ Warning: norm² is 3.4076594648593438e13 - 0.08678701295711555im, which is not real up to a relative tolerance of 2.220446049250313e-15 and an absolute tolerance of 2.220446049250313e-15. Taking the real part, which may not be accurate.
└ @ ITensorMPS ~/.julia/packages/ITensorMPS/fZDBz/src/abstractmps.jl:1246
┌ Warning: norm² is 1.190878296462776e13 - 0.026902617055171274im, which is not real up to a relative tolerance of 2.220446049250313e-15 and an absolute tolerance of 2.220446049250313e-15. Taking the real part, which may not be accurate.
└ @ ITensorMPS ~/.julia/packages/ITensorMPS/fZDBz/src/abstractmps.jl:1246
┌ Warning: norm² is 1.7174132731508023e13 + 0.03898931508167891im, which is not real up to a relative tolerance of 2.220446049250313e-15 and an absolute tolerance of 2.220446049250313e-15. Taking the real part, which may not be accurate.
└ @ ITensorMPS ~/.julia/packages/ITensorMPS/fZDBz/src/abstractmps.jl:1246
┌ Warning: norm² is 3.541658199466673e13 - 0.08151138520399925im, which is not real up to a relative tolerance of 2.220446049250313e-15 and an absolute tolerance of 2.220446049250313e-15. Taking the real part, which may not be accurate.
└ @ ITensorMPS ~/.julia/packages/ITensorMPS/fZDBz/src/abstractmps.jl:1246
┌ Warning: norm² is 2.8679714928615576 - 7.673631563037357e-15im, which is not real up to a relative tolerance of 2.220446049250313e-15 and an absolute tolerance of 2.220446049250313e-15. Taking the real part, which may not be accurate.
└ @ ITensorMPS ~/.julia/packages/ITensorMPS/fZDBz/src/abstractmps.jl:1246
┌ Warning: log(norm²) is 1.0104892198077462 + 2.758349488039625e-15im, which is not real up to a relative tolerance of 2.220446049250313e-15 and an absolute tolerance of 2.220446049250313e-15. Taking the real part, which may not be accurate.
└ @ ITensorMPS ~/.julia/packages/ITensorMPS/fZDBz/src/abstractmps.jl:1271
┌ Warning: norm² is 2.993771276625773 - 8.705692435250143e-15im, which is not real up to a relative tolerance of 2.220446049250313e-15 and an absolute tolerance of 2.220446049250313e-15. Taking the real part, which may not be accurate.
└ @ ITensorMPS ~/.julia/packages/ITensorMPS/fZDBz/src/abstractmps.jl:1246
┌ Warning: norm² is 3.0007725652942152e13 - 0.08109686864283638im, which is not real up to a relative tolerance of 2.220446049250313e-15 and an absolute tolerance of 2.220446049250313e-15. Taking the real part, which may not be accurate.
└ @ ITensorMPS ~/.julia/packages/ITensorMPS/fZDBz/src/abstractmps.jl:1246
┌ Warning: norm² is 1.5727393350834615e13 + 0.036822455085706696im, which is not real up to a relative tolerance of 2.220446049250313e-15 and an absolute tolerance of 2.220446049250313e-15. Taking the real part, which may not be accurate.
└ @ ITensorMPS ~/.julia/packages/ITensorMPS/fZDBz/src/abstractmps.jl:1246
┌ Warning: norm² is 2.4720996007261984e13 + 0.05645817409991194im, which is not real up to a relative tolerance of 2.220446049250313e-15 and an absolute tolerance of 2.220446049250313e-15. Taking the real part, which may not be accurate.
└ @ ITensorMPS ~/.julia/packages/ITensorMPS/fZDBz/src/abstractmps.jl:1246
┌ Warning: norm² is 2.923422053376092 - 8.118371221153448e-15im, which is not real up to a relative tolerance of 2.220446049250313e-15 and an absolute tolerance of 2.220446049250313e-15. Taking the real part, which may not be accurate.
└ @ ITensorMPS ~/.julia/packages/ITensorMPS/fZDBz/src/abstractmps.jl:1246
┌ Warning: norm² is 1.1395854963420695e13 - 0.03912398459581898im, which is not real up to a relative tolerance of 2.220446049250313e-15 and an absolute tolerance of 2.220446049250313e-15. Taking the real part, which may not be accurate.
└ @ ITensorMPS ~/.julia/packages/ITensorMPS/fZDBz/src/abstractmps.jl:1246
┌ Warning: norm² is 2.7907123512790863 + 6.225269023970418e-15im, which is not real up to a relative tolerance of 2.220446049250313e-15 and an absolute tolerance of 2.220446049250313e-15. Taking the real part, which may not be accurate.
└ @ ITensorMPS ~/.julia/packages/ITensorMPS/fZDBz/src/abstractmps.jl:1246
┌ Warning: norm² is 1.1230670745822057e13 - 0.02536000676534364im, which is not real up to a relative tolerance of 2.220446049250313e-15 and an absolute tolerance of 2.220446049250313e-15. Taking the real part, which may not be accurate.
└ @ ITensorMPS ~/.julia/packages/ITensorMPS/fZDBz/src/abstractmps.jl:1246
┌ Warning: log(norm²) is 1.14909113066224 - 2.919123604202523e-15im, which is not real up to a relative tolerance of 2.220446049250313e-15 and an absolute tolerance of 2.220446049250313e-15. Taking the real part, which may not be accurate.
└ @ ITensorMPS ~/.julia/packages/ITensorMPS/fZDBz/src/abstractmps.jl:1271
┌ Warning: log(norm²) is 1.0970590923304169 + 2.735222034158309e-15im, which is not real up to a relative tolerance of 2.220446049250313e-15 and an absolute tolerance of 2.220446049250313e-15. Taking the real part, which may not be accurate.
└ @ ITensorMPS ~/.julia/packages/ITensorMPS/fZDBz/src/abstractmps.jl:1271
┌ Warning: norm² is 1.9276151367288266e13 + 0.051464305386275555im, which is not real up to a relative tolerance of 2.220446049250313e-15 and an absolute tolerance of 2.220446049250313e-15. Taking the real part, which may not be accurate.
└ @ ITensorMPS ~/.julia/packages/ITensorMPS/fZDBz/src/abstractmps.jl:1246
┌ Warning: log(norm²) is 1.1126606303609914 + 2.717563645872511e-15im, which is not real up to a relative tolerance of 2.220446049250313e-15 and an absolute tolerance of 2.220446049250313e-15. Taking the real part, which may not be accurate.
└ @ ITensorMPS ~/.julia/packages/ITensorMPS/fZDBz/src/abstractmps.jl:1271
┌ Warning: norm² is 3.788969422691101e13 + 0.09076462575942656im, which is not real up to a relative tolerance of 2.220446049250313e-15 and an absolute tolerance of 2.220446049250313e-15. Taking the real part, which may not be accurate.
└ @ ITensorMPS ~/.julia/packages/ITensorMPS/fZDBz/src/abstractmps.jl:1246
┌ Warning: log(norm²) is 1.0013993916643547 - 2.459248834615814e-15im, which is not real up to a relative tolerance of 2.220446049250313e-15 and an absolute tolerance of 2.220446049250313e-15. Taking the real part, which may not be accurate.
└ @ ITensorMPS ~/.julia/packages/ITensorMPS/fZDBz/src/abstractmps.jl:1271
┌ Warning: norm² is 4.552507174826941e13 + 0.10798907952339398im, which is not real up to a relative tolerance of 2.220446049250313e-15 and an absolute tolerance of 2.220446049250313e-15. Taking the real part, which may not be accurate.
└ @ ITensorMPS ~/.julia/packages/ITensorMPS/fZDBz/src/abstractmps.jl:1246
┌ Warning: norm² is 1.1019607533760639e13 + 0.02821116286342845im, which is not real up to a relative tolerance of 2.220446049250313e-15 and an absolute tolerance of 2.220446049250313e-15. Taking the real part, which may not be accurate.
└ @ ITensorMPS ~/.julia/packages/ITensorMPS/fZDBz/src/abstractmps.jl:1246
┌ Warning: norm² is 1.522413196657041e13 + 0.04735601092982966im, which is not real up to a relative tolerance of 2.220446049250313e-15 and an absolute tolerance of 2.220446049250313e-15. Taking the real part, which may not be accurate.
└ @ ITensorMPS ~/.julia/packages/ITensorMPS/fZDBz/src/abstractmps.jl:1246
┌ Warning: norm² is 4.868087895931469e13 - 0.10959038838342483im, which is not real up to a relative tolerance of 2.220446049250313e-15 and an absolute tolerance of 2.220446049250313e-15. Taking the real part, which may not be accurate.
└ @ ITensorMPS ~/.julia/packages/ITensorMPS/fZDBz/src/abstractmps.jl:1246
┌ Warning: norm² is 1.528137041980669e13 + 0.0682323596568215im, which is not real up to a relative tolerance of 2.220446049250313e-15 and an absolute tolerance of 2.220446049250313e-15. Taking the real part, which may not be accurate.
└ @ ITensorMPS ~/.julia/packages/ITensorMPS/fZDBz/src/abstractmps.jl:1246
┌ Warning: log(norm²) is 0.9956547730020336 - 2.2868261112800574e-15im, which is not real up to a relative tolerance of 2.220446049250313e-15 and an absolute tolerance of 2.220446049250313e-15. Taking the real part, which may not be accurate.
└ @ ITensorMPS ~/.julia/packages/ITensorMPS/fZDBz/src/abstractmps.jl:1271
┌ Warning: norm² is 2.686242821199234e13 - 0.06749666290491363im, which is not real up to a relative tolerance of 2.220446049250313e-15 and an absolute tolerance of 2.220446049250313e-15. Taking the real part, which may not be accurate.
└ @ ITensorMPS ~/.julia/packages/ITensorMPS/fZDBz/src/abstractmps.jl:1246
┌ Warning: log(norm²) is 0.9855028697720203 + 2.6987329826275717e-15im, which is not real up to a relative tolerance of 2.220446049250313e-15 and an absolute tolerance of 2.220446049250313e-15. Taking the real part, which may not be accurate.
└ @ ITensorMPS ~/.julia/packages/ITensorMPS/fZDBz/src/abstractmps.jl:1271
┌ Warning: norm² is 2.929023962354577 - 7.254819995104478e-15im, which is not real up to a relative tolerance of 2.220446049250313e-15 and an absolute tolerance of 2.220446049250313e-15. Taking the real part, which may not be accurate.
└ @ ITensorMPS ~/.julia/packages/ITensorMPS/fZDBz/src/abstractmps.jl:1246
┌ Warning: norm² is 2.7886857485474534 + 7.492421207717162e-15im, which is not real up to a relative tolerance of 2.220446049250313e-15 and an absolute tolerance of 2.220446049250313e-15. Taking the real part, which may not be accurate.
└ @ ITensorMPS ~/.julia/packages/ITensorMPS/fZDBz/src/abstractmps.jl:1246
┌ Warning: norm² is 1.1161174857723736e13 + 0.028435193712951057im, which is not real up to a relative tolerance of 2.220446049250313e-15 and an absolute tolerance of 2.220446049250313e-15. Taking the real part, which may not be accurate.
└ @ ITensorMPS ~/.julia/packages/ITensorMPS/fZDBz/src/abstractmps.jl:1246
┌ Warning: norm² is 3.228773860730141 + 8.568400310369756e-15im, which is not real up to a relative tolerance of 2.220446049250313e-15 and an absolute tolerance of 2.220446049250313e-15. Taking the real part, which may not be accurate.
└ @ ITensorMPS ~/.julia/packages/ITensorMPS/fZDBz/src/abstractmps.jl:1246
┌ Warning: norm² is 3.543483434813443e13 + 0.08176185226714594im, which is not real up to a relative tolerance of 2.220446049250313e-15 and an absolute tolerance of 2.220446049250313e-15. Taking the real part, which may not be accurate.
└ @ ITensorMPS ~/.julia/packages/ITensorMPS/fZDBz/src/abstractmps.jl:1246
┌ Warning: norm² is 1.3574969497094178e13 + 0.03310920807861635im, which is not real up to a relative tolerance of 2.220446049250313e-15 and an absolute tolerance of 2.220446049250313e-15. Taking the real part, which may not be accurate.
└ @ ITensorMPS ~/.julia/packages/ITensorMPS/fZDBz/src/abstractmps.jl:1246
┌ Warning: norm² is 2.910702533402864 + 7.684063533568508e-15im, which is not real up to a relative tolerance of 2.220446049250313e-15 and an absolute tolerance of 2.220446049250313e-15. Taking the real part, which may not be accurate.
└ @ ITensorMPS ~/.julia/packages/ITensorMPS/fZDBz/src/abstractmps.jl:1246
┌ Warning: norm² is 2.9385142466052683 + 6.9991238370395645e-15im, which is not real up to a relative tolerance of 2.220446049250313e-15 and an absolute tolerance of 2.220446049250313e-15. Taking the real part, which may not be accurate.
└ @ ITensorMPS ~/.julia/packages/ITensorMPS/fZDBz/src/abstractmps.jl:1246
┌ Warning: norm² is 5.676837034381185e13 - 0.13791947198648913im, which is not real up to a relative tolerance of 2.220446049250313e-15 and an absolute tolerance of 2.220446049250313e-15. Taking the real part, which may not be accurate.
└ @ ITensorMPS ~/.julia/packages/ITensorMPS/fZDBz/src/abstractmps.jl:1246
┌ Warning: norm² is 4.3860755479817445e13 + 0.12478912057203573im, which is not real up to a relative tolerance of 2.220446049250313e-15 and an absolute tolerance of 2.220446049250313e-15. Taking the real part, which may not be accurate.
└ @ ITensorMPS ~/.julia/packages/ITensorMPS/fZDBz/src/abstractmps.jl:1246
┌ Warning: norm² is 1.102231398401937e13 - 0.024514331555536763im, which is not real up to a relative tolerance of 2.220446049250313e-15 and an absolute tolerance of 2.220446049250313e-15. Taking the real part, which may not be accurate.
└ @ ITensorMPS ~/.julia/packages/ITensorMPS/fZDBz/src/abstractmps.jl:1246
┌ Warning: norm² is 3.283754482832095e13 + 0.0808876276140802im, which is not real up to a relative tolerance of 2.220446049250313e-15 and an absolute tolerance of 2.220446049250313e-15. Taking the real part, which may not be accurate.
└ @ ITensorMPS ~/.julia/packages/ITensorMPS/fZDBz/src/abstractmps.jl:1246
┌ Warning: norm² is 3.2731306777809195e13 + 0.07378105482453634im, which is not real up to a relative tolerance of 2.220446049250313e-15 and an absolute tolerance of 2.220446049250313e-15. Taking the real part, which may not be accurate.
└ @ ITensorMPS ~/.julia/packages/ITensorMPS/fZDBz/src/abstractmps.jl:1246
┌ Warning: log(norm²) is 1.0125451048236056 - 2.4795117638549574e-15im, which is not real up to a relative tolerance of 2.220446049250313e-15 and an absolute tolerance of 2.220446049250313e-15. Taking the real part, which may not be accurate.
└ @ ITensorMPS ~/.julia/packages/ITensorMPS/fZDBz/src/abstractmps.jl:1271
┌ Warning: norm² is 2.7781066850952824e13 + 0.06842746888193219im, which is not real up to a relative tolerance of 2.220446049250313e-15 and an absolute tolerance of 2.220446049250313e-15. Taking the real part, which may not be accurate.
└ @ ITensorMPS ~/.julia/packages/ITensorMPS/fZDBz/src/abstractmps.jl:1246
┌ Warning: norm² is 2.9147703329041525 - 7.577528087579307e-15im, which is not real up to a relative tolerance of 2.220446049250313e-15 and an absolute tolerance of 2.220446049250313e-15. Taking the real part, which may not be accurate.
└ @ ITensorMPS ~/.julia/packages/ITensorMPS/fZDBz/src/abstractmps.jl:1246
┌ Warning: norm² is 2.93618560200879 - 6.836396823808142e-15im, which is not real up to a relative tolerance of 2.220446049250313e-15 and an absolute tolerance of 2.220446049250313e-15. Taking the real part, which may not be accurate.
└ @ ITensorMPS ~/.julia/packages/ITensorMPS/fZDBz/src/abstractmps.jl:1246
┌ Warning: norm² is 1.4508849171037914e13 + 0.036861163132092756im, which is not real up to a relative tolerance of 2.220446049250313e-15 and an absolute tolerance of 2.220446049250313e-15. Taking the real part, which may not be accurate.
└ @ ITensorMPS ~/.julia/packages/ITensorMPS/fZDBz/src/abstractmps.jl:1246
┌ Warning: norm² is 1.6281831214322863e13 + 0.04429022382618128im, which is not real up to a relative tolerance of 2.220446049250313e-15 and an absolute tolerance of 2.220446049250313e-15. Taking the real part, which may not be accurate.
└ @ ITensorMPS ~/.julia/packages/ITensorMPS/fZDBz/src/abstractmps.jl:1246
┌ Warning: norm² is 1.3320755029270307e13 - 0.03149199723859891im, which is not real up to a relative tolerance of 2.220446049250313e-15 and an absolute tolerance of 2.220446049250313e-15. Taking the real part, which may not be accurate.
└ @ ITensorMPS ~/.julia/packages/ITensorMPS/fZDBz/src/abstractmps.jl:1246
┌ Warning: norm² is 1.6406245346878139e13 - 0.03706831002099695im, which is not real up to a relative tolerance of 2.220446049250313e-15 and an absolute tolerance of 2.220446049250313e-15. Taking the real part, which may not be accurate.
└ @ ITensorMPS ~/.julia/packages/ITensorMPS/fZDBz/src/abstractmps.jl:1246
┌ Warning: norm² is 1.5628765138449625e13 + 0.047577113260746984im, which is not real up to a relative tolerance of 2.220446049250313e-15 and an absolute tolerance of 2.220446049250313e-15. Taking the real part, which may not be accurate.
└ @ ITensorMPS ~/.julia/packages/ITensorMPS/fZDBz/src/abstractmps.jl:1246
┌ Warning: norm² is 1.4858389022883625e13 - 0.03914852314114052im, which is not real up to a relative tolerance of 2.220446049250313e-15 and an absolute tolerance of 2.220446049250313e-15. Taking the real part, which may not be accurate.
└ @ ITensorMPS ~/.julia/packages/ITensorMPS/fZDBz/src/abstractmps.jl:1246
┌ Warning: norm² is 4.243264159731828e13 + 0.09904046626462826im, which is not real up to a relative tolerance of 2.220446049250313e-15 and an absolute tolerance of 2.220446049250313e-15. Taking the real part, which may not be accurate.
└ @ ITensorMPS ~/.julia/packages/ITensorMPS/fZDBz/src/abstractmps.jl:1246
┌ Warning: norm² is 2.9895470868516168e13 + 0.08186732398208107im, which is not real up to a relative tolerance of 2.220446049250313e-15 and an absolute tolerance of 2.220446049250313e-15. Taking the real part, which may not be accurate.
└ @ ITensorMPS ~/.julia/packages/ITensorMPS/fZDBz/src/abstractmps.jl:1246
┌ Warning: norm² is 2.466474404857064e13 - 0.06129814097896258im, which is not real up to a relative tolerance of 2.220446049250313e-15 and an absolute tolerance of 2.220446049250313e-15. Taking the real part, which may not be accurate.
└ @ ITensorMPS ~/.julia/packages/ITensorMPS/fZDBz/src/abstractmps.jl:1246
┌ Warning: norm² is 2.8948501290118007 + 8.5363238942615e-15im, which is not real up to a relative tolerance of 2.220446049250313e-15 and an absolute tolerance of 2.220446049250313e-15. Taking the real part, which may not be accurate.
└ @ ITensorMPS ~/.julia/packages/ITensorMPS/fZDBz/src/abstractmps.jl:1246
┌ Warning: norm² is 3.403472019986888e13 + 0.08242796277177744im, which is not real up to a relative tolerance of 2.220446049250313e-15 and an absolute tolerance of 2.220446049250313e-15. Taking the real part, which may not be accurate.
└ @ ITensorMPS ~/.julia/packages/ITensorMPS/fZDBz/src/abstractmps.jl:1246
┌ Warning: norm² is 1.378518877927669e13 - 0.030801185578598456im, which is not real up to a relative tolerance of 2.220446049250313e-15 and an absolute tolerance of 2.220446049250313e-15. Taking the real part, which may not be accurate.
└ @ ITensorMPS ~/.julia/packages/ITensorMPS/fZDBz/src/abstractmps.jl:1246
┌ Warning: norm² is 1.2110906364084816e13 - 0.030256806585427398im, which is not real up to a relative tolerance of 2.220446049250313e-15 and an absolute tolerance of 2.220446049250313e-15. Taking the real part, which may not be accurate.
└ @ ITensorMPS ~/.julia/packages/ITensorMPS/fZDBz/src/abstractmps.jl:1246
┌ Warning: norm² is 1.3664839288958264e13 + 0.03425342086167246im, which is not real up to a relative tolerance of 2.220446049250313e-15 and an absolute tolerance of 2.220446049250313e-15. Taking the real part, which may not be accurate.
└ @ ITensorMPS ~/.julia/packages/ITensorMPS/fZDBz/src/abstractmps.jl:1246
┌ Warning: log(norm²) is 1.063646770771503 - 2.5389623006529876e-15im, which is not real up to a relative tolerance of 2.220446049250313e-15 and an absolute tolerance of 2.220446049250313e-15. Taking the real part, which may not be accurate.
└ @ ITensorMPS ~/.julia/packages/ITensorMPS/fZDBz/src/abstractmps.jl:1271
┌ Warning: log(norm²) is 1.0696366170415128 - 2.5784144312552966e-15im, which is not real up to a relative tolerance of 2.220446049250313e-15 and an absolute tolerance of 2.220446049250313e-15. Taking the real part, which may not be accurate.
└ @ ITensorMPS ~/.julia/packages/ITensorMPS/fZDBz/src/abstractmps.jl:1271
┌ Warning: log(norm²) is 0.9793889988662072 - 2.282779637392583e-15im, which is not real up to a relative tolerance of 2.220446049250313e-15 and an absolute tolerance of 2.220446049250313e-15. Taking the real part, which may not be accurate.
└ @ ITensorMPS ~/.julia/packages/ITensorMPS/fZDBz/src/abstractmps.jl:1271
┌ Warning: norm² is 2.9277659223348693 + 7.105977744288465e-15im, which is not real up to a relative tolerance of 2.220446049250313e-15 and an absolute tolerance of 2.220446049250313e-15. Taking the real part, which may not be accurate.
└ @ ITensorMPS ~/.julia/packages/ITensorMPS/fZDBz/src/abstractmps.jl:1246
┌ Warning: norm² is 3.129153995911722e13 - 0.09483050734751686im, which is not real up to a relative tolerance of 2.220446049250313e-15 and an absolute tolerance of 2.220446049250313e-15. Taking the real part, which may not be accurate.
└ @ ITensorMPS ~/.julia/packages/ITensorMPS/fZDBz/src/abstractmps.jl:1246
┌ Warning: norm² is 1.6142874995627918e13 - 0.041491210613227664im, which is not real up to a relative tolerance of 2.220446049250313e-15 and an absolute tolerance of 2.220446049250313e-15. Taking the real part, which may not be accurate.
└ @ ITensorMPS ~/.julia/packages/ITensorMPS/fZDBz/src/abstractmps.jl:1246
┌ Warning: log(norm²) is 0.9722428747863352 + 2.7381276458435284e-15im, which is not real up to a relative tolerance of 2.220446049250313e-15 and an absolute tolerance of 2.220446049250313e-15. Taking the real part, which may not be accurate.
└ @ ITensorMPS ~/.julia/packages/ITensorMPS/fZDBz/src/abstractmps.jl:1271
┌ Warning: norm² is 4.612771327487893e13 + 0.13571073305797654im, which is not real up to a relative tolerance of 2.220446049250313e-15 and an absolute tolerance of 2.220446049250313e-15. Taking the real part, which may not be accurate.
└ @ ITensorMPS ~/.julia/packages/ITensorMPS/fZDBz/src/abstractmps.jl:1246
┌ Warning: norm² is 3.211891950937796e13 - 0.0811421802840272im, which is not real up to a relative tolerance of 2.220446049250313e-15 and an absolute tolerance of 2.220446049250313e-15. Taking the real part, which may not be accurate.
└ @ ITensorMPS ~/.julia/packages/ITensorMPS/fZDBz/src/abstractmps.jl:1246
┌ Warning: norm² is 3.1716496691169747 - 9.907178555672103e-15im, which is not real up to a relative tolerance of 2.220446049250313e-15 and an absolute tolerance of 2.220446049250313e-15. Taking the real part, which may not be accurate.
└ @ ITensorMPS ~/.julia/packages/ITensorMPS/fZDBz/src/abstractmps.jl:1246
┌ Warning: norm² is 1.434242950986038e13 - 0.04508095199311768im, which is not real up to a relative tolerance of 2.220446049250313e-15 and an absolute tolerance of 2.220446049250313e-15. Taking the real part, which may not be accurate.
└ @ ITensorMPS ~/.julia/packages/ITensorMPS/fZDBz/src/abstractmps.jl:1246
┌ Warning: norm² is 2.931789722578235 + 7.260016212370048e-15im, which is not real up to a relative tolerance of 2.220446049250313e-15 and an absolute tolerance of 2.220446049250313e-15. Taking the real part, which may not be accurate.
└ @ ITensorMPS ~/.julia/packages/ITensorMPS/fZDBz/src/abstractmps.jl:1246
┌ Warning: norm² is 3.0428835491800417 - 7.521409673753624e-15im, which is not real up to a relative tolerance of 2.220446049250313e-15 and an absolute tolerance of 2.220446049250313e-15. Taking the real part, which may not be accurate.
└ @ ITensorMPS ~/.julia/packages/ITensorMPS/fZDBz/src/abstractmps.jl:1246
┌ Warning: norm² is 3.0800349117644217 - 8.438689449532995e-15im, which is not real up to a relative tolerance of 2.220446049250313e-15 and an absolute tolerance of 2.220446049250313e-15. Taking the real part, which may not be accurate.
└ @ ITensorMPS ~/.julia/packages/ITensorMPS/fZDBz/src/abstractmps.jl:1246
┌ Warning: log(norm²) is 1.1249409319096895 - 2.8613114064546415e-15im, which is not real up to a relative tolerance of 2.220446049250313e-15 and an absolute tolerance of 2.220446049250313e-15. Taking the real part, which may not be accurate.
└ @ ITensorMPS ~/.julia/packages/ITensorMPS/fZDBz/src/abstractmps.jl:1271
┌ Warning: norm² is 3.4867421881474176e13 + 0.07951271891267897im, which is not real up to a relative tolerance of 2.220446049250313e-15 and an absolute tolerance of 2.220446049250313e-15. Taking the real part, which may not be accurate.
└ @ ITensorMPS ~/.julia/packages/ITensorMPS/fZDBz/src/abstractmps.jl:1246
┌ Warning: norm² is 1.1105165480599418e13 + 0.046386282799446385im, which is not real up to a relative tolerance of 2.220446049250313e-15 and an absolute tolerance of 2.220446049250313e-15. Taking the real part, which may not be accurate.
└ @ ITensorMPS ~/.julia/packages/ITensorMPS/fZDBz/src/abstractmps.jl:1246
┌ Warning: log(norm²) is 1.0836200683743542 + 2.588785307974653e-15im, which is not real up to a relative tolerance of 2.220446049250313e-15 and an absolute tolerance of 2.220446049250313e-15. Taking the real part, which may not be accurate.
└ @ ITensorMPS ~/.julia/packages/ITensorMPS/fZDBz/src/abstractmps.jl:1271
┌ Warning: norm² is 2.8872416518169075 - 7.237403579775957e-15im, which is not real up to a relative tolerance of 2.220446049250313e-15 and an absolute tolerance of 2.220446049250313e-15. Taking the real part, which may not be accurate.
└ @ ITensorMPS ~/.julia/packages/ITensorMPS/fZDBz/src/abstractmps.jl:1246
┌ Warning: norm² is 2.9320615729550212 + 8.698562771047464e-15im, which is not real up to a relative tolerance of 2.220446049250313e-15 and an absolute tolerance of 2.220446049250313e-15. Taking the real part, which may not be accurate.
└ @ ITensorMPS ~/.julia/packages/ITensorMPS/fZDBz/src/abstractmps.jl:1246
┌ Warning: norm² is 4.996293715791186e13 - 0.12493785037884919im, which is not real up to a relative tolerance of 2.220446049250313e-15 and an absolute tolerance of 2.220446049250313e-15. Taking the real part, which may not be accurate.
└ @ ITensorMPS ~/.julia/packages/ITensorMPS/fZDBz/src/abstractmps.jl:1246
┌ Warning: log(norm²) is 1.0203984187861754 - 3.1482660072243772e-15im, which is not real up to a relative tolerance of 2.220446049250313e-15 and an absolute tolerance of 2.220446049250313e-15. Taking the real part, which may not be accurate.
└ @ ITensorMPS ~/.julia/packages/ITensorMPS/fZDBz/src/abstractmps.jl:1271
┌ Warning: norm² is 2.6649546299081845 + 8.004393996699628e-15im, which is not real up to a relative tolerance of 2.220446049250313e-15 and an absolute tolerance of 2.220446049250313e-15. Taking the real part, which may not be accurate.
└ @ ITensorMPS ~/.julia/packages/ITensorMPS/fZDBz/src/abstractmps.jl:1246
┌ Warning: log(norm²) is 1.0216403233922011 - 2.4857408794468806e-15im, which is not real up to a relative tolerance of 2.220446049250313e-15 and an absolute tolerance of 2.220446049250313e-15. Taking the real part, which may not be accurate.
└ @ ITensorMPS ~/.julia/packages/ITensorMPS/fZDBz/src/abstractmps.jl:1271
┌ Warning: log(norm²) is 1.0737338245759864 + 2.4456017005732063e-15im, which is not real up to a relative tolerance of 2.220446049250313e-15 and an absolute tolerance of 2.220446049250313e-15. Taking the real part, which may not be accurate.
└ @ ITensorMPS ~/.julia/packages/ITensorMPS/fZDBz/src/abstractmps.jl:1271
┌ Warning: norm² is 1.3370241544238021e13 - 0.032864238778011284im, which is not real up to a relative tolerance of 2.220446049250313e-15 and an absolute tolerance of 2.220446049250313e-15. Taking the real part, which may not be accurate.
└ @ ITensorMPS ~/.julia/packages/ITensorMPS/fZDBz/src/abstractmps.jl:1246
┌ Warning: log(norm²) is 1.0729129942976792 + 2.4880835261210247e-15im, which is not real up to a relative tolerance of 2.220446049250313e-15 and an absolute tolerance of 2.220446049250313e-15. Taking the real part, which may not be accurate.
└ @ ITensorMPS ~/.julia/packages/ITensorMPS/fZDBz/src/abstractmps.jl:1271
┌ Warning: log(norm²) is 1.030082767950443 + 2.364827301500585e-15im, which is not real up to a relative tolerance of 2.220446049250313e-15 and an absolute tolerance of 2.220446049250313e-15. Taking the real part, which may not be accurate.
└ @ ITensorMPS ~/.julia/packages/ITensorMPS/fZDBz/src/abstractmps.jl:1271
┌ Warning: norm² is 1.3310924182522717e13 - 0.030028320331903825im, which is not real up to a relative tolerance of 2.220446049250313e-15 and an absolute tolerance of 2.220446049250313e-15. Taking the real part, which may not be accurate.
└ @ ITensorMPS ~/.julia/packages/ITensorMPS/fZDBz/src/abstractmps.jl:1246
┌ Warning: norm² is 1.1076966745171375e13 + 0.027309307932608898im, which is not real up to a relative tolerance of 2.220446049250313e-15 and an absolute tolerance of 2.220446049250313e-15. Taking the real part, which may not be accurate.
└ @ ITensorMPS ~/.julia/packages/ITensorMPS/fZDBz/src/abstractmps.jl:1246
┌ Warning: log(norm²) is 1.0303452214835804 + 2.835981638131523e-15im, which is not real up to a relative tolerance of 2.220446049250313e-15 and an absolute tolerance of 2.220446049250313e-15. Taking the real part, which may not be accurate.
└ @ ITensorMPS ~/.julia/packages/ITensorMPS/fZDBz/src/abstractmps.jl:1271
┌ Warning: norm² is 1.628263889827184e13 + 0.0500049582986483im, which is not real up to a relative tolerance of 2.220446049250313e-15 and an absolute tolerance of 2.220446049250313e-15. Taking the real part, which may not be accurate.
└ @ ITensorMPS ~/.julia/packages/ITensorMPS/fZDBz/src/abstractmps.jl:1246
┌ Warning: log(norm²) is 1.073680847666341 + 2.612120206233572e-15im, which is not real up to a relative tolerance of 2.220446049250313e-15 and an absolute tolerance of 2.220446049250313e-15. Taking the real part, which may not be accurate.
└ @ ITensorMPS ~/.julia/packages/ITensorMPS/fZDBz/src/abstractmps.jl:1271
┌ Warning: norm² is 1.7557149995583365e13 - 0.04172173006728924im, which is not real up to a relative tolerance of 2.220446049250313e-15 and an absolute tolerance of 2.220446049250313e-15. Taking the real part, which may not be accurate.
└ @ ITensorMPS ~/.julia/packages/ITensorMPS/fZDBz/src/abstractmps.jl:1246
┌ Warning: norm² is 2.6952477475606353 + 6.4415055926628134e-15im, which is not real up to a relative tolerance of 2.220446049250313e-15 and an absolute tolerance of 2.220446049250313e-15. Taking the real part, which may not be accurate.
└ @ ITensorMPS ~/.julia/packages/ITensorMPS/fZDBz/src/abstractmps.jl:1246
┌ Warning: norm² is 2.757379626494289 - 6.312215390049775e-15im, which is not real up to a relative tolerance of 2.220446049250313e-15 and an absolute tolerance of 2.220446049250313e-15. Taking the real part, which may not be accurate.
└ @ ITensorMPS ~/.julia/packages/ITensorMPS/fZDBz/src/abstractmps.jl:1246
┌ Warning: norm² is 1.1095904285685857e13 - 0.025584583214663982im, which is not real up to a relative tolerance of 2.220446049250313e-15 and an absolute tolerance of 2.220446049250313e-15. Taking the real part, which may not be accurate.
└ @ ITensorMPS ~/.julia/packages/ITensorMPS/fZDBz/src/abstractmps.jl:1246
┌ Warning: norm² is 3.3570487516598395e13 + 0.08178485071342823im, which is not real up to a relative tolerance of 2.220446049250313e-15 and an absolute tolerance of 2.220446049250313e-15. Taking the real part, which may not be accurate.
└ @ ITensorMPS ~/.julia/packages/ITensorMPS/fZDBz/src/abstractmps.jl:1246
┌ Warning: norm² is 2.6681642325332504 - 5.927704857005881e-15im, which is not real up to a relative tolerance of 2.220446049250313e-15 and an absolute tolerance of 2.220446049250313e-15. Taking the real part, which may not be accurate.
└ @ ITensorMPS ~/.julia/packages/ITensorMPS/fZDBz/src/abstractmps.jl:1246
┌ Warning: norm² is 1.6433749441814459e13 - 0.041780147629047804im, which is not real up to a relative tolerance of 2.220446049250313e-15 and an absolute tolerance of 2.220446049250313e-15. Taking the real part, which may not be accurate.
└ @ ITensorMPS ~/.julia/packages/ITensorMPS/fZDBz/src/abstractmps.jl:1246
┌ Warning: log(norm²) is 1.0728187328585472 - 2.8524366689306056e-15im, which is not real up to a relative tolerance of 2.220446049250313e-15 and an absolute tolerance of 2.220446049250313e-15. Taking the real part, which may not be accurate.
└ @ ITensorMPS ~/.julia/packages/ITensorMPS/fZDBz/src/abstractmps.jl:1271
┌ Warning: norm² is 2.637103232602461e13 + 0.09884498874690673im, which is not real up to a relative tolerance of 2.220446049250313e-15 and an absolute tolerance of 2.220446049250313e-15. Taking the real part, which may not be accurate.
└ @ ITensorMPS ~/.julia/packages/ITensorMPS/fZDBz/src/abstractmps.jl:1246
┌ Warning: norm² is 1.1121926477152291e13 - 0.03808434359180274im, which is not real up to a relative tolerance of 2.220446049250313e-15 and an absolute tolerance of 2.220446049250313e-15. Taking the real part, which may not be accurate.
└ @ ITensorMPS ~/.julia/packages/ITensorMPS/fZDBz/src/abstractmps.jl:1246
┌ Warning: norm² is 2.9366853092323348e13 - 0.08155851415041804im, which is not real up to a relative tolerance of 2.220446049250313e-15 and an absolute tolerance of 2.220446049250313e-15. Taking the real part, which may not be accurate.
└ @ ITensorMPS ~/.julia/packages/ITensorMPS/fZDBz/src/abstractmps.jl:1246
┌ Warning: norm² is 2.5675190036200055e13 - 0.061268164353833754im, which is not real up to a relative tolerance of 2.220446049250313e-15 and an absolute tolerance of 2.220446049250313e-15. Taking the real part, which may not be accurate.
└ @ ITensorMPS ~/.julia/packages/ITensorMPS/fZDBz/src/abstractmps.jl:1246
┌ Warning: norm² is 3.0303347358466066 + 7.224291176760565e-15im, which is not real up to a relative tolerance of 2.220446049250313e-15 and an absolute tolerance of 2.220446049250313e-15. Taking the real part, which may not be accurate.
└ @ ITensorMPS ~/.julia/packages/ITensorMPS/fZDBz/src/abstractmps.jl:1246
┌ Warning: norm² is 3.4524081157707477e13 + 0.09911749370897383im, which is not real up to a relative tolerance of 2.220446049250313e-15 and an absolute tolerance of 2.220446049250313e-15. Taking the real part, which may not be accurate.
└ @ ITensorMPS ~/.julia/packages/ITensorMPS/fZDBz/src/abstractmps.jl:1246
┌ Warning: norm² is 2.8909165876886754e13 + 0.07010906790673133im, which is not real up to a relative tolerance of 2.220446049250313e-15 and an absolute tolerance of 2.220446049250313e-15. Taking the real part, which may not be accurate.
└ @ ITensorMPS ~/.julia/packages/ITensorMPS/fZDBz/src/abstractmps.jl:1246
┌ Warning: norm² is 1.1134702661095135e13 - 0.028488382734737378im, which is not real up to a relative tolerance of 2.220446049250313e-15 and an absolute tolerance of 2.220446049250313e-15. Taking the real part, which may not be accurate.
└ @ ITensorMPS ~/.julia/packages/ITensorMPS/fZDBz/src/abstractmps.jl:1246
┌ Warning: log(norm²) is 1.1244961058751817 - 2.804008686075065e-15im, which is not real up to a relative tolerance of 2.220446049250313e-15 and an absolute tolerance of 2.220446049250313e-15. Taking the real part, which may not be accurate.
└ @ ITensorMPS ~/.julia/packages/ITensorMPS/fZDBz/src/abstractmps.jl:1271
┌ Warning: norm² is 4.347471209647049e13 - 0.12104196672602896im, which is not real up to a relative tolerance of 2.220446049250313e-15 and an absolute tolerance of 2.220446049250313e-15. Taking the real part, which may not be accurate.
└ @ ITensorMPS ~/.julia/packages/ITensorMPS/fZDBz/src/abstractmps.jl:1246
┌ Warning: norm² is 2.924725736680809 + 8.604982606653526e-15im, which is not real up to a relative tolerance of 2.220446049250313e-15 and an absolute tolerance of 2.220446049250313e-15. Taking the real part, which may not be accurate.
└ @ ITensorMPS ~/.julia/packages/ITensorMPS/fZDBz/src/abstractmps.jl:1246
┌ Warning: norm² is 3.600089427228926e13 + 0.09169766024939818im, which is not real up to a relative tolerance of 2.220446049250313e-15 and an absolute tolerance of 2.220446049250313e-15. Taking the real part, which may not be accurate.
└ @ ITensorMPS ~/.julia/packages/ITensorMPS/fZDBz/src/abstractmps.jl:1246
┌ Warning: norm² is 5.092490274797694e13 - 0.12011783526861919im, which is not real up to a relative tolerance of 2.220446049250313e-15 and an absolute tolerance of 2.220446049250313e-15. Taking the real part, which may not be accurate.
└ @ ITensorMPS ~/.julia/packages/ITensorMPS/fZDBz/src/abstractmps.jl:1246
┌ Warning: norm² is 1.2831316800342777e13 + 0.02875679225490302im, which is not real up to a relative tolerance of 2.220446049250313e-15 and an absolute tolerance of 2.220446049250313e-15. Taking the real part, which may not be accurate.
└ @ ITensorMPS ~/.julia/packages/ITensorMPS/fZDBz/src/abstractmps.jl:1246
┌ Warning: norm² is 1.4498013006432715e13 - 0.03551796183368654im, which is not real up to a relative tolerance of 2.220446049250313e-15 and an absolute tolerance of 2.220446049250313e-15. Taking the real part, which may not be accurate.
└ @ ITensorMPS ~/.julia/packages/ITensorMPS/fZDBz/src/abstractmps.jl:1246
┌ Warning: norm² is 1.110958356441388e13 - 0.026121055324946595im, which is not real up to a relative tolerance of 2.220446049250313e-15 and an absolute tolerance of 2.220446049250313e-15. Taking the real part, which may not be accurate.
└ @ ITensorMPS ~/.julia/packages/ITensorMPS/fZDBz/src/abstractmps.jl:1246
┌ Warning: norm² is 5.129691970433051e13 + 0.12943535366853887im, which is not real up to a relative tolerance of 2.220446049250313e-15 and an absolute tolerance of 2.220446049250313e-15. Taking the real part, which may not be accurate.
└ @ ITensorMPS ~/.julia/packages/ITensorMPS/fZDBz/src/abstractmps.jl:1246
┌ Warning: norm² is 1.1138054865710854e13 + 0.025505774724539423im, which is not real up to a relative tolerance of 2.220446049250313e-15 and an absolute tolerance of 2.220446049250313e-15. Taking the real part, which may not be accurate.
└ @ ITensorMPS ~/.julia/packages/ITensorMPS/fZDBz/src/abstractmps.jl:1246
┌ Warning: log(norm²) is 1.152370670308129 - 2.7236002972354483e-15im, which is not real up to a relative tolerance of 2.220446049250313e-15 and an absolute tolerance of 2.220446049250313e-15. Taking the real part, which may not be accurate.
└ @ ITensorMPS ~/.julia/packages/ITensorMPS/fZDBz/src/abstractmps.jl:1271
┌ Warning: norm² is 1.1118763427674914e13 + 0.0314267583317101im, which is not real up to a relative tolerance of 2.220446049250313e-15 and an absolute tolerance of 2.220446049250313e-15. Taking the real part, which may not be accurate.
└ @ ITensorMPS ~/.julia/packages/ITensorMPS/fZDBz/src/abstractmps.jl:1246
┌ Warning: norm² is 2.9256444830586026 - 7.818278979457354e-15im, which is not real up to a relative tolerance of 2.220446049250313e-15 and an absolute tolerance of 2.220446049250313e-15. Taking the real part, which may not be accurate.
└ @ ITensorMPS ~/.julia/packages/ITensorMPS/fZDBz/src/abstractmps.jl:1246
┌ Warning: norm² is 2.926398629809011 - 1.0077586973349125e-14im, which is not real up to a relative tolerance of 2.220446049250313e-15 and an absolute tolerance of 2.220446049250313e-15. Taking the real part, which may not be accurate.
└ @ ITensorMPS ~/.julia/packages/ITensorMPS/fZDBz/src/abstractmps.jl:1246
┌ Warning: norm² is 1.317052527578844e13 - 0.032271551741231974im, which is not real up to a relative tolerance of 2.220446049250313e-15 and an absolute tolerance of 2.220446049250313e-15. Taking the real part, which may not be accurate.
└ @ ITensorMPS ~/.julia/packages/ITensorMPS/fZDBz/src/abstractmps.jl:1246
┌ Warning: norm² is 1.1128593494838268e13 + 0.028779913764981072im, which is not real up to a relative tolerance of 2.220446049250313e-15 and an absolute tolerance of 2.220446049250313e-15. Taking the real part, which may not be accurate.
└ @ ITensorMPS ~/.julia/packages/ITensorMPS/fZDBz/src/abstractmps.jl:1246
┌ Warning: norm² is 1.7815519368862434e13 - 0.04221504712453785im, which is not real up to a relative tolerance of 2.220446049250313e-15 and an absolute tolerance of 2.220446049250313e-15. Taking the real part, which may not be accurate.
└ @ ITensorMPS ~/.julia/packages/ITensorMPS/fZDBz/src/abstractmps.jl:1246
┌ Warning: log(norm²) is 0.9973039684242685 + 2.8042100271384842e-15im, which is not real up to a relative tolerance of 2.220446049250313e-15 and an absolute tolerance of 2.220446049250313e-15. Taking the real part, which may not be accurate.
└ @ ITensorMPS ~/.julia/packages/ITensorMPS/fZDBz/src/abstractmps.jl:1271
┌ Warning: norm² is 1.1086917747796914e13 + 0.02539246182751321im, which is not real up to a relative tolerance of 2.220446049250313e-15 and an absolute tolerance of 2.220446049250313e-15. Taking the real part, which may not be accurate.
└ @ ITensorMPS ~/.julia/packages/ITensorMPS/fZDBz/src/abstractmps.jl:1246
┌ Warning: norm² is 4.445273359305512e13 + 0.12432558266422766im, which is not real up to a relative tolerance of 2.220446049250313e-15 and an absolute tolerance of 2.220446049250313e-15. Taking the real part, which may not be accurate.
└ @ ITensorMPS ~/.julia/packages/ITensorMPS/fZDBz/src/abstractmps.jl:1246
┌ Warning: norm² is 2.8175821794965636 - 6.387378979101885e-15im, which is not real up to a relative tolerance of 2.220446049250313e-15 and an absolute tolerance of 2.220446049250313e-15. Taking the real part, which may not be accurate.
└ @ ITensorMPS ~/.julia/packages/ITensorMPS/fZDBz/src/abstractmps.jl:1246
┌ Warning: norm² is 1.394415642134212e13 - 0.03240999467743676im, which is not real up to a relative tolerance of 2.220446049250313e-15 and an absolute tolerance of 2.220446049250313e-15. Taking the real part, which may not be accurate.
└ @ ITensorMPS ~/.julia/packages/ITensorMPS/fZDBz/src/abstractmps.jl:1246
┌ Warning: norm² is 1.6195830212719588e13 - 0.037172831961572665im, which is not real up to a relative tolerance of 2.220446049250313e-15 and an absolute tolerance of 2.220446049250313e-15. Taking the real part, which may not be accurate.
└ @ ITensorMPS ~/.julia/packages/ITensorMPS/fZDBz/src/abstractmps.jl:1246
┌ Warning: norm² is 2.924379620322315 - 7.251008719777707e-15im, which is not real up to a relative tolerance of 2.220446049250313e-15 and an absolute tolerance of 2.220446049250313e-15. Taking the real part, which may not be accurate.
└ @ ITensorMPS ~/.julia/packages/ITensorMPS/fZDBz/src/abstractmps.jl:1246
┌ Warning: norm² is 2.634052018700991e13 + 0.07397689907499316im, which is not real up to a relative tolerance of 2.220446049250313e-15 and an absolute tolerance of 2.220446049250313e-15. Taking the real part, which may not be accurate.
└ @ ITensorMPS ~/.julia/packages/ITensorMPS/fZDBz/src/abstractmps.jl:1246
┌ Warning: norm² is 2.928058194251931 + 6.514793795228645e-15im, which is not real up to a relative tolerance of 2.220446049250313e-15 and an absolute tolerance of 2.220446049250313e-15. Taking the real part, which may not be accurate.
└ @ ITensorMPS ~/.julia/packages/ITensorMPS/fZDBz/src/abstractmps.jl:1246
┌ Warning: norm² is 1.3448886692728123e13 - 0.03229519676930809im, which is not real up to a relative tolerance of 2.220446049250313e-15 and an absolute tolerance of 2.220446049250313e-15. Taking the real part, which may not be accurate.
└ @ ITensorMPS ~/.julia/packages/ITensorMPS/fZDBz/src/abstractmps.jl:1246
┌ Warning: norm² is 1.1115008019734938e13 + 0.026478436675731028im, which is not real up to a relative tolerance of 2.220446049250313e-15 and an absolute tolerance of 2.220446049250313e-15. Taking the real part, which may not be accurate.
└ @ ITensorMPS ~/.julia/packages/ITensorMPS/fZDBz/src/abstractmps.jl:1246
┌ Warning: norm² is 3.709995543631148e13 - 0.0826070039027691im, which is not real up to a relative tolerance of 2.220446049250313e-15 and an absolute tolerance of 2.220446049250313e-15. Taking the real part, which may not be accurate.
└ @ ITensorMPS ~/.julia/packages/ITensorMPS/fZDBz/src/abstractmps.jl:1246
┌ Warning: norm² is 2.66369781943636e13 - 0.07226124377036003im, which is not real up to a relative tolerance of 2.220446049250313e-15 and an absolute tolerance of 2.220446049250313e-15. Taking the real part, which may not be accurate.
└ @ ITensorMPS ~/.julia/packages/ITensorMPS/fZDBz/src/abstractmps.jl:1246
┌ Warning: norm² is 2.46860588085544e13 - 0.05483755553017389im, which is not real up to a relative tolerance of 2.220446049250313e-15 and an absolute tolerance of 2.220446049250313e-15. Taking the real part, which may not be accurate.
└ @ ITensorMPS ~/.julia/packages/ITensorMPS/fZDBz/src/abstractmps.jl:1246
┌ Warning: norm² is 3.249757282352844e13 + 0.07355483316312394im, which is not real up to a relative tolerance of 2.220446049250313e-15 and an absolute tolerance of 2.220446049250313e-15. Taking the real part, which may not be accurate.
└ @ ITensorMPS ~/.julia/packages/ITensorMPS/fZDBz/src/abstractmps.jl:1246
┌ Warning: norm² is 1.497599545990045e13 + 0.0553660245652523im, which is not real up to a relative tolerance of 2.220446049250313e-15 and an absolute tolerance of 2.220446049250313e-15. Taking the real part, which may not be accurate.
└ @ ITensorMPS ~/.julia/packages/ITensorMPS/fZDBz/src/abstractmps.jl:1246
┌ Warning: norm² is 2.8779714351805334 - 7.268743289643e-15im, which is not real up to a relative tolerance of 2.220446049250313e-15 and an absolute tolerance of 2.220446049250313e-15. Taking the real part, which may not be accurate.
└ @ ITensorMPS ~/.julia/packages/ITensorMPS/fZDBz/src/abstractmps.jl:1246
┌ Warning: log(norm²) is 1.0665139069644587 - 2.4102820928044094e-15im, which is not real up to a relative tolerance of 2.220446049250313e-15 and an absolute tolerance of 2.220446049250313e-15. Taking the real part, which may not be accurate.
└ @ ITensorMPS ~/.julia/packages/ITensorMPS/fZDBz/src/abstractmps.jl:1271
┌ Warning: norm² is 3.105535526197999 + 9.363824541840955e-15im, which is not real up to a relative tolerance of 2.220446049250313e-15 and an absolute tolerance of 2.220446049250313e-15. Taking the real part, which may not be accurate.
└ @ ITensorMPS ~/.julia/packages/ITensorMPS/fZDBz/src/abstractmps.jl:1246
┌ Warning: norm² is 1.467097531559028e13 + 0.03530617629762308im, which is not real up to a relative tolerance of 2.220446049250313e-15 and an absolute tolerance of 2.220446049250313e-15. Taking the real part, which may not be accurate.
└ @ ITensorMPS ~/.julia/packages/ITensorMPS/fZDBz/src/abstractmps.jl:1246
┌ Warning: norm² is 4.16121602557836e13 + 0.1118362814577889im, which is not real up to a relative tolerance of 2.220446049250313e-15 and an absolute tolerance of 2.220446049250313e-15. Taking the real part, which may not be accurate.
└ @ ITensorMPS ~/.julia/packages/ITensorMPS/fZDBz/src/abstractmps.jl:1246
┌ Warning: norm² is 4.5541882131818484e13 - 0.13001288248124787im, which is not real up to a relative tolerance of 2.220446049250313e-15 and an absolute tolerance of 2.220446049250313e-15. Taking the real part, which may not be accurate.
└ @ ITensorMPS ~/.julia/packages/ITensorMPS/fZDBz/src/abstractmps.jl:1246
┌ Warning: norm² is 1.1103568948610469e13 - 0.02857396884089243im, which is not real up to a relative tolerance of 2.220446049250313e-15 and an absolute tolerance of 2.220446049250313e-15. Taking the real part, which may not be accurate.
└ @ ITensorMPS ~/.julia/packages/ITensorMPS/fZDBz/src/abstractmps.jl:1246
┌ Warning: norm² is 1.6370548131009406e13 - 0.05202764843760477im, which is not real up to a relative tolerance of 2.220446049250313e-15 and an absolute tolerance of 2.220446049250313e-15. Taking the real part, which may not be accurate.
└ @ ITensorMPS ~/.julia/packages/ITensorMPS/fZDBz/src/abstractmps.jl:1246
┌ Warning: norm² is 1.8165168734751914e13 - 0.04971198850594405im, which is not real up to a relative tolerance of 2.220446049250313e-15 and an absolute tolerance of 2.220446049250313e-15. Taking the real part, which may not be accurate.
└ @ ITensorMPS ~/.julia/packages/ITensorMPS/fZDBz/src/abstractmps.jl:1246
┌ Warning: norm² is 1.1109729573082385e13 + 0.02929505866559851im, which is not real up to a relative tolerance of 2.220446049250313e-15 and an absolute tolerance of 2.220446049250313e-15. Taking the real part, which may not be accurate.
└ @ ITensorMPS ~/.julia/packages/ITensorMPS/fZDBz/src/abstractmps.jl:1246
┌ Warning: log(norm²) is 1.0267340688045015 - 2.505949690920779e-15im, which is not real up to a relative tolerance of 2.220446049250313e-15 and an absolute tolerance of 2.220446049250313e-15. Taking the real part, which may not be accurate.
└ @ ITensorMPS ~/.julia/packages/ITensorMPS/fZDBz/src/abstractmps.jl:1271
┌ Warning: log(norm²) is 1.0716318725555967 + 2.7201908257612835e-15im, which is not real up to a relative tolerance of 2.220446049250313e-15 and an absolute tolerance of 2.220446049250313e-15. Taking the real part, which may not be accurate.
└ @ ITensorMPS ~/.julia/packages/ITensorMPS/fZDBz/src/abstractmps.jl:1271
┌ Warning: norm² is 1.3869302375362963e13 - 0.03295746118573245im, which is not real up to a relative tolerance of 2.220446049250313e-15 and an absolute tolerance of 2.220446049250313e-15. Taking the real part, which may not be accurate.
└ @ ITensorMPS ~/.julia/packages/ITensorMPS/fZDBz/src/abstractmps.jl:1246
┌ Warning: norm² is 3.4326045133115723e13 + 0.07807736347663896im, which is not real up to a relative tolerance of 2.220446049250313e-15 and an absolute tolerance of 2.220446049250313e-15. Taking the real part, which may not be accurate.
└ @ ITensorMPS ~/.julia/packages/ITensorMPS/fZDBz/src/abstractmps.jl:1246
┌ Warning: norm² is 2.1634933754986758e13 + 0.06421003025747041im, which is not real up to a relative tolerance of 2.220446049250313e-15 and an absolute tolerance of 2.220446049250313e-15. Taking the real part, which may not be accurate.
└ @ ITensorMPS ~/.julia/packages/ITensorMPS/fZDBz/src/abstractmps.jl:1246
┌ Warning: norm² is 1.1113095327316414e13 - 0.026881153373500805im, which is not real up to a relative tolerance of 2.220446049250313e-15 and an absolute tolerance of 2.220446049250313e-15. Taking the real part, which may not be accurate.
└ @ ITensorMPS ~/.julia/packages/ITensorMPS/fZDBz/src/abstractmps.jl:1246
┌ Warning: norm² is 2.7941527466355945e13 + 0.09010550436095333im, which is not real up to a relative tolerance of 2.220446049250313e-15 and an absolute tolerance of 2.220446049250313e-15. Taking the real part, which may not be accurate.
└ @ ITensorMPS ~/.julia/packages/ITensorMPS/fZDBz/src/abstractmps.jl:1246
┌ Warning: norm² is 1.1109881921113592e13 + 0.03111361802740139im, which is not real up to a relative tolerance of 2.220446049250313e-15 and an absolute tolerance of 2.220446049250313e-15. Taking the real part, which may not be accurate.
└ @ ITensorMPS ~/.julia/packages/ITensorMPS/fZDBz/src/abstractmps.jl:1246
┌ Warning: norm² is 4.665092016123115e13 + 0.13279788626279299im, which is not real up to a relative tolerance of 2.220446049250313e-15 and an absolute tolerance of 2.220446049250313e-15. Taking the real part, which may not be accurate.
└ @ ITensorMPS ~/.julia/packages/ITensorMPS/fZDBz/src/abstractmps.jl:1246
┌ Warning: norm² is 2.6644576648822254 + 6.760071002416951e-15im, which is not real up to a relative tolerance of 2.220446049250313e-15 and an absolute tolerance of 2.220446049250313e-15. Taking the real part, which may not be accurate.
└ @ ITensorMPS ~/.julia/packages/ITensorMPS/fZDBz/src/abstractmps.jl:1246
┌ Warning: log(norm²) is 1.0280481946246876 + 2.296220219541266e-15im, which is not real up to a relative tolerance of 2.220446049250313e-15 and an absolute tolerance of 2.220446049250313e-15. Taking the real part, which may not be accurate.
└ @ ITensorMPS ~/.julia/packages/ITensorMPS/fZDBz/src/abstractmps.jl:1271
┌ Warning: norm² is 1.1125822595770662e13 + 0.030771830405591647im, which is not real up to a relative tolerance of 2.220446049250313e-15 and an absolute tolerance of 2.220446049250313e-15. Taking the real part, which may not be accurate.
└ @ ITensorMPS ~/.julia/packages/ITensorMPS/fZDBz/src/abstractmps.jl:1246
┌ Warning: norm² is 2.9249336395652574 - 9.152697482815644e-15im, which is not real up to a relative tolerance of 2.220446049250313e-15 and an absolute tolerance of 2.220446049250313e-15. Taking the real part, which may not be accurate.
└ @ ITensorMPS ~/.julia/packages/ITensorMPS/fZDBz/src/abstractmps.jl:1246
┌ Warning: norm² is 3.1727602010556875e13 + 0.07500394754688955im, which is not real up to a relative tolerance of 2.220446049250313e-15 and an absolute tolerance of 2.220446049250313e-15. Taking the real part, which may not be accurate.
└ @ ITensorMPS ~/.julia/packages/ITensorMPS/fZDBz/src/abstractmps.jl:1246
┌ Warning: norm² is 2.304650852027872e13 + 0.051386606738736074im, which is not real up to a relative tolerance of 2.220446049250313e-15 and an absolute tolerance of 2.220446049250313e-15. Taking the real part, which may not be accurate.
└ @ ITensorMPS ~/.julia/packages/ITensorMPS/fZDBz/src/abstractmps.jl:1246
┌ Warning: norm² is 1.6860826807298018e13 + 0.04924280293006148im, which is not real up to a relative tolerance of 2.220446049250313e-15 and an absolute tolerance of 2.220446049250313e-15. Taking the real part, which may not be accurate.
└ @ ITensorMPS ~/.julia/packages/ITensorMPS/fZDBz/src/abstractmps.jl:1246
┌ Warning: log(norm²) is 1.0406750376176606 - 2.359559776633993e-15im, which is not real up to a relative tolerance of 2.220446049250313e-15 and an absolute tolerance of 2.220446049250313e-15. Taking the real part, which may not be accurate.
└ @ ITensorMPS ~/.julia/packages/ITensorMPS/fZDBz/src/abstractmps.jl:1271
┌ Warning: norm² is 2.7284545543554098e13 + 0.09262289157671688im, which is not real up to a relative tolerance of 2.220446049250313e-15 and an absolute tolerance of 2.220446049250313e-15. Taking the real part, which may not be accurate.
└ @ ITensorMPS ~/.julia/packages/ITensorMPS/fZDBz/src/abstractmps.jl:1246
┌ Warning: norm² is 1.5579178032284117e13 + 0.038764746094667124im, which is not real up to a relative tolerance of 2.220446049250313e-15 and an absolute tolerance of 2.220446049250313e-15. Taking the real part, which may not be accurate.
└ @ ITensorMPS ~/.julia/packages/ITensorMPS/fZDBz/src/abstractmps.jl:1246
┌ Warning: norm² is 2.916920875785511 + 6.960613052230051e-15im, which is not real up to a relative tolerance of 2.220446049250313e-15 and an absolute tolerance of 2.220446049250313e-15. Taking the real part, which may not be accurate.
└ @ ITensorMPS ~/.julia/packages/ITensorMPS/fZDBz/src/abstractmps.jl:1246
┌ Warning: log(norm²) is 1.0741318073778923 - 3.3504017152449487e-15im, which is not real up to a relative tolerance of 2.220446049250313e-15 and an absolute tolerance of 2.220446049250313e-15. Taking the real part, which may not be accurate.
└ @ ITensorMPS ~/.julia/packages/ITensorMPS/fZDBz/src/abstractmps.jl:1271
┌ Warning: norm² is 3.4350422265192027e13 + 0.0838791394611289im, which is not real up to a relative tolerance of 2.220446049250313e-15 and an absolute tolerance of 2.220446049250313e-15. Taking the real part, which may not be accurate.
└ @ ITensorMPS ~/.julia/packages/ITensorMPS/fZDBz/src/abstractmps.jl:1246
┌ Warning: norm² is 1.3837823259018564e13 + 0.03277842971011608im, which is not real up to a relative tolerance of 2.220446049250313e-15 and an absolute tolerance of 2.220446049250313e-15. Taking the real part, which may not be accurate.
└ @ ITensorMPS ~/.julia/packages/ITensorMPS/fZDBz/src/abstractmps.jl:1246
┌ Warning: norm² is 1.3178119630020643e13 - 0.04399327374426143im, which is not real up to a relative tolerance of 2.220446049250313e-15 and an absolute tolerance of 2.220446049250313e-15. Taking the real part, which may not be accurate.
└ @ ITensorMPS ~/.julia/packages/ITensorMPS/fZDBz/src/abstractmps.jl:1246
┌ Warning: norm² is 1.3850740171559836e13 - 0.03987930644025539im, which is not real up to a relative tolerance of 2.220446049250313e-15 and an absolute tolerance of 2.220446049250313e-15. Taking the real part, which may not be accurate.
└ @ ITensorMPS ~/.julia/packages/ITensorMPS/fZDBz/src/abstractmps.jl:1246
┌ Warning: norm² is 1.1117113937478727e13 + 0.032038086350029166im, which is not real up to a relative tolerance of 2.220446049250313e-15 and an absolute tolerance of 2.220446049250313e-15. Taking the real part, which may not be accurate.
└ @ ITensorMPS ~/.julia/packages/ITensorMPS/fZDBz/src/abstractmps.jl:1246
┌ Warning: norm² is 3.4178002384788004e13 + 0.08705185660060621im, which is not real up to a relative tolerance of 2.220446049250313e-15 and an absolute tolerance of 2.220446049250313e-15. Taking the real part, which may not be accurate.
└ @ ITensorMPS ~/.julia/packages/ITensorMPS/fZDBz/src/abstractmps.jl:1246
┌ Warning: norm² is 1.2909914994685531e13 + 0.03270818078068771im, which is not real up to a relative tolerance of 2.220446049250313e-15 and an absolute tolerance of 2.220446049250313e-15. Taking the real part, which may not be accurate.
└ @ ITensorMPS ~/.julia/packages/ITensorMPS/fZDBz/src/abstractmps.jl:1246
┌ Warning: norm² is 1.1772697438817916e13 + 0.027766739219906356im, which is not real up to a relative tolerance of 2.220446049250313e-15 and an absolute tolerance of 2.220446049250313e-15. Taking the real part, which may not be accurate.
└ @ ITensorMPS ~/.julia/packages/ITensorMPS/fZDBz/src/abstractmps.jl:1246
┌ Warning: norm² is 1.2198311601088428e13 - 0.03478486302425665im, which is not real up to a relative tolerance of 2.220446049250313e-15 and an absolute tolerance of 2.220446049250313e-15. Taking the real part, which may not be accurate.
└ @ ITensorMPS ~/.julia/packages/ITensorMPS/fZDBz/src/abstractmps.jl:1246
┌ Warning: norm² is 1.7296748429762902e13 + 0.03858545494530147im, which is not real up to a relative tolerance of 2.220446049250313e-15 and an absolute tolerance of 2.220446049250313e-15. Taking the real part, which may not be accurate.
└ @ ITensorMPS ~/.julia/packages/ITensorMPS/fZDBz/src/abstractmps.jl:1246
┌ Warning: log(norm²) is 1.073183898977499 - 2.642250843458052e-15im, which is not real up to a relative tolerance of 2.220446049250313e-15 and an absolute tolerance of 2.220446049250313e-15. Taking the real part, which may not be accurate.
└ @ ITensorMPS ~/.julia/packages/ITensorMPS/fZDBz/src/abstractmps.jl:1271
┌ Warning: norm² is 3.5366710802019336e13 - 0.08635686585192737im, which is not real up to a relative tolerance of 2.220446049250313e-15 and an absolute tolerance of 2.220446049250313e-15. Taking the real part, which may not be accurate.
└ @ ITensorMPS ~/.julia/packages/ITensorMPS/fZDBz/src/abstractmps.jl:1246
┌ Warning: log(norm²) is 1.0702553446165317 - 2.5334488348378544e-15im, which is not real up to a relative tolerance of 2.220446049250313e-15 and an absolute tolerance of 2.220446049250313e-15. Taking the real part, which may not be accurate.
└ @ ITensorMPS ~/.julia/packages/ITensorMPS/fZDBz/src/abstractmps.jl:1271
┌ Warning: norm² is 1.8610358622533047e13 - 0.04757210605605161im, which is not real up to a relative tolerance of 2.220446049250313e-15 and an absolute tolerance of 2.220446049250313e-15. Taking the real part, which may not be accurate.
└ @ ITensorMPS ~/.julia/packages/ITensorMPS/fZDBz/src/abstractmps.jl:1246
┌ Warning: norm² is 1.8272457767463035e13 - 0.054844491543796066im, which is not real up to a relative tolerance of 2.220446049250313e-15 and an absolute tolerance of 2.220446049250313e-15. Taking the real part, which may not be accurate.
└ @ ITensorMPS ~/.julia/packages/ITensorMPS/fZDBz/src/abstractmps.jl:1246
┌ Warning: norm² is 2.9273898056434766 + 7.917744115645679e-15im, which is not real up to a relative tolerance of 2.220446049250313e-15 and an absolute tolerance of 2.220446049250313e-15. Taking the real part, which may not be accurate.
└ @ ITensorMPS ~/.julia/packages/ITensorMPS/fZDBz/src/abstractmps.jl:1246
┌ Warning: norm² is 1.1107576429351582e13 + 0.03420797231170758im, which is not real up to a relative tolerance of 2.220446049250313e-15 and an absolute tolerance of 2.220446049250313e-15. Taking the real part, which may not be accurate.
└ @ ITensorMPS ~/.julia/packages/ITensorMPS/fZDBz/src/abstractmps.jl:1246
┌ Warning: log(norm²) is 1.017191935398423 + 2.3135360615635153e-15im, which is not real up to a relative tolerance of 2.220446049250313e-15 and an absolute tolerance of 2.220446049250313e-15. Taking the real part, which may not be accurate.
└ @ ITensorMPS ~/.julia/packages/ITensorMPS/fZDBz/src/abstractmps.jl:1271
┌ Warning: norm² is 2.984082242327242 + 6.8863229975961536e-15im, which is not real up to a relative tolerance of 2.220446049250313e-15 and an absolute tolerance of 2.220446049250313e-15. Taking the real part, which may not be accurate.
└ @ ITensorMPS ~/.julia/packages/ITensorMPS/fZDBz/src/abstractmps.jl:1246
┌ Warning: norm² is 2.9278180248418426 + 6.6334799375611646e-15im, which is not real up to a relative tolerance of 2.220446049250313e-15 and an absolute tolerance of 2.220446049250313e-15. Taking the real part, which may not be accurate.
└ @ ITensorMPS ~/.julia/packages/ITensorMPS/fZDBz/src/abstractmps.jl:1246
┌ Warning: norm² is 1.8575638412281055e13 + 0.05856886593269356im, which is not real up to a relative tolerance of 2.220446049250313e-15 and an absolute tolerance of 2.220446049250313e-15. Taking the real part, which may not be accurate.
└ @ ITensorMPS ~/.julia/packages/ITensorMPS/fZDBz/src/abstractmps.jl:1246
┌ Warning: norm² is 1.1120784586366598e13 + 0.025559753992851153im, which is not real up to a relative tolerance of 2.220446049250313e-15 and an absolute tolerance of 2.220446049250313e-15. Taking the real part, which may not be accurate.
└ @ ITensorMPS ~/.julia/packages/ITensorMPS/fZDBz/src/abstractmps.jl:1246
┌ Warning: norm² is 1.4822635343899812e13 - 0.03453378068470661im, which is not real up to a relative tolerance of 2.220446049250313e-15 and an absolute tolerance of 2.220446049250313e-15. Taking the real part, which may not be accurate.
└ @ ITensorMPS ~/.julia/packages/ITensorMPS/fZDBz/src/abstractmps.jl:1246
┌ Warning: norm² is 4.8734822807625625e13 + 0.11498145463494547im, which is not real up to a relative tolerance of 2.220446049250313e-15 and an absolute tolerance of 2.220446049250313e-15. Taking the real part, which may not be accurate.
└ @ ITensorMPS ~/.julia/packages/ITensorMPS/fZDBz/src/abstractmps.jl:1246
┌ Warning: norm² is 3.046019383636204 - 6.852532281548107e-15im, which is not real up to a relative tolerance of 2.220446049250313e-15 and an absolute tolerance of 2.220446049250313e-15. Taking the real part, which may not be accurate.
└ @ ITensorMPS ~/.julia/packages/ITensorMPS/fZDBz/src/abstractmps.jl:1246
┌ Warning: log(norm²) is 1.050963260151425 + 2.3795395291530226e-15im, which is not real up to a relative tolerance of 2.220446049250313e-15 and an absolute tolerance of 2.220446049250313e-15. Taking the real part, which may not be accurate.
└ @ ITensorMPS ~/.julia/packages/ITensorMPS/fZDBz/src/abstractmps.jl:1271
┌ Warning: norm² is 1.111445440724838e13 + 0.030511022343502274im, which is not real up to a relative tolerance of 2.220446049250313e-15 and an absolute tolerance of 2.220446049250313e-15. Taking the real part, which may not be accurate.
└ @ ITensorMPS ~/.julia/packages/ITensorMPS/fZDBz/src/abstractmps.jl:1246
┌ Warning: norm² is 2.874087887303496 - 6.583635030466254e-15im, which is not real up to a relative tolerance of 2.220446049250313e-15 and an absolute tolerance of 2.220446049250313e-15. Taking the real part, which may not be accurate.
└ @ ITensorMPS ~/.julia/packages/ITensorMPS/fZDBz/src/abstractmps.jl:1246
┌ Warning: norm² is 4.173904175748359e13 + 0.12359577916840347im, which is not real up to a relative tolerance of 2.220446049250313e-15 and an absolute tolerance of 2.220446049250313e-15. Taking the real part, which may not be accurate.
└ @ ITensorMPS ~/.julia/packages/ITensorMPS/fZDBz/src/abstractmps.jl:1246
┌ Warning: norm² is 2.8144430717253207e13 - 0.0737680415429054im, which is not real up to a relative tolerance of 2.220446049250313e-15 and an absolute tolerance of 2.220446049250313e-15. Taking the real part, which may not be accurate.
└ @ ITensorMPS ~/.julia/packages/ITensorMPS/fZDBz/src/abstractmps.jl:1246
┌ Warning: norm² is 1.1119221939076938e13 + 0.026116306524391317im, which is not real up to a relative tolerance of 2.220446049250313e-15 and an absolute tolerance of 2.220446049250313e-15. Taking the real part, which may not be accurate.
└ @ ITensorMPS ~/.julia/packages/ITensorMPS/fZDBz/src/abstractmps.jl:1246
┌ Warning: norm² is 3.096496861471065 + 7.838869995087009e-15im, which is not real up to a relative tolerance of 2.220446049250313e-15 and an absolute tolerance of 2.220446049250313e-15. Taking the real part, which may not be accurate.
└ @ ITensorMPS ~/.julia/packages/ITensorMPS/fZDBz/src/abstractmps.jl:1246
┌ Warning: log(norm²) is 1.0553959261339263 - 2.6172769233762146e-15im, which is not real up to a relative tolerance of 2.220446049250313e-15 and an absolute tolerance of 2.220446049250313e-15. Taking the real part, which may not be accurate.
└ @ ITensorMPS ~/.julia/packages/ITensorMPS/fZDBz/src/abstractmps.jl:1271
┌ Warning: norm² is 2.926373777661949 - 7.525037780964973e-15im, which is not real up to a relative tolerance of 2.220446049250313e-15 and an absolute tolerance of 2.220446049250313e-15. Taking the real part, which may not be accurate.
└ @ ITensorMPS ~/.julia/packages/ITensorMPS/fZDBz/src/abstractmps.jl:1246
┌ Warning: norm² is 1.7058639448081762e13 - 0.047257544052269035im, which is not real up to a relative tolerance of 2.220446049250313e-15 and an absolute tolerance of 2.220446049250313e-15. Taking the real part, which may not be accurate.
└ @ ITensorMPS ~/.julia/packages/ITensorMPS/fZDBz/src/abstractmps.jl:1246
┌ Warning: norm² is 2.875754886197859 + 8.86078582583054e-15im, which is not real up to a relative tolerance of 2.220446049250313e-15 and an absolute tolerance of 2.220446049250313e-15. Taking the real part, which may not be accurate.
└ @ ITensorMPS ~/.julia/packages/ITensorMPS/fZDBz/src/abstractmps.jl:1246
┌ Warning: norm² is 2.9247107308519156 - 6.805337685525123e-15im, which is not real up to a relative tolerance of 2.220446049250313e-15 and an absolute tolerance of 2.220446049250313e-15. Taking the real part, which may not be accurate.
└ @ ITensorMPS ~/.julia/packages/ITensorMPS/fZDBz/src/abstractmps.jl:1246
┌ Warning: norm² is 2.7487914339472654 - 6.258450525660687e-15im, which is not real up to a relative tolerance of 2.220446049250313e-15 and an absolute tolerance of 2.220446049250313e-15. Taking the real part, which may not be accurate.
└ @ ITensorMPS ~/.julia/packages/ITensorMPS/fZDBz/src/abstractmps.jl:1246
┌ Warning: norm² is 2.972403170740437 + 6.734609283603659e-15im, which is not real up to a relative tolerance of 2.220446049250313e-15 and an absolute tolerance of 2.220446049250313e-15. Taking the real part, which may not be accurate.
└ @ ITensorMPS ~/.julia/packages/ITensorMPS/fZDBz/src/abstractmps.jl:1246
┌ Warning: norm² is 2.076317814899683e13 + 0.04628054224963307im, which is not real up to a relative tolerance of 2.220446049250313e-15 and an absolute tolerance of 2.220446049250313e-15. Taking the real part, which may not be accurate.
└ @ ITensorMPS ~/.julia/packages/ITensorMPS/fZDBz/src/abstractmps.jl:1246
┌ Warning: norm² is 2.9266143890727694 + 7.567342943174087e-15im, which is not real up to a relative tolerance of 2.220446049250313e-15 and an absolute tolerance of 2.220446049250313e-15. Taking the real part, which may not be accurate.
└ @ ITensorMPS ~/.julia/packages/ITensorMPS/fZDBz/src/abstractmps.jl:1246
┌ Warning: norm² is 2.923148638460442 + 8.158255123105397e-15im, which is not real up to a relative tolerance of 2.220446049250313e-15 and an absolute tolerance of 2.220446049250313e-15. Taking the real part, which may not be accurate.
└ @ ITensorMPS ~/.julia/packages/ITensorMPS/fZDBz/src/abstractmps.jl:1246
┌ Warning: norm² is 1.5727297742800451e13 + 0.036423383674655696im, which is not real up to a relative tolerance of 2.220446049250313e-15 and an absolute tolerance of 2.220446049250313e-15. Taking the real part, which may not be accurate.
└ @ ITensorMPS ~/.julia/packages/ITensorMPS/fZDBz/src/abstractmps.jl:1246
┌ Warning: norm² is 1.3741740164660326e13 + 0.0306509631197045im, which is not real up to a relative tolerance of 2.220446049250313e-15 and an absolute tolerance of 2.220446049250313e-15. Taking the real part, which may not be accurate.
└ @ ITensorMPS ~/.julia/packages/ITensorMPS/fZDBz/src/abstractmps.jl:1246
┌ Warning: log(norm²) is 1.0731621494109467 + 2.5492494673608093e-15im, which is not real up to a relative tolerance of 2.220446049250313e-15 and an absolute tolerance of 2.220446049250313e-15. Taking the real part, which may not be accurate.
└ @ ITensorMPS ~/.julia/packages/ITensorMPS/fZDBz/src/abstractmps.jl:1271
┌ Warning: norm² is 2.925487126157464 + 7.254470998009625e-15im, which is not real up to a relative tolerance of 2.220446049250313e-15 and an absolute tolerance of 2.220446049250313e-15. Taking the real part, which may not be accurate.
└ @ ITensorMPS ~/.julia/packages/ITensorMPS/fZDBz/src/abstractmps.jl:1246
┌ Warning: norm² is 1.7175912642949805e13 - 0.039607314906067115im, which is not real up to a relative tolerance of 2.220446049250313e-15 and an absolute tolerance of 2.220446049250313e-15. Taking the real part, which may not be accurate.
└ @ ITensorMPS ~/.julia/packages/ITensorMPS/fZDBz/src/abstractmps.jl:1246
┌ Warning: norm² is 2.9275086824237464 + 7.299143221258756e-15im, which is not real up to a relative tolerance of 2.220446049250313e-15 and an absolute tolerance of 2.220446049250313e-15. Taking the real part, which may not be accurate.
└ @ ITensorMPS ~/.julia/packages/ITensorMPS/fZDBz/src/abstractmps.jl:1246
┌ Warning: norm² is 1.8766359794431734e13 + 0.04328056675263531im, which is not real up to a relative tolerance of 2.220446049250313e-15 and an absolute tolerance of 2.220446049250313e-15. Taking the real part, which may not be accurate.
└ @ ITensorMPS ~/.julia/packages/ITensorMPS/fZDBz/src/abstractmps.jl:1246
┌ Warning: norm² is 1.1107469289774422e13 + 0.028418134113130652im, which is not real up to a relative tolerance of 2.220446049250313e-15 and an absolute tolerance of 2.220446049250313e-15. Taking the real part, which may not be accurate.
└ @ ITensorMPS ~/.julia/packages/ITensorMPS/fZDBz/src/abstractmps.jl:1246
┌ Warning: norm² is 2.9021355378664806 + 7.412587880170013e-15im, which is not real up to a relative tolerance of 2.220446049250313e-15 and an absolute tolerance of 2.220446049250313e-15. Taking the real part, which may not be accurate.
└ @ ITensorMPS ~/.julia/packages/ITensorMPS/fZDBz/src/abstractmps.jl:1246
┌ Warning: norm² is 2.9244997987532493 - 7.861298723828409e-15im, which is not real up to a relative tolerance of 2.220446049250313e-15 and an absolute tolerance of 2.220446049250313e-15. Taking the real part, which may not be accurate.
└ @ ITensorMPS ~/.julia/packages/ITensorMPS/fZDBz/src/abstractmps.jl:1246
┌ Warning: log(norm²) is 1.071277952452442 - 2.7572004894175148e-15im, which is not real up to a relative tolerance of 2.220446049250313e-15 and an absolute tolerance of 2.220446049250313e-15. Taking the real part, which may not be accurate.
└ @ ITensorMPS ~/.julia/packages/ITensorMPS/fZDBz/src/abstractmps.jl:1271
┌ Warning: norm² is 2.302629953972672e13 - 0.061358237463309706im, which is not real up to a relative tolerance of 2.220446049250313e-15 and an absolute tolerance of 2.220446049250313e-15. Taking the real part, which may not be accurate.
└ @ ITensorMPS ~/.julia/packages/ITensorMPS/fZDBz/src/abstractmps.jl:1246
┌ Warning: norm² is 1.1126810898928654e13 + 0.027463680484123794im, which is not real up to a relative tolerance of 2.220446049250313e-15 and an absolute tolerance of 2.220446049250313e-15. Taking the real part, which may not be accurate.
└ @ ITensorMPS ~/.julia/packages/ITensorMPS/fZDBz/src/abstractmps.jl:1246
┌ Warning: log(norm²) is 1.0312343502894603 + 2.3240088356826628e-15im, which is not real up to a relative tolerance of 2.220446049250313e-15 and an absolute tolerance of 2.220446049250313e-15. Taking the real part, which may not be accurate.
└ @ ITensorMPS ~/.julia/packages/ITensorMPS/fZDBz/src/abstractmps.jl:1271
┌ Warning: norm² is 1.7704046568989906e13 + 0.05255359463854148im, which is not real up to a relative tolerance of 2.220446049250313e-15 and an absolute tolerance of 2.220446049250313e-15. Taking the real part, which may not be accurate.
└ @ ITensorMPS ~/.julia/packages/ITensorMPS/fZDBz/src/abstractmps.jl:1246
┌ Warning: norm² is 1.632523906651998e13 - 0.0485317437724575im, which is not real up to a relative tolerance of 2.220446049250313e-15 and an absolute tolerance of 2.220446049250313e-15. Taking the real part, which may not be accurate.
└ @ ITensorMPS ~/.julia/packages/ITensorMPS/fZDBz/src/abstractmps.jl:1246
┌ Warning: norm² is 2.832818325530458e13 + 0.10784054674003585im, which is not real up to a relative tolerance of 2.220446049250313e-15 and an absolute tolerance of 2.220446049250313e-15. Taking the real part, which may not be accurate.
└ @ ITensorMPS ~/.julia/packages/ITensorMPS/fZDBz/src/abstractmps.jl:1246
┌ Warning: log(norm²) is 1.0749861398133773 - 2.4364499742857606e-15im, which is not real up to a relative tolerance of 2.220446049250313e-15 and an absolute tolerance of 2.220446049250313e-15. Taking the real part, which may not be accurate.
└ @ ITensorMPS ~/.julia/packages/ITensorMPS/fZDBz/src/abstractmps.jl:1271
┌ Warning: norm² is 1.1112524937453076e13 + 0.03282451333897962im, which is not real up to a relative tolerance of 2.220446049250313e-15 and an absolute tolerance of 2.220446049250313e-15. Taking the real part, which may not be accurate.
└ @ ITensorMPS ~/.julia/packages/ITensorMPS/fZDBz/src/abstractmps.jl:1246
┌ Warning: norm² is 1.9124581724530457e13 + 0.048802895465257734im, which is not real up to a relative tolerance of 2.220446049250313e-15 and an absolute tolerance of 2.220446049250313e-15. Taking the real part, which may not be accurate.
└ @ ITensorMPS ~/.julia/packages/ITensorMPS/fZDBz/src/abstractmps.jl:1246
┌ Warning: log(norm²) is 0.9581091659075022 + 2.261414059244285e-15im, which is not real up to a relative tolerance of 2.220446049250313e-15 and an absolute tolerance of 2.220446049250313e-15. Taking the real part, which may not be accurate.
└ @ ITensorMPS ~/.julia/packages/ITensorMPS/fZDBz/src/abstractmps.jl:1271
┌ Warning: norm² is 1.6756282886087889e13 - 0.0442539880596699im, which is not real up to a relative tolerance of 2.220446049250313e-15 and an absolute tolerance of 2.220446049250313e-15. Taking the real part, which may not be accurate.
└ @ ITensorMPS ~/.julia/packages/ITensorMPS/fZDBz/src/abstractmps.jl:1246
┌ Warning: norm² is 1.1123401021780658e13 + 0.029198348293386286im, which is not real up to a relative tolerance of 2.220446049250313e-15 and an absolute tolerance of 2.220446049250313e-15. Taking the real part, which may not be accurate.
└ @ ITensorMPS ~/.julia/packages/ITensorMPS/fZDBz/src/abstractmps.jl:1246
┌ Warning: norm² is 2.8347377549801345 + 8.437872249164725e-15im, which is not real up to a relative tolerance of 2.220446049250313e-15 and an absolute tolerance of 2.220446049250313e-15. Taking the real part, which may not be accurate.
└ @ ITensorMPS ~/.julia/packages/ITensorMPS/fZDBz/src/abstractmps.jl:1246
┌ Warning: norm² is 2.8143926685541696 - 7.95466530779759e-15im, which is not real up to a relative tolerance of 2.220446049250313e-15 and an absolute tolerance of 2.220446049250313e-15. Taking the real part, which may not be accurate.
└ @ ITensorMPS ~/.julia/packages/ITensorMPS/fZDBz/src/abstractmps.jl:1246
┌ Warning: norm² is 1.459894269627857e13 + 0.038760862394457696im, which is not real up to a relative tolerance of 2.220446049250313e-15 and an absolute tolerance of 2.220446049250313e-15. Taking the real part, which may not be accurate.
└ @ ITensorMPS ~/.julia/packages/ITensorMPS/fZDBz/src/abstractmps.jl:1246
┌ Warning: norm² is 1.1107808546068293e13 + 0.027382366650193377im, which is not real up to a relative tolerance of 2.220446049250313e-15 and an absolute tolerance of 2.220446049250313e-15. Taking the real part, which may not be accurate.
└ @ ITensorMPS ~/.julia/packages/ITensorMPS/fZDBz/src/abstractmps.jl:1246
┌ Warning: norm² is 1.1111976351635102e13 + 0.027987204213069133im, which is not real up to a relative tolerance of 2.220446049250313e-15 and an absolute tolerance of 2.220446049250313e-15. Taking the real part, which may not be accurate.
└ @ ITensorMPS ~/.julia/packages/ITensorMPS/fZDBz/src/abstractmps.jl:1246
┌ Warning: norm² is 2.906101024575584 + 7.697948371170793e-15im, which is not real up to a relative tolerance of 2.220446049250313e-15 and an absolute tolerance of 2.220446049250313e-15. Taking the real part, which may not be accurate.
└ @ ITensorMPS ~/.julia/packages/ITensorMPS/fZDBz/src/abstractmps.jl:1246
┌ Warning: norm² is 3.346934477913347e13 + 0.14359467246585744im, which is not real up to a relative tolerance of 2.220446049250313e-15 and an absolute tolerance of 2.220446049250313e-15. Taking the real part, which may not be accurate.
└ @ ITensorMPS ~/.julia/packages/ITensorMPS/fZDBz/src/abstractmps.jl:1246
┌ Warning: norm² is 1.551571407668288e13 - 0.03699479438465403im, which is not real up to a relative tolerance of 2.220446049250313e-15 and an absolute tolerance of 2.220446049250313e-15. Taking the real part, which may not be accurate.
└ @ ITensorMPS ~/.julia/packages/ITensorMPS/fZDBz/src/abstractmps.jl:1246
┌ Warning: log(norm²) is 0.9429575982818789 + 2.5581182765016474e-15im, which is not real up to a relative tolerance of 2.220446049250313e-15 and an absolute tolerance of 2.220446049250313e-15. Taking the real part, which may not be accurate.
└ @ ITensorMPS ~/.julia/packages/ITensorMPS/fZDBz/src/abstractmps.jl:1271
┌ Warning: log(norm²) is 0.9746825897607636 - 2.300673027128158e-15im, which is not real up to a relative tolerance of 2.220446049250313e-15 and an absolute tolerance of 2.220446049250313e-15. Taking the real part, which may not be accurate.
└ @ ITensorMPS ~/.julia/packages/ITensorMPS/fZDBz/src/abstractmps.jl:1271
┌ Warning: norm² is 2.8355969303277297e13 - 0.06820576951986368im, which is not real up to a relative tolerance of 2.220446049250313e-15 and an absolute tolerance of 2.220446049250313e-15. Taking the real part, which may not be accurate.
└ @ ITensorMPS ~/.julia/packages/ITensorMPS/fZDBz/src/abstractmps.jl:1246
┌ Warning: norm² is 2.82828322082276 - 7.192975023291307e-15im, which is not real up to a relative tolerance of 2.220446049250313e-15 and an absolute tolerance of 2.220446049250313e-15. Taking the real part, which may not be accurate.
└ @ ITensorMPS ~/.julia/packages/ITensorMPS/fZDBz/src/abstractmps.jl:1246
┌ Warning: norm² is 1.111657194879005e13 - 0.026225319569288297im, which is not real up to a relative tolerance of 2.220446049250313e-15 and an absolute tolerance of 2.220446049250313e-15. Taking the real part, which may not be accurate.
└ @ ITensorMPS ~/.julia/packages/ITensorMPS/fZDBz/src/abstractmps.jl:1246
┌ Warning: log(norm²) is 1.0956076293917598 + 2.871294123909018e-15im, which is not real up to a relative tolerance of 2.220446049250313e-15 and an absolute tolerance of 2.220446049250313e-15. Taking the real part, which may not be accurate.
└ @ ITensorMPS ~/.julia/packages/ITensorMPS/fZDBz/src/abstractmps.jl:1271
┌ Warning: norm² is 4.5802314060169875e13 + 0.10293181186801803im, which is not real up to a relative tolerance of 2.220446049250313e-15 and an absolute tolerance of 2.220446049250313e-15. Taking the real part, which may not be accurate.
└ @ ITensorMPS ~/.julia/packages/ITensorMPS/fZDBz/src/abstractmps.jl:1246
┌ Warning: norm² is 1.9446711406356535e13 + 0.05401043728734772im, which is not real up to a relative tolerance of 2.220446049250313e-15 and an absolute tolerance of 2.220446049250313e-15. Taking the real part, which may not be accurate.
└ @ ITensorMPS ~/.julia/packages/ITensorMPS/fZDBz/src/abstractmps.jl:1246
┌ Warning: norm² is 3.4978115282191812e13 + 0.10336927107978333im, which is not real up to a relative tolerance of 2.220446049250313e-15 and an absolute tolerance of 2.220446049250313e-15. Taking the real part, which may not be accurate.
└ @ ITensorMPS ~/.julia/packages/ITensorMPS/fZDBz/src/abstractmps.jl:1246
┌ Warning: norm² is 2.948796342256757 + 6.572248192312011e-15im, which is not real up to a relative tolerance of 2.220446049250313e-15 and an absolute tolerance of 2.220446049250313e-15. Taking the real part, which may not be accurate.
└ @ ITensorMPS ~/.julia/packages/ITensorMPS/fZDBz/src/abstractmps.jl:1246
┌ Warning: norm² is 1.1121623046672691e13 - 0.031378989247844505im, which is not real up to a relative tolerance of 2.220446049250313e-15 and an absolute tolerance of 2.220446049250313e-15. Taking the real part, which may not be accurate.
└ @ ITensorMPS ~/.julia/packages/ITensorMPS/fZDBz/src/abstractmps.jl:1246
┌ Warning: norm² is 2.8021185262693453e13 + 0.0681981705937953im, which is not real up to a relative tolerance of 2.220446049250313e-15 and an absolute tolerance of 2.220446049250313e-15. Taking the real part, which may not be accurate.
└ @ ITensorMPS ~/.julia/packages/ITensorMPS/fZDBz/src/abstractmps.jl:1246
┌ Warning: norm² is 1.8135286919091902e13 - 0.04867104413369816im, which is not real up to a relative tolerance of 2.220446049250313e-15 and an absolute tolerance of 2.220446049250313e-15. Taking the real part, which may not be accurate.
└ @ ITensorMPS ~/.julia/packages/ITensorMPS/fZDBz/src/abstractmps.jl:1246
┌ Warning: norm² is 3.300338889222649e13 - 0.07598652535032357im, which is not real up to a relative tolerance of 2.220446049250313e-15 and an absolute tolerance of 2.220446049250313e-15. Taking the real part, which may not be accurate.
└ @ ITensorMPS ~/.julia/packages/ITensorMPS/fZDBz/src/abstractmps.jl:1246
┌ Warning: norm² is 1.8580143962914586e13 - 0.04512961286595439im, which is not real up to a relative tolerance of 2.220446049250313e-15 and an absolute tolerance of 2.220446049250313e-15. Taking the real part, which may not be accurate.
└ @ ITensorMPS ~/.julia/packages/ITensorMPS/fZDBz/src/abstractmps.jl:1246
┌ Warning: norm² is 2.9265262878719196 - 6.974702066450052e-15im, which is not real up to a relative tolerance of 2.220446049250313e-15 and an absolute tolerance of 2.220446049250313e-15. Taking the real part, which may not be accurate.
└ @ ITensorMPS ~/.julia/packages/ITensorMPS/fZDBz/src/abstractmps.jl:1246
┌ Warning: norm² is 3.0930337411067423 - 8.373007361740651e-15im, which is not real up to a relative tolerance of 2.220446049250313e-15 and an absolute tolerance of 2.220446049250313e-15. Taking the real part, which may not be accurate.
└ @ ITensorMPS ~/.julia/packages/ITensorMPS/fZDBz/src/abstractmps.jl:1246
┌ Warning: norm² is 2.72108571730273 + 6.131368795753304e-15im, which is not real up to a relative tolerance of 2.220446049250313e-15 and an absolute tolerance of 2.220446049250313e-15. Taking the real part, which may not be accurate.
└ @ ITensorMPS ~/.julia/packages/ITensorMPS/fZDBz/src/abstractmps.jl:1246
┌ Warning: norm² is 2.995570322316797 - 8.587884385916681e-15im, which is not real up to a relative tolerance of 2.220446049250313e-15 and an absolute tolerance of 2.220446049250313e-15. Taking the real part, which may not be accurate.
└ @ ITensorMPS ~/.julia/packages/ITensorMPS/fZDBz/src/abstractmps.jl:1246
┌ Warning: log(norm²) is 1.0311320170647806 - 2.301534346864605e-15im, which is not real up to a relative tolerance of 2.220446049250313e-15 and an absolute tolerance of 2.220446049250313e-15. Taking the real part, which may not be accurate.
└ @ ITensorMPS ~/.julia/packages/ITensorMPS/fZDBz/src/abstractmps.jl:1271
┌ Warning: norm² is 1.2592607571970553e13 - 0.03189368692418704im, which is not real up to a relative tolerance of 2.220446049250313e-15 and an absolute tolerance of 2.220446049250313e-15. Taking the real part, which may not be accurate.
└ @ ITensorMPS ~/.julia/packages/ITensorMPS/fZDBz/src/abstractmps.jl:1246
┌ Warning: norm² is 1.7311792646002959e13 + 0.058911843756998206im, which is not real up to a relative tolerance of 2.220446049250313e-15 and an absolute tolerance of 2.220446049250313e-15. Taking the real part, which may not be accurate.
└ @ ITensorMPS ~/.julia/packages/ITensorMPS/fZDBz/src/abstractmps.jl:1246
┌ Warning: log(norm²) is 1.0734613935663806 - 2.4036171326400657e-15im, which is not real up to a relative tolerance of 2.220446049250313e-15 and an absolute tolerance of 2.220446049250313e-15. Taking the real part, which may not be accurate.
└ @ ITensorMPS ~/.julia/packages/ITensorMPS/fZDBz/src/abstractmps.jl:1271
┌ Warning: norm² is 1.1123656383401656e13 + 0.03130855091955532im, which is not real up to a relative tolerance of 2.220446049250313e-15 and an absolute tolerance of 2.220446049250313e-15. Taking the real part, which may not be accurate.
└ @ ITensorMPS ~/.julia/packages/ITensorMPS/fZDBz/src/abstractmps.jl:1246
┌ Warning: norm² is 2.9557956007433357 + 7.703265003446294e-15im, which is not real up to a relative tolerance of 2.220446049250313e-15 and an absolute tolerance of 2.220446049250313e-15. Taking the real part, which may not be accurate.
└ @ ITensorMPS ~/.julia/packages/ITensorMPS/fZDBz/src/abstractmps.jl:1246
┌ Warning: norm² is 1.882776869684934e13 + 0.06460972950107191im, which is not real up to a relative tolerance of 2.220446049250313e-15 and an absolute tolerance of 2.220446049250313e-15. Taking the real part, which may not be accurate.
└ @ ITensorMPS ~/.julia/packages/ITensorMPS/fZDBz/src/abstractmps.jl:1246
┌ Warning: norm² is 3.1136916232401752 + 7.963166438177923e-15im, which is not real up to a relative tolerance of 2.220446049250313e-15 and an absolute tolerance of 2.220446049250313e-15. Taking the real part, which may not be accurate.
└ @ ITensorMPS ~/.julia/packages/ITensorMPS/fZDBz/src/abstractmps.jl:1246
┌ Warning: norm² is 1.1122336076238367e13 - 0.035067466866435096im, which is not real up to a relative tolerance of 2.220446049250313e-15 and an absolute tolerance of 2.220446049250313e-15. Taking the real part, which may not be accurate.
└ @ ITensorMPS ~/.julia/packages/ITensorMPS/fZDBz/src/abstractmps.jl:1246
┌ Warning: norm² is 1.1114297942467414e13 - 0.025599584052790326im, which is not real up to a relative tolerance of 2.220446049250313e-15 and an absolute tolerance of 2.220446049250313e-15. Taking the real part, which may not be accurate.
└ @ ITensorMPS ~/.julia/packages/ITensorMPS/fZDBz/src/abstractmps.jl:1246
┌ Warning: norm² is 1.4402409520886996e13 - 0.0344571977642647im, which is not real up to a relative tolerance of 2.220446049250313e-15 and an absolute tolerance of 2.220446049250313e-15. Taking the real part, which may not be accurate.
└ @ ITensorMPS ~/.julia/packages/ITensorMPS/fZDBz/src/abstractmps.jl:1246
┌ Warning: norm² is 1.111409232002366e13 + 0.028740176632033668im, which is not real up to a relative tolerance of 2.220446049250313e-15 and an absolute tolerance of 2.220446049250313e-15. Taking the real part, which may not be accurate.
└ @ ITensorMPS ~/.julia/packages/ITensorMPS/fZDBz/src/abstractmps.jl:1246
┌ Warning: norm² is 1.1114485935974336e13 + 0.026351772842171096im, which is not real up to a relative tolerance of 2.220446049250313e-15 and an absolute tolerance of 2.220446049250313e-15. Taking the real part, which may not be accurate.
└ @ ITensorMPS ~/.julia/packages/ITensorMPS/fZDBz/src/abstractmps.jl:1246
┌ Warning: norm² is 2.926334325684551 - 6.656090917825909e-15im, which is not real up to a relative tolerance of 2.220446049250313e-15 and an absolute tolerance of 2.220446049250313e-15. Taking the real part, which may not be accurate.
└ @ ITensorMPS ~/.julia/packages/ITensorMPS/fZDBz/src/abstractmps.jl:1246
┌ Warning: log(norm²) is 1.015976850179855 + 2.382535609149841e-15im, which is not real up to a relative tolerance of 2.220446049250313e-15 and an absolute tolerance of 2.220446049250313e-15. Taking the real part, which may not be accurate.
└ @ ITensorMPS ~/.julia/packages/ITensorMPS/fZDBz/src/abstractmps.jl:1271
┌ Warning: norm² is 2.9155199337274476 - 6.683973857945898e-15im, which is not real up to a relative tolerance of 2.220446049250313e-15 and an absolute tolerance of 2.220446049250313e-15. Taking the real part, which may not be accurate.
└ @ ITensorMPS ~/.julia/packages/ITensorMPS/fZDBz/src/abstractmps.jl:1246
┌ Warning: norm² is 3.796038650815419e13 - 0.09004267624154494im, which is not real up to a relative tolerance of 2.220446049250313e-15 and an absolute tolerance of 2.220446049250313e-15. Taking the real part, which may not be accurate.
└ @ ITensorMPS ~/.julia/packages/ITensorMPS/fZDBz/src/abstractmps.jl:1246
┌ Warning: log(norm²) is 1.0591650997038835 + 2.373323333254998e-15im, which is not real up to a relative tolerance of 2.220446049250313e-15 and an absolute tolerance of 2.220446049250313e-15. Taking the real part, which may not be accurate.
└ @ ITensorMPS ~/.julia/packages/ITensorMPS/fZDBz/src/abstractmps.jl:1271
┌ Warning: log(norm²) is 1.0740927343713396 - 2.5304438060628168e-15im, which is not real up to a relative tolerance of 2.220446049250313e-15 and an absolute tolerance of 2.220446049250313e-15. Taking the real part, which may not be accurate.
└ @ ITensorMPS ~/.julia/packages/ITensorMPS/fZDBz/src/abstractmps.jl:1271
┌ Warning: norm² is 4.573025772095316e13 + 0.1037953401188112im, which is not real up to a relative tolerance of 2.220446049250313e-15 and an absolute tolerance of 2.220446049250313e-15. Taking the real part, which may not be accurate.
└ @ ITensorMPS ~/.julia/packages/ITensorMPS/fZDBz/src/abstractmps.jl:1246
┌ Warning: norm² is 1.7413003410474387e13 + 0.04324263234829774im, which is not real up to a relative tolerance of 2.220446049250313e-15 and an absolute tolerance of 2.220446049250313e-15. Taking the real part, which may not be accurate.
└ @ ITensorMPS ~/.julia/packages/ITensorMPS/fZDBz/src/abstractmps.jl:1246
┌ Warning: norm² is 4.851743116314492e13 - 0.17885929154947178im, which is not real up to a relative tolerance of 2.220446049250313e-15 and an absolute tolerance of 2.220446049250313e-15. Taking the real part, which may not be accurate.
└ @ ITensorMPS ~/.julia/packages/ITensorMPS/fZDBz/src/abstractmps.jl:1246
┌ Warning: norm² is 1.7660507037328207e13 + 0.042332349672058234im, which is not real up to a relative tolerance of 2.220446049250313e-15 and an absolute tolerance of 2.220446049250313e-15. Taking the real part, which may not be accurate.
└ @ ITensorMPS ~/.julia/packages/ITensorMPS/fZDBz/src/abstractmps.jl:1246
┌ Warning: norm² is 2.9358855932160415 - 6.855410637616998e-15im, which is not real up to a relative tolerance of 2.220446049250313e-15 and an absolute tolerance of 2.220446049250313e-15. Taking the real part, which may not be accurate.
└ @ ITensorMPS ~/.julia/packages/ITensorMPS/fZDBz/src/abstractmps.jl:1246
┌ Warning: norm² is 1.111259642815986e13 - 0.02786698996191489im, which is not real up to a relative tolerance of 2.220446049250313e-15 and an absolute tolerance of 2.220446049250313e-15. Taking the real part, which may not be accurate.
└ @ ITensorMPS ~/.julia/packages/ITensorMPS/fZDBz/src/abstractmps.jl:1246
┌ Warning: norm² is 2.69911095655721e13 + 0.08679077166061022im, which is not real up to a relative tolerance of 2.220446049250313e-15 and an absolute tolerance of 2.220446049250313e-15. Taking the real part, which may not be accurate.
└ @ ITensorMPS ~/.julia/packages/ITensorMPS/fZDBz/src/abstractmps.jl:1246
┌ Warning: norm² is 1.3866478587807576e13 + 0.03244216948475831im, which is not real up to a relative tolerance of 2.220446049250313e-15 and an absolute tolerance of 2.220446049250313e-15. Taking the real part, which may not be accurate.
└ @ ITensorMPS ~/.julia/packages/ITensorMPS/fZDBz/src/abstractmps.jl:1246
┌ Warning: norm² is 3.633658026968577e13 + 0.11168203056944748im, which is not real up to a relative tolerance of 2.220446049250313e-15 and an absolute tolerance of 2.220446049250313e-15. Taking the real part, which may not be accurate.
└ @ ITensorMPS ~/.julia/packages/ITensorMPS/fZDBz/src/abstractmps.jl:1246
┌ Warning: norm² is 2.0008762799338383e13 - 0.04874465553146479im, which is not real up to a relative tolerance of 2.220446049250313e-15 and an absolute tolerance of 2.220446049250313e-15. Taking the real part, which may not be accurate.
└ @ ITensorMPS ~/.julia/packages/ITensorMPS/fZDBz/src/abstractmps.jl:1246
┌ Warning: log(norm²) is 1.058120550315589 - 2.5366844385879603e-15im, which is not real up to a relative tolerance of 2.220446049250313e-15 and an absolute tolerance of 2.220446049250313e-15. Taking the real part, which may not be accurate.
└ @ ITensorMPS ~/.julia/packages/ITensorMPS/fZDBz/src/abstractmps.jl:1271
┌ Warning: norm² is 2.916630440387647e13 + 0.07196577440627028im, which is not real up to a relative tolerance of 2.220446049250313e-15 and an absolute tolerance of 2.220446049250313e-15. Taking the real part, which may not be accurate.
└ @ ITensorMPS ~/.julia/packages/ITensorMPS/fZDBz/src/abstractmps.jl:1246
┌ Warning: norm² is 1.586401695327272e13 + 0.04939369127160936im, which is not real up to a relative tolerance of 2.220446049250313e-15 and an absolute tolerance of 2.220446049250313e-15. Taking the real part, which may not be accurate.
└ @ ITensorMPS ~/.julia/packages/ITensorMPS/fZDBz/src/abstractmps.jl:1246
┌ Warning: norm² is 2.866344308180643 - 7.868777881183312e-15im, which is not real up to a relative tolerance of 2.220446049250313e-15 and an absolute tolerance of 2.220446049250313e-15. Taking the real part, which may not be accurate.
└ @ ITensorMPS ~/.julia/packages/ITensorMPS/fZDBz/src/abstractmps.jl:1246
┌ Warning: norm² is 4.50178144636285e13 + 0.14919026852193173im, which is not real up to a relative tolerance of 2.220446049250313e-15 and an absolute tolerance of 2.220446049250313e-15. Taking the real part, which may not be accurate.
└ @ ITensorMPS ~/.julia/packages/ITensorMPS/fZDBz/src/abstractmps.jl:1246
┌ Warning: norm² is 4.869169103078283e13 - 0.12647562938490595im, which is not real up to a relative tolerance of 2.220446049250313e-15 and an absolute tolerance of 2.220446049250313e-15. Taking the real part, which may not be accurate.
└ @ ITensorMPS ~/.julia/packages/ITensorMPS/fZDBz/src/abstractmps.jl:1246
┌ Warning: norm² is 1.6549168997795393e13 + 0.037809015240327426im, which is not real up to a relative tolerance of 2.220446049250313e-15 and an absolute tolerance of 2.220446049250313e-15. Taking the real part, which may not be accurate.
└ @ ITensorMPS ~/.julia/packages/ITensorMPS/fZDBz/src/abstractmps.jl:1246
┌ Warning: norm² is 2.9253988371015214 - 6.590198020142789e-15im, which is not real up to a relative tolerance of 2.220446049250313e-15 and an absolute tolerance of 2.220446049250313e-15. Taking the real part, which may not be accurate.
└ @ ITensorMPS ~/.julia/packages/ITensorMPS/fZDBz/src/abstractmps.jl:1246
┌ Warning: norm² is 2.6558934247558934e13 + 0.06403207951185763im, which is not real up to a relative tolerance of 2.220446049250313e-15 and an absolute tolerance of 2.220446049250313e-15. Taking the real part, which may not be accurate.
└ @ ITensorMPS ~/.julia/packages/ITensorMPS/fZDBz/src/abstractmps.jl:1246
┌ Warning: norm² is 1.1122381524603766e13 - 0.02493077079755769im, which is not real up to a relative tolerance of 2.220446049250313e-15 and an absolute tolerance of 2.220446049250313e-15. Taking the real part, which may not be accurate.
└ @ ITensorMPS ~/.julia/packages/ITensorMPS/fZDBz/src/abstractmps.jl:1246
┌ Warning: norm² is 2.062911096406006e13 - 0.05790521962531151im, which is not real up to a relative tolerance of 2.220446049250313e-15 and an absolute tolerance of 2.220446049250313e-15. Taking the real part, which may not be accurate.
└ @ ITensorMPS ~/.julia/packages/ITensorMPS/fZDBz/src/abstractmps.jl:1246
┌ Warning: norm² is 2.925795795941007 + 6.7294273505069006e-15im, which is not real up to a relative tolerance of 2.220446049250313e-15 and an absolute tolerance of 2.220446049250313e-15. Taking the real part, which may not be accurate.
└ @ ITensorMPS ~/.julia/packages/ITensorMPS/fZDBz/src/abstractmps.jl:1246
┌ Warning: norm² is 1.1111688396562031e13 - 0.02674765290163657im, which is not real up to a relative tolerance of 2.220446049250313e-15 and an absolute tolerance of 2.220446049250313e-15. Taking the real part, which may not be accurate.
└ @ ITensorMPS ~/.julia/packages/ITensorMPS/fZDBz/src/abstractmps.jl:1246
┌ Warning: norm² is 2.3958989710645355e13 + 0.05431046350584978im, which is not real up to a relative tolerance of 2.220446049250313e-15 and an absolute tolerance of 2.220446049250313e-15. Taking the real part, which may not be accurate.
└ @ ITensorMPS ~/.julia/packages/ITensorMPS/fZDBz/src/abstractmps.jl:1246
┌ Warning: norm² is 2.97384911498983 - 6.640673466942354e-15im, which is not real up to a relative tolerance of 2.220446049250313e-15 and an absolute tolerance of 2.220446049250313e-15. Taking the real part, which may not be accurate.
└ @ ITensorMPS ~/.julia/packages/ITensorMPS/fZDBz/src/abstractmps.jl:1246
┌ Warning: norm² is 1.788500837530591e13 + 0.04918734107067735im, which is not real up to a relative tolerance of 2.220446049250313e-15 and an absolute tolerance of 2.220446049250313e-15. Taking the real part, which may not be accurate.
└ @ ITensorMPS ~/.julia/packages/ITensorMPS/fZDBz/src/abstractmps.jl:1246
┌ Warning: norm² is 2.1019740490350984e13 - 0.04928245155369382im, which is not real up to a relative tolerance of 2.220446049250313e-15 and an absolute tolerance of 2.220446049250313e-15. Taking the real part, which may not be accurate.
└ @ ITensorMPS ~/.julia/packages/ITensorMPS/fZDBz/src/abstractmps.jl:1246
┌ Warning: log(norm²) is 1.0342570802268956 - 2.8238594109492582e-15im, which is not real up to a relative tolerance of 2.220446049250313e-15 and an absolute tolerance of 2.220446049250313e-15. Taking the real part, which may not be accurate.
└ @ ITensorMPS ~/.julia/packages/ITensorMPS/fZDBz/src/abstractmps.jl:1271
┌ Warning: norm² is 1.1113622188599006e13 - 0.031570913629165365im, which is not real up to a relative tolerance of 2.220446049250313e-15 and an absolute tolerance of 2.220446049250313e-15. Taking the real part, which may not be accurate.
└ @ ITensorMPS ~/.julia/packages/ITensorMPS/fZDBz/src/abstractmps.jl:1246
┌ Warning: norm² is 1.8784680180585395e13 + 0.045869711052663575im, which is not real up to a relative tolerance of 2.220446049250313e-15 and an absolute tolerance of 2.220446049250313e-15. Taking the real part, which may not be accurate.
└ @ ITensorMPS ~/.julia/packages/ITensorMPS/fZDBz/src/abstractmps.jl:1246
┌ Warning: norm² is 2.8957712845875664e13 + 0.07955833584389027im, which is not real up to a relative tolerance of 2.220446049250313e-15 and an absolute tolerance of 2.220446049250313e-15. Taking the real part, which may not be accurate.
└ @ ITensorMPS ~/.julia/packages/ITensorMPS/fZDBz/src/abstractmps.jl:1246
┌ Warning: log(norm²) is 1.073173046716232 + 2.8823366402044822e-15im, which is not real up to a relative tolerance of 2.220446049250313e-15 and an absolute tolerance of 2.220446049250313e-15. Taking the real part, which may not be accurate.
└ @ ITensorMPS ~/.julia/packages/ITensorMPS/fZDBz/src/abstractmps.jl:1271
┌ Warning: norm² is 1.1118929893211963e13 - 0.02975236383012739im, which is not real up to a relative tolerance of 2.220446049250313e-15 and an absolute tolerance of 2.220446049250313e-15. Taking the real part, which may not be accurate.
└ @ ITensorMPS ~/.julia/packages/ITensorMPS/fZDBz/src/abstractmps.jl:1246
┌ Warning: log(norm²) is 0.9265699054292302 + 3.873842569316622e-15im, which is not real up to a relative tolerance of 2.220446049250313e-15 and an absolute tolerance of 2.220446049250313e-15. Taking the real part, which may not be accurate.
└ @ ITensorMPS ~/.julia/packages/ITensorMPS/fZDBz/src/abstractmps.jl:1271
┌ Warning: norm² is 1.5123486488785705e13 - 0.0350211186588984im, which is not real up to a relative tolerance of 2.220446049250313e-15 and an absolute tolerance of 2.220446049250313e-15. Taking the real part, which may not be accurate.
└ @ ITensorMPS ~/.julia/packages/ITensorMPS/fZDBz/src/abstractmps.jl:1246
┌ Warning: norm² is 2.933078442013876e13 - 0.09892639897628541im, which is not real up to a relative tolerance of 2.220446049250313e-15 and an absolute tolerance of 2.220446049250313e-15. Taking the real part, which may not be accurate.
└ @ ITensorMPS ~/.julia/packages/ITensorMPS/fZDBz/src/abstractmps.jl:1246
┌ Warning: norm² is 2.842754027812244 - 6.410011530681826e-15im, which is not real up to a relative tolerance of 2.220446049250313e-15 and an absolute tolerance of 2.220446049250313e-15. Taking the real part, which may not be accurate.
└ @ ITensorMPS ~/.julia/packages/ITensorMPS/fZDBz/src/abstractmps.jl:1246
┌ Warning: norm² is 2.926361901139591 - 7.607106669003685e-15im, which is not real up to a relative tolerance of 2.220446049250313e-15 and an absolute tolerance of 2.220446049250313e-15. Taking the real part, which may not be accurate.
└ @ ITensorMPS ~/.julia/packages/ITensorMPS/fZDBz/src/abstractmps.jl:1246
┌ Warning: norm² is 2.3285070882698785e13 - 0.053931271438301565im, which is not real up to a relative tolerance of 2.220446049250313e-15 and an absolute tolerance of 2.220446049250313e-15. Taking the real part, which may not be accurate.
└ @ ITensorMPS ~/.julia/packages/ITensorMPS/fZDBz/src/abstractmps.jl:1246
┌ Warning: norm² is 4.0658136034286734e13 - 0.10539497618414462im, which is not real up to a relative tolerance of 2.220446049250313e-15 and an absolute tolerance of 2.220446049250313e-15. Taking the real part, which may not be accurate.
└ @ ITensorMPS ~/.julia/packages/ITensorMPS/fZDBz/src/abstractmps.jl:1246
┌ Warning: norm² is 2.97059165424552e13 - 0.07187216909278771im, which is not real up to a relative tolerance of 2.220446049250313e-15 and an absolute tolerance of 2.220446049250313e-15. Taking the real part, which may not be accurate.
└ @ ITensorMPS ~/.julia/packages/ITensorMPS/fZDBz/src/abstractmps.jl:1246
┌ Warning: norm² is 1.1107363681765393e13 + 0.055877539538388823im, which is not real up to a relative tolerance of 2.220446049250313e-15 and an absolute tolerance of 2.220446049250313e-15. Taking the real part, which may not be accurate.
└ @ ITensorMPS ~/.julia/packages/ITensorMPS/fZDBz/src/abstractmps.jl:1246
┌ Warning: norm² is 2.0798526400416547e13 + 0.05281145713530577im, which is not real up to a relative tolerance of 2.220446049250313e-15 and an absolute tolerance of 2.220446049250313e-15. Taking the real part, which may not be accurate.
└ @ ITensorMPS ~/.julia/packages/ITensorMPS/fZDBz/src/abstractmps.jl:1246
┌ Warning: norm² is 1.112169623827463e13 - 0.028239524970211854im, which is not real up to a relative tolerance of 2.220446049250313e-15 and an absolute tolerance of 2.220446049250313e-15. Taking the real part, which may not be accurate.
└ @ ITensorMPS ~/.julia/packages/ITensorMPS/fZDBz/src/abstractmps.jl:1246
┌ Warning: norm² is 2.9250119811995576 - 6.746343839855176e-15im, which is not real up to a relative tolerance of 2.220446049250313e-15 and an absolute tolerance of 2.220446049250313e-15. Taking the real part, which may not be accurate.
└ @ ITensorMPS ~/.julia/packages/ITensorMPS/fZDBz/src/abstractmps.jl:1246
┌ Warning: log(norm²) is 1.0689569982674574 + 2.6207389798459684e-15im, which is not real up to a relative tolerance of 2.220446049250313e-15 and an absolute tolerance of 2.220446049250313e-15. Taking the real part, which may not be accurate.
└ @ ITensorMPS ~/.julia/packages/ITensorMPS/fZDBz/src/abstractmps.jl:1271
┌ Warning: norm² is 2.8589520169013216 - 6.982915299088419e-15im, which is not real up to a relative tolerance of 2.220446049250313e-15 and an absolute tolerance of 2.220446049250313e-15. Taking the real part, which may not be accurate.
└ @ ITensorMPS ~/.julia/packages/ITensorMPS/fZDBz/src/abstractmps.jl:1246
┌ Warning: log(norm²) is 1.0501428386226153 + 2.910834583372681e-15im, which is not real up to a relative tolerance of 2.220446049250313e-15 and an absolute tolerance of 2.220446049250313e-15. Taking the real part, which may not be accurate.
└ @ ITensorMPS ~/.julia/packages/ITensorMPS/fZDBz/src/abstractmps.jl:1271
┌ Warning: norm² is 3.1037439584842277e13 - 0.11399692267559303im, which is not real up to a relative tolerance of 2.220446049250313e-15 and an absolute tolerance of 2.220446049250313e-15. Taking the real part, which may not be accurate.
└ @ ITensorMPS ~/.julia/packages/ITensorMPS/fZDBz/src/abstractmps.jl:1246
┌ Warning: norm² is 4.736108656926733e13 + 0.12953214680750236im, which is not real up to a relative tolerance of 2.220446049250313e-15 and an absolute tolerance of 2.220446049250313e-15. Taking the real part, which may not be accurate.
└ @ ITensorMPS ~/.julia/packages/ITensorMPS/fZDBz/src/abstractmps.jl:1246
┌ Warning: norm² is 2.142052928368496e13 - 0.04798610361029887im, which is not real up to a relative tolerance of 2.220446049250313e-15 and an absolute tolerance of 2.220446049250313e-15. Taking the real part, which may not be accurate.
└ @ ITensorMPS ~/.julia/packages/ITensorMPS/fZDBz/src/abstractmps.jl:1246
┌ Warning: norm² is 1.1110217515771518e13 - 0.02756499656802248im, which is not real up to a relative tolerance of 2.220446049250313e-15 and an absolute tolerance of 2.220446049250313e-15. Taking the real part, which may not be accurate.
└ @ ITensorMPS ~/.julia/packages/ITensorMPS/fZDBz/src/abstractmps.jl:1246
┌ Warning: norm² is 1.6626500932672076e13 - 0.03948382602363043im, which is not real up to a relative tolerance of 2.220446049250313e-15 and an absolute tolerance of 2.220446049250313e-15. Taking the real part, which may not be accurate.
└ @ ITensorMPS ~/.julia/packages/ITensorMPS/fZDBz/src/abstractmps.jl:1246
[ Info: [rtm_p0.3] T=9.0  stuck@1257  k=4  |θ0|=1.7150  gap=1.192  peak=0.7055  r=[4e-07,3.3e-07,4.5e-07,5.1e-07]  74911s
[ Info: Checking symmetry MPO tensor on physical(space) => bond(time) indices
┌ Warning: Tensor *not* symmetric (dim=2|id=577|"S=1/2,Site") <-> (dim=2|id=577|"S=1/2,Site")', normdiff = 0.22953505077375277
└ @ ITransverse ~/.julia/packages/ITransverse/8pmYI/src/ITenUtils/itensor_utils.jl:93
[ Info: Checking symmetry MPO tensor on bond(space) => phys(time) indices
┌ Warning: Tensor *not* symmetric (dim=7|id=450|"Link,l=1") <-> (dim=7|id=327|"Link,l=2"), normdiff = 1.222384963003563
└ @ ITransverse ~/.julia/packages/ITransverse/8pmYI/src/ITenUtils/itensor_utils.jl:93
[ Info: Checking symmetry MPO tensor on physical(space) => bond(time) indices
┌ Warning: Tensor *not* symmetric (dim=2|id=532|"S=1/2,Site") <-> (dim=2|id=532|"S=1/2,Site")', normdiff = 0.22953505077375277
└ @ ITransverse ~/.julia/packages/ITransverse/8pmYI/src/ITenUtils/itensor_utils.jl:93
[ Info: Checking symmetry MPO tensor on bond(space) => phys(time) indices
┌ Warning: Tensor *not* symmetric (dim=7|id=33|"Link,l=1") <-> (dim=7|id=172|"Link,l=2"), normdiff = 1.4845640750550888
└ @ ITransverse ~/.julia/packages/ITransverse/8pmYI/src/ITenUtils/itensor_utils.jl:93
┌ Warning: log(norm²) is -1.998401444325278e-15 - 2.8278494473364093e-15im, which is not real up to a relative tolerance of 2.220446049250313e-15 and an absolute tolerance of 2.220446049250313e-15. Taking the real part, which may not be accurate.
└ @ ITensorMPS ~/.julia/packages/ITensorMPS/fZDBz/src/abstractmps.jl:1271
┌ Warning: norm² is 3.297953498477482e15 - 10.889978127554059im, which is not real up to a relative tolerance of 2.220446049250313e-15 and an absolute tolerance of 2.220446049250313e-15. Taking the real part, which may not be accurate.
└ @ ITensorMPS ~/.julia/packages/ITensorMPS/fZDBz/src/abstractmps.jl:1246
┌ Warning: norm² is 1.0284853765262914 - 2.5810024580289327e-15im, which is not real up to a relative tolerance of 2.220446049250313e-15 and an absolute tolerance of 2.220446049250313e-15. Taking the real part, which may not be accurate.
└ @ ITensorMPS ~/.julia/packages/ITensorMPS/fZDBz/src/abstractmps.jl:1246
┌ Warning: norm² is 1.2461995475708661e17 + 341.85899978876114im, which is not real up to a relative tolerance of 2.220446049250313e-15 and an absolute tolerance of 2.220446049250313e-15. Taking the real part, which may not be accurate.
└ @ ITensorMPS ~/.julia/packages/ITensorMPS/fZDBz/src/abstractmps.jl:1246
┌ Warning: norm² is 1.9652681220765573 - 4.371828208355063e-15im, which is not real up to a relative tolerance of 2.220446049250313e-15 and an absolute tolerance of 2.220446049250313e-15. Taking the real part, which may not be accurate.
└ @ ITensorMPS ~/.julia/packages/ITensorMPS/fZDBz/src/abstractmps.jl:1246
┌ Warning: norm² is 7.007859183501096e16 - 169.08534330129623im, which is not real up to a relative tolerance of 2.220446049250313e-15 and an absolute tolerance of 2.220446049250313e-15. Taking the real part, which may not be accurate.
└ @ ITensorMPS ~/.julia/packages/ITensorMPS/fZDBz/src/abstractmps.jl:1246
┌ Warning: norm² is 2.0828513642279747 - 6.187774097160558e-15im, which is not real up to a relative tolerance of 2.220446049250313e-15 and an absolute tolerance of 2.220446049250313e-15. Taking the real part, which may not be accurate.
└ @ ITensorMPS ~/.julia/packages/ITensorMPS/fZDBz/src/abstractmps.jl:1246
┌ Warning: norm² is 7.880240966584128e15 - 21.21157044917345im, which is not real up to a relative tolerance of 2.220446049250313e-15 and an absolute tolerance of 2.220446049250313e-15. Taking the real part, which may not be accurate.
└ @ ITensorMPS ~/.julia/packages/ITensorMPS/fZDBz/src/abstractmps.jl:1246
┌ Warning: norm² is 5.0032182807141256e16 - 122.99761261790991im, which is not real up to a relative tolerance of 2.220446049250313e-15 and an absolute tolerance of 2.220446049250313e-15. Taking the real part, which may not be accurate.
└ @ ITensorMPS ~/.julia/packages/ITensorMPS/fZDBz/src/abstractmps.jl:1246
┌ Warning: norm² is 2.4520198046981004e16 - 69.23078618198633im, which is not real up to a relative tolerance of 2.220446049250313e-15 and an absolute tolerance of 2.220446049250313e-15. Taking the real part, which may not be accurate.
└ @ ITensorMPS ~/.julia/packages/ITensorMPS/fZDBz/src/abstractmps.jl:1246
┌ Warning: norm² is 4.100652496598137e16 - 105.38374949991703im, which is not real up to a relative tolerance of 2.220446049250313e-15 and an absolute tolerance of 2.220446049250313e-15. Taking the real part, which may not be accurate.
└ @ ITensorMPS ~/.julia/packages/ITensorMPS/fZDBz/src/abstractmps.jl:1246
┌ Warning: norm² is 6.268237373873497e16 + 243.73507119715214im, which is not real up to a relative tolerance of 2.220446049250313e-15 and an absolute tolerance of 2.220446049250313e-15. Taking the real part, which may not be accurate.
└ @ ITensorMPS ~/.julia/packages/ITensorMPS/fZDBz/src/abstractmps.jl:1246
┌ Warning: norm² is 6.942387704725571e15 - 16.214572608470917im, which is not real up to a relative tolerance of 2.220446049250313e-15 and an absolute tolerance of 2.220446049250313e-15. Taking the real part, which may not be accurate.
└ @ ITensorMPS ~/.julia/packages/ITensorMPS/fZDBz/src/abstractmps.jl:1246
┌ Warning: norm² is 2.6769609193931735e15 - 7.983046111650765im, which is not real up to a relative tolerance of 2.220446049250313e-15 and an absolute tolerance of 2.220446049250313e-15. Taking the real part, which may not be accurate.
└ @ ITensorMPS ~/.julia/packages/ITensorMPS/fZDBz/src/abstractmps.jl:1246
┌ Warning: log(norm²) is 1.1334464721421018 + 2.868746041958947e-15im, which is not real up to a relative tolerance of 2.220446049250313e-15 and an absolute tolerance of 2.220446049250313e-15. Taking the real part, which may not be accurate.
└ @ ITensorMPS ~/.julia/packages/ITensorMPS/fZDBz/src/abstractmps.jl:1271
┌ Warning: log(norm²) is 0.41203723012007804 + 2.7413769880814348e-15im, which is not real up to a relative tolerance of 2.220446049250313e-15 and an absolute tolerance of 2.220446049250313e-15. Taking the real part, which may not be accurate.
└ @ ITensorMPS ~/.julia/packages/ITensorMPS/fZDBz/src/abstractmps.jl:1271
┌ Warning: log(norm²) is 0.7547476079904543 + 2.2292124940490334e-15im, which is not real up to a relative tolerance of 2.220446049250313e-15 and an absolute tolerance of 2.220446049250313e-15. Taking the real part, which may not be accurate.
└ @ ITensorMPS ~/.julia/packages/ITensorMPS/fZDBz/src/abstractmps.jl:1271
┌ Warning: norm² is 6.49972255870956e15 + 17.418070766987512im, which is not real up to a relative tolerance of 2.220446049250313e-15 and an absolute tolerance of 2.220446049250313e-15. Taking the real part, which may not be accurate.
└ @ ITensorMPS ~/.julia/packages/ITensorMPS/fZDBz/src/abstractmps.jl:1246
┌ Warning: norm² is 1.9267169283410654 - 5.5356440225036104e-15im, which is not real up to a relative tolerance of 2.220446049250313e-15 and an absolute tolerance of 2.220446049250313e-15. Taking the real part, which may not be accurate.
└ @ ITensorMPS ~/.julia/packages/ITensorMPS/fZDBz/src/abstractmps.jl:1246
┌ Warning: log(norm²) is 0.47305065060991236 + 3.0113904581927103e-15im, which is not real up to a relative tolerance of 2.220446049250313e-15 and an absolute tolerance of 2.220446049250313e-15. Taking the real part, which may not be accurate.
└ @ ITensorMPS ~/.julia/packages/ITensorMPS/fZDBz/src/abstractmps.jl:1271
┌ Warning: norm² is 1.2925616479555004 - 2.928331354216997e-15im, which is not real up to a relative tolerance of 2.220446049250313e-15 and an absolute tolerance of 2.220446049250313e-15. Taking the real part, which may not be accurate.
└ @ ITensorMPS ~/.julia/packages/ITensorMPS/fZDBz/src/abstractmps.jl:1246
┌ Warning: log(norm²) is 1.1869666236716696 + 2.786964128626823e-15im, which is not real up to a relative tolerance of 2.220446049250313e-15 and an absolute tolerance of 2.220446049250313e-15. Taking the real part, which may not be accurate.
└ @ ITensorMPS ~/.julia/packages/ITensorMPS/fZDBz/src/abstractmps.jl:1271
┌ Warning: norm² is 2.0886684298384288e15 - 6.364011802667903im, which is not real up to a relative tolerance of 2.220446049250313e-15 and an absolute tolerance of 2.220446049250313e-15. Taking the real part, which may not be accurate.
└ @ ITensorMPS ~/.julia/packages/ITensorMPS/fZDBz/src/abstractmps.jl:1246
┌ Warning: norm² is 1.502962768107819 - 4.059672859468317e-15im, which is not real up to a relative tolerance of 2.220446049250313e-15 and an absolute tolerance of 2.220446049250313e-15. Taking the real part, which may not be accurate.
└ @ ITensorMPS ~/.julia/packages/ITensorMPS/fZDBz/src/abstractmps.jl:1246
┌ Warning: log(norm²) is 1.0569640996379313 + 2.6664035540428556e-15im, which is not real up to a relative tolerance of 2.220446049250313e-15 and an absolute tolerance of 2.220446049250313e-15. Taking the real part, which may not be accurate.
└ @ ITensorMPS ~/.julia/packages/ITensorMPS/fZDBz/src/abstractmps.jl:1271
┌ Warning: norm² is 1.0517456317453214e16 - 28.625126042839838im, which is not real up to a relative tolerance of 2.220446049250313e-15 and an absolute tolerance of 2.220446049250313e-15. Taking the real part, which may not be accurate.
└ @ ITensorMPS ~/.julia/packages/ITensorMPS/fZDBz/src/abstractmps.jl:1246
┌ Warning: norm² is 7.649903864419706e15 + 17.166711162790307im, which is not real up to a relative tolerance of 2.220446049250313e-15 and an absolute tolerance of 2.220446049250313e-15. Taking the real part, which may not be accurate.
└ @ ITensorMPS ~/.julia/packages/ITensorMPS/fZDBz/src/abstractmps.jl:1246
┌ Warning: log(norm²) is 0.6713304881446326 - 2.7667084536701208e-15im, which is not real up to a relative tolerance of 2.220446049250313e-15 and an absolute tolerance of 2.220446049250313e-15. Taking the real part, which may not be accurate.
└ @ ITensorMPS ~/.julia/packages/ITensorMPS/fZDBz/src/abstractmps.jl:1271
┌ Warning: norm² is 4.668843480460553e15 + 11.947552831410121im, which is not real up to a relative tolerance of 2.220446049250313e-15 and an absolute tolerance of 2.220446049250313e-15. Taking the real part, which may not be accurate.
└ @ ITensorMPS ~/.julia/packages/ITensorMPS/fZDBz/src/abstractmps.jl:1246
┌ Warning: norm² is 2.370309828937655 + 5.814654209503771e-15im, which is not real up to a relative tolerance of 2.220446049250313e-15 and an absolute tolerance of 2.220446049250313e-15. Taking the real part, which may not be accurate.
└ @ ITensorMPS ~/.julia/packages/ITensorMPS/fZDBz/src/abstractmps.jl:1246
┌ Warning: norm² is 1.2564982929722373 - 2.837382237682246e-15im, which is not real up to a relative tolerance of 2.220446049250313e-15 and an absolute tolerance of 2.220446049250313e-15. Taking the real part, which may not be accurate.
└ @ ITensorMPS ~/.julia/packages/ITensorMPS/fZDBz/src/abstractmps.jl:1246
┌ Warning: norm² is 5.417289593869367e15 - 17.55193144730856im, which is not real up to a relative tolerance of 2.220446049250313e-15 and an absolute tolerance of 2.220446049250313e-15. Taking the real part, which may not be accurate.
└ @ ITensorMPS ~/.julia/packages/ITensorMPS/fZDBz/src/abstractmps.jl:1246
┌ Warning: norm² is 2.3843119299262363 + 6.2373160632830885e-15im, which is not real up to a relative tolerance of 2.220446049250313e-15 and an absolute tolerance of 2.220446049250313e-15. Taking the real part, which may not be accurate.
└ @ ITensorMPS ~/.julia/packages/ITensorMPS/fZDBz/src/abstractmps.jl:1246
┌ Warning: norm² is 1.1851639805967728e15 + 2.7441672175855274im, which is not real up to a relative tolerance of 2.220446049250313e-15 and an absolute tolerance of 2.220446049250313e-15. Taking the real part, which may not be accurate.
└ @ ITensorMPS ~/.julia/packages/ITensorMPS/fZDBz/src/abstractmps.jl:1246
┌ Warning: norm² is 8.670794210068595e15 - 19.77276095977686im, which is not real up to a relative tolerance of 2.220446049250313e-15 and an absolute tolerance of 2.220446049250313e-15. Taking the real part, which may not be accurate.
└ @ ITensorMPS ~/.julia/packages/ITensorMPS/fZDBz/src/abstractmps.jl:1246
┌ Warning: log(norm²) is 0.8645860485666179 + 2.6878964783457887e-15im, which is not real up to a relative tolerance of 2.220446049250313e-15 and an absolute tolerance of 2.220446049250313e-15. Taking the real part, which may not be accurate.
└ @ ITensorMPS ~/.julia/packages/ITensorMPS/fZDBz/src/abstractmps.jl:1271
┌ Warning: norm² is 1.0150888760146304e16 - 38.80273763664445im, which is not real up to a relative tolerance of 2.220446049250313e-15 and an absolute tolerance of 2.220446049250313e-15. Taking the real part, which may not be accurate.
└ @ ITensorMPS ~/.julia/packages/ITensorMPS/fZDBz/src/abstractmps.jl:1246
┌ Warning: norm² is 1.637463466709333 - 3.9623528762310455e-15im, which is not real up to a relative tolerance of 2.220446049250313e-15 and an absolute tolerance of 2.220446049250313e-15. Taking the real part, which may not be accurate.
└ @ ITensorMPS ~/.julia/packages/ITensorMPS/fZDBz/src/abstractmps.jl:1246
┌ Warning: norm² is 9.488365786929641e14 + 2.5604925002398886im, which is not real up to a relative tolerance of 2.220446049250313e-15 and an absolute tolerance of 2.220446049250313e-15. Taking the real part, which may not be accurate.
└ @ ITensorMPS ~/.julia/packages/ITensorMPS/fZDBz/src/abstractmps.jl:1246
┌ Warning: norm² is 1.0956893418408079e15 + 4.173329156887121im, which is not real up to a relative tolerance of 2.220446049250313e-15 and an absolute tolerance of 2.220446049250313e-15. Taking the real part, which may not be accurate.
└ @ ITensorMPS ~/.julia/packages/ITensorMPS/fZDBz/src/abstractmps.jl:1246
┌ Warning: norm² is 7.555139788725965e16 - 198.9816881496008im, which is not real up to a relative tolerance of 2.220446049250313e-15 and an absolute tolerance of 2.220446049250313e-15. Taking the real part, which may not be accurate.
└ @ ITensorMPS ~/.julia/packages/ITensorMPS/fZDBz/src/abstractmps.jl:1246
┌ Warning: norm² is 4.204984626576665e15 + 9.515157150723098im, which is not real up to a relative tolerance of 2.220446049250313e-15 and an absolute tolerance of 2.220446049250313e-15. Taking the real part, which may not be accurate.
└ @ ITensorMPS ~/.julia/packages/ITensorMPS/fZDBz/src/abstractmps.jl:1246
┌ Warning: norm² is 1.9326651504448458e15 + 4.305767643467334im, which is not real up to a relative tolerance of 2.220446049250313e-15 and an absolute tolerance of 2.220446049250313e-15. Taking the real part, which may not be accurate.
└ @ ITensorMPS ~/.julia/packages/ITensorMPS/fZDBz/src/abstractmps.jl:1246
┌ Warning: norm² is 4.0947940044461865e15 + 12.366522848883506im, which is not real up to a relative tolerance of 2.220446049250313e-15 and an absolute tolerance of 2.220446049250313e-15. Taking the real part, which may not be accurate.
└ @ ITensorMPS ~/.julia/packages/ITensorMPS/fZDBz/src/abstractmps.jl:1246
┌ Warning: norm² is 4.666112522919654e15 - 13.661683969217847im, which is not real up to a relative tolerance of 2.220446049250313e-15 and an absolute tolerance of 2.220446049250313e-15. Taking the real part, which may not be accurate.
└ @ ITensorMPS ~/.julia/packages/ITensorMPS/fZDBz/src/abstractmps.jl:1246
┌ Warning: log(norm²) is 0.6505791358052255 - 2.6164308026750913e-15im, which is not real up to a relative tolerance of 2.220446049250313e-15 and an absolute tolerance of 2.220446049250313e-15. Taking the real part, which may not be accurate.
└ @ ITensorMPS ~/.julia/packages/ITensorMPS/fZDBz/src/abstractmps.jl:1271
┌ Warning: norm² is 3.433387727992515e15 - 11.489287192089364im, which is not real up to a relative tolerance of 2.220446049250313e-15 and an absolute tolerance of 2.220446049250313e-15. Taking the real part, which may not be accurate.
└ @ ITensorMPS ~/.julia/packages/ITensorMPS/fZDBz/src/abstractmps.jl:1246
┌ Warning: log(norm²) is 1.049563816265342 - 2.538781324710916e-15im, which is not real up to a relative tolerance of 2.220446049250313e-15 and an absolute tolerance of 2.220446049250313e-15. Taking the real part, which may not be accurate.
└ @ ITensorMPS ~/.julia/packages/ITensorMPS/fZDBz/src/abstractmps.jl:1271
┌ Warning: norm² is 1.3238125595028452e16 + 40.414111182733905im, which is not real up to a relative tolerance of 2.220446049250313e-15 and an absolute tolerance of 2.220446049250313e-15. Taking the real part, which may not be accurate.
└ @ ITensorMPS ~/.julia/packages/ITensorMPS/fZDBz/src/abstractmps.jl:1246
┌ Warning: norm² is 2.1259643190381356e16 + 57.00351903403134im, which is not real up to a relative tolerance of 2.220446049250313e-15 and an absolute tolerance of 2.220446049250313e-15. Taking the real part, which may not be accurate.
└ @ ITensorMPS ~/.julia/packages/ITensorMPS/fZDBz/src/abstractmps.jl:1246
┌ Warning: norm² is 4.657607070545093e15 - 17.824274788647017im, which is not real up to a relative tolerance of 2.220446049250313e-15 and an absolute tolerance of 2.220446049250313e-15. Taking the real part, which may not be accurate.
└ @ ITensorMPS ~/.julia/packages/ITensorMPS/fZDBz/src/abstractmps.jl:1246
┌ Warning: log(norm²) is 0.9931769767612 - 2.278692506387902e-15im, which is not real up to a relative tolerance of 2.220446049250313e-15 and an absolute tolerance of 2.220446049250313e-15. Taking the real part, which may not be accurate.
└ @ ITensorMPS ~/.julia/packages/ITensorMPS/fZDBz/src/abstractmps.jl:1271
┌ Warning: norm² is 3.1133870042482945 + 8.020636907761466e-15im, which is not real up to a relative tolerance of 2.220446049250313e-15 and an absolute tolerance of 2.220446049250313e-15. Taking the real part, which may not be accurate.
└ @ ITensorMPS ~/.julia/packages/ITensorMPS/fZDBz/src/abstractmps.jl:1246
┌ Warning: norm² is 2.60730633856616e15 - 6.562814645345497im, which is not real up to a relative tolerance of 2.220446049250313e-15 and an absolute tolerance of 2.220446049250313e-15. Taking the real part, which may not be accurate.
└ @ ITensorMPS ~/.julia/packages/ITensorMPS/fZDBz/src/abstractmps.jl:1246
┌ Warning: norm² is 4.545042411434381e14 + 1.9806162376955285im, which is not real up to a relative tolerance of 2.220446049250313e-15 and an absolute tolerance of 2.220446049250313e-15. Taking the real part, which may not be accurate.
└ @ ITensorMPS ~/.julia/packages/ITensorMPS/fZDBz/src/abstractmps.jl:1246
┌ Warning: norm² is 5.4188731594971294e14 - 1.421802117723658im, which is not real up to a relative tolerance of 2.220446049250313e-15 and an absolute tolerance of 2.220446049250313e-15. Taking the real part, which may not be accurate.
└ @ ITensorMPS ~/.julia/packages/ITensorMPS/fZDBz/src/abstractmps.jl:1246
┌ Warning: log(norm²) is 0.7428005165567207 - 2.6276329506389425e-15im, which is not real up to a relative tolerance of 2.220446049250313e-15 and an absolute tolerance of 2.220446049250313e-15. Taking the real part, which may not be accurate.
└ @ ITensorMPS ~/.julia/packages/ITensorMPS/fZDBz/src/abstractmps.jl:1271
┌ Warning: norm² is 2.718940118320235 - 6.930560863255312e-15im, which is not real up to a relative tolerance of 2.220446049250313e-15 and an absolute tolerance of 2.220446049250313e-15. Taking the real part, which may not be accurate.
└ @ ITensorMPS ~/.julia/packages/ITensorMPS/fZDBz/src/abstractmps.jl:1246
┌ Warning: norm² is 2.6889238023282327 - 6.040309943357616e-15im, which is not real up to a relative tolerance of 2.220446049250313e-15 and an absolute tolerance of 2.220446049250313e-15. Taking the real part, which may not be accurate.
└ @ ITensorMPS ~/.julia/packages/ITensorMPS/fZDBz/src/abstractmps.jl:1246
┌ Warning: norm² is 8.963494182160866e14 + 3.0015489031102334im, which is not real up to a relative tolerance of 2.220446049250313e-15 and an absolute tolerance of 2.220446049250313e-15. Taking the real part, which may not be accurate.
└ @ ITensorMPS ~/.julia/packages/ITensorMPS/fZDBz/src/abstractmps.jl:1246
┌ Warning: norm² is 6.131364269765939e14 + 2.038455203133651im, which is not real up to a relative tolerance of 2.220446049250313e-15 and an absolute tolerance of 2.220446049250313e-15. Taking the real part, which may not be accurate.
└ @ ITensorMPS ~/.julia/packages/ITensorMPS/fZDBz/src/abstractmps.jl:1246
┌ Warning: norm² is 8.51034369627733e14 + 2.3595166499686115im, which is not real up to a relative tolerance of 2.220446049250313e-15 and an absolute tolerance of 2.220446049250313e-15. Taking the real part, which may not be accurate.
└ @ ITensorMPS ~/.julia/packages/ITensorMPS/fZDBz/src/abstractmps.jl:1246
┌ Warning: norm² is 3.6605549635774715e15 - 8.49594175794391im, which is not real up to a relative tolerance of 2.220446049250313e-15 and an absolute tolerance of 2.220446049250313e-15. Taking the real part, which may not be accurate.
└ @ ITensorMPS ~/.julia/packages/ITensorMPS/fZDBz/src/abstractmps.jl:1246
┌ Warning: norm² is 1.9983111544485581 + 4.6218792810473164e-15im, which is not real up to a relative tolerance of 2.220446049250313e-15 and an absolute tolerance of 2.220446049250313e-15. Taking the real part, which may not be accurate.
└ @ ITensorMPS ~/.julia/packages/ITensorMPS/fZDBz/src/abstractmps.jl:1246
┌ Warning: log(norm²) is 0.6923024010584786 - 2.8232029236102465e-15im, which is not real up to a relative tolerance of 2.220446049250313e-15 and an absolute tolerance of 2.220446049250313e-15. Taking the real part, which may not be accurate.
└ @ ITensorMPS ~/.julia/packages/ITensorMPS/fZDBz/src/abstractmps.jl:1271
┌ Warning: norm² is 1.9958409619772135 + 4.804441179733833e-15im, which is not real up to a relative tolerance of 2.220446049250313e-15 and an absolute tolerance of 2.220446049250313e-15. Taking the real part, which may not be accurate.
└ @ ITensorMPS ~/.julia/packages/ITensorMPS/fZDBz/src/abstractmps.jl:1246
┌ Warning: norm² is 3.5048910941006146 + 8.099663692451679e-15im, which is not real up to a relative tolerance of 2.220446049250313e-15 and an absolute tolerance of 2.220446049250313e-15. Taking the real part, which may not be accurate.
└ @ ITensorMPS ~/.julia/packages/ITensorMPS/fZDBz/src/abstractmps.jl:1246
┌ Warning: norm² is 2.1412911112040485e15 - 6.932350251212483im, which is not real up to a relative tolerance of 2.220446049250313e-15 and an absolute tolerance of 2.220446049250313e-15. Taking the real part, which may not be accurate.
└ @ ITensorMPS ~/.julia/packages/ITensorMPS/fZDBz/src/abstractmps.jl:1246
┌ Warning: norm² is 1.8014857842071878e15 - 4.936735124262668im, which is not real up to a relative tolerance of 2.220446049250313e-15 and an absolute tolerance of 2.220446049250313e-15. Taking the real part, which may not be accurate.
└ @ ITensorMPS ~/.julia/packages/ITensorMPS/fZDBz/src/abstractmps.jl:1246
┌ Warning: norm² is 1.5022906290364033 + 3.3619320996019347e-15im, which is not real up to a relative tolerance of 2.220446049250313e-15 and an absolute tolerance of 2.220446049250313e-15. Taking the real part, which may not be accurate.
└ @ ITensorMPS ~/.julia/packages/ITensorMPS/fZDBz/src/abstractmps.jl:1246
┌ Warning: norm² is 8.101283411431036e14 - 2.478353347258917im, which is not real up to a relative tolerance of 2.220446049250313e-15 and an absolute tolerance of 2.220446049250313e-15. Taking the real part, which may not be accurate.
└ @ ITensorMPS ~/.julia/packages/ITensorMPS/fZDBz/src/abstractmps.jl:1246
┌ Warning: norm² is 3.227017826903651 - 7.36538315815639e-15im, which is not real up to a relative tolerance of 2.220446049250313e-15 and an absolute tolerance of 2.220446049250313e-15. Taking the real part, which may not be accurate.
└ @ ITensorMPS ~/.julia/packages/ITensorMPS/fZDBz/src/abstractmps.jl:1246
┌ Warning: norm² is 5.562138147093784e14 - 1.5149405359729826im, which is not real up to a relative tolerance of 2.220446049250313e-15 and an absolute tolerance of 2.220446049250313e-15. Taking the real part, which may not be accurate.
└ @ ITensorMPS ~/.julia/packages/ITensorMPS/fZDBz/src/abstractmps.jl:1246
┌ Warning: norm² is 2.7110865008175645e15 + 6.652605715728896im, which is not real up to a relative tolerance of 2.220446049250313e-15 and an absolute tolerance of 2.220446049250313e-15. Taking the real part, which may not be accurate.
└ @ ITensorMPS ~/.julia/packages/ITensorMPS/fZDBz/src/abstractmps.jl:1246
┌ Warning: norm² is 5.006551098408105e15 - 17.027472464652874im, which is not real up to a relative tolerance of 2.220446049250313e-15 and an absolute tolerance of 2.220446049250313e-15. Taking the real part, which may not be accurate.
└ @ ITensorMPS ~/.julia/packages/ITensorMPS/fZDBz/src/abstractmps.jl:1246
┌ Warning: norm² is 5.710125023878472e14 - 1.4587010878981346im, which is not real up to a relative tolerance of 2.220446049250313e-15 and an absolute tolerance of 2.220446049250313e-15. Taking the real part, which may not be accurate.
└ @ ITensorMPS ~/.julia/packages/ITensorMPS/fZDBz/src/abstractmps.jl:1246
┌ Warning: norm² is 3.145696219590567e15 - 7.2707208779102075im, which is not real up to a relative tolerance of 2.220446049250313e-15 and an absolute tolerance of 2.220446049250313e-15. Taking the real part, which may not be accurate.
└ @ ITensorMPS ~/.julia/packages/ITensorMPS/fZDBz/src/abstractmps.jl:1246
┌ Warning: norm² is 2.7121378495416337 - 7.447429478030358e-15im, which is not real up to a relative tolerance of 2.220446049250313e-15 and an absolute tolerance of 2.220446049250313e-15. Taking the real part, which may not be accurate.
└ @ ITensorMPS ~/.julia/packages/ITensorMPS/fZDBz/src/abstractmps.jl:1246
┌ Warning: log(norm²) is 1.101576341847968 + 2.6342695262670047e-15im, which is not real up to a relative tolerance of 2.220446049250313e-15 and an absolute tolerance of 2.220446049250313e-15. Taking the real part, which may not be accurate.
└ @ ITensorMPS ~/.julia/packages/ITensorMPS/fZDBz/src/abstractmps.jl:1271
┌ Warning: norm² is 7.683005390478212e14 + 1.9774462702364417im, which is not real up to a relative tolerance of 2.220446049250313e-15 and an absolute tolerance of 2.220446049250313e-15. Taking the real part, which may not be accurate.
└ @ ITensorMPS ~/.julia/packages/ITensorMPS/fZDBz/src/abstractmps.jl:1246
┌ Warning: norm² is 6.905047340532121e14 - 1.6511090095488044im, which is not real up to a relative tolerance of 2.220446049250313e-15 and an absolute tolerance of 2.220446049250313e-15. Taking the real part, which may not be accurate.
└ @ ITensorMPS ~/.julia/packages/ITensorMPS/fZDBz/src/abstractmps.jl:1246
┌ Warning: norm² is 2.860185158590707 + 7.659838786429326e-15im, which is not real up to a relative tolerance of 2.220446049250313e-15 and an absolute tolerance of 2.220446049250313e-15. Taking the real part, which may not be accurate.
└ @ ITensorMPS ~/.julia/packages/ITensorMPS/fZDBz/src/abstractmps.jl:1246
┌ Warning: norm² is 5.751306368754652e14 + 1.405402762722114im, which is not real up to a relative tolerance of 2.220446049250313e-15 and an absolute tolerance of 2.220446049250313e-15. Taking the real part, which may not be accurate.
└ @ ITensorMPS ~/.julia/packages/ITensorMPS/fZDBz/src/abstractmps.jl:1246
┌ Warning: norm² is 1.7849091459490248e15 + 4.049986974983767im, which is not real up to a relative tolerance of 2.220446049250313e-15 and an absolute tolerance of 2.220446049250313e-15. Taking the real part, which may not be accurate.
└ @ ITensorMPS ~/.julia/packages/ITensorMPS/fZDBz/src/abstractmps.jl:1246
┌ Warning: norm² is 4.753497754993989e15 + 11.71344440872781im, which is not real up to a relative tolerance of 2.220446049250313e-15 and an absolute tolerance of 2.220446049250313e-15. Taking the real part, which may not be accurate.
└ @ ITensorMPS ~/.julia/packages/ITensorMPS/fZDBz/src/abstractmps.jl:1246
┌ Warning: norm² is 2.377444639253787 - 6.060961362241165e-15im, which is not real up to a relative tolerance of 2.220446049250313e-15 and an absolute tolerance of 2.220446049250313e-15. Taking the real part, which may not be accurate.
└ @ ITensorMPS ~/.julia/packages/ITensorMPS/fZDBz/src/abstractmps.jl:1246
┌ Warning: norm² is 3.1284072676420824 + 7.56760263248934e-15im, which is not real up to a relative tolerance of 2.220446049250313e-15 and an absolute tolerance of 2.220446049250313e-15. Taking the real part, which may not be accurate.
└ @ ITensorMPS ~/.julia/packages/ITensorMPS/fZDBz/src/abstractmps.jl:1246
┌ Warning: norm² is 2.7420260333924356 - 7.2529747969111e-15im, which is not real up to a relative tolerance of 2.220446049250313e-15 and an absolute tolerance of 2.220446049250313e-15. Taking the real part, which may not be accurate.
└ @ ITensorMPS ~/.julia/packages/ITensorMPS/fZDBz/src/abstractmps.jl:1246
┌ Warning: norm² is 7.684915370493266e14 - 1.7160953797986576im, which is not real up to a relative tolerance of 2.220446049250313e-15 and an absolute tolerance of 2.220446049250313e-15. Taking the real part, which may not be accurate.
└ @ ITensorMPS ~/.julia/packages/ITensorMPS/fZDBz/src/abstractmps.jl:1246
┌ Warning: norm² is 1.1642565287183578e15 + 2.915753881198725im, which is not real up to a relative tolerance of 2.220446049250313e-15 and an absolute tolerance of 2.220446049250313e-15. Taking the real part, which may not be accurate.
└ @ ITensorMPS ~/.julia/packages/ITensorMPS/fZDBz/src/abstractmps.jl:1246
┌ Warning: norm² is 9.767054541625708e15 + 23.975921767385444im, which is not real up to a relative tolerance of 2.220446049250313e-15 and an absolute tolerance of 2.220446049250313e-15. Taking the real part, which may not be accurate.
└ @ ITensorMPS ~/.julia/packages/ITensorMPS/fZDBz/src/abstractmps.jl:1246
┌ Warning: log(norm²) is 0.9832101668864278 - 2.8410848287945463e-15im, which is not real up to a relative tolerance of 2.220446049250313e-15 and an absolute tolerance of 2.220446049250313e-15. Taking the real part, which may not be accurate.
└ @ ITensorMPS ~/.julia/packages/ITensorMPS/fZDBz/src/abstractmps.jl:1271
┌ Warning: norm² is 6.194618890870959e14 + 2.134906029774072im, which is not real up to a relative tolerance of 2.220446049250313e-15 and an absolute tolerance of 2.220446049250313e-15. Taking the real part, which may not be accurate.
└ @ ITensorMPS ~/.julia/packages/ITensorMPS/fZDBz/src/abstractmps.jl:1246
┌ Warning: log(norm²) is 1.0552490474174547 - 2.802978985906583e-15im, which is not real up to a relative tolerance of 2.220446049250313e-15 and an absolute tolerance of 2.220446049250313e-15. Taking the real part, which may not be accurate.
└ @ ITensorMPS ~/.julia/packages/ITensorMPS/fZDBz/src/abstractmps.jl:1271
┌ Warning: norm² is 7.103280047857854e14 - 1.7759297780497718im, which is not real up to a relative tolerance of 2.220446049250313e-15 and an absolute tolerance of 2.220446049250313e-15. Taking the real part, which may not be accurate.
└ @ ITensorMPS ~/.julia/packages/ITensorMPS/fZDBz/src/abstractmps.jl:1246
┌ Warning: norm² is 7.42747996571375e14 - 1.963567510962207im, which is not real up to a relative tolerance of 2.220446049250313e-15 and an absolute tolerance of 2.220446049250313e-15. Taking the real part, which may not be accurate.
└ @ ITensorMPS ~/.julia/packages/ITensorMPS/fZDBz/src/abstractmps.jl:1246
┌ Warning: log(norm²) is 1.0126155132602763 - 2.8189958410670695e-15im, which is not real up to a relative tolerance of 2.220446049250313e-15 and an absolute tolerance of 2.220446049250313e-15. Taking the real part, which may not be accurate.
└ @ ITensorMPS ~/.julia/packages/ITensorMPS/fZDBz/src/abstractmps.jl:1271
┌ Warning: norm² is 6.242838490182124e14 + 1.4674963379710562im, which is not real up to a relative tolerance of 2.220446049250313e-15 and an absolute tolerance of 2.220446049250313e-15. Taking the real part, which may not be accurate.
└ @ ITensorMPS ~/.julia/packages/ITensorMPS/fZDBz/src/abstractmps.jl:1246
┌ Warning: norm² is 5.586991279685545e14 - 2.149651267964998im, which is not real up to a relative tolerance of 2.220446049250313e-15 and an absolute tolerance of 2.220446049250313e-15. Taking the real part, which may not be accurate.
└ @ ITensorMPS ~/.julia/packages/ITensorMPS/fZDBz/src/abstractmps.jl:1246
┌ Warning: norm² is 9.581961171485538e14 + 3.10241537578122im, which is not real up to a relative tolerance of 2.220446049250313e-15 and an absolute tolerance of 2.220446049250313e-15. Taking the real part, which may not be accurate.
└ @ ITensorMPS ~/.julia/packages/ITensorMPS/fZDBz/src/abstractmps.jl:1246
┌ Warning: norm² is 2.0447856765939048e15 + 4.575697762983509im, which is not real up to a relative tolerance of 2.220446049250313e-15 and an absolute tolerance of 2.220446049250313e-15. Taking the real part, which may not be accurate.
└ @ ITensorMPS ~/.julia/packages/ITensorMPS/fZDBz/src/abstractmps.jl:1246
┌ Warning: norm² is 1.4631412290360778e15 + 3.257804649532602im, which is not real up to a relative tolerance of 2.220446049250313e-15 and an absolute tolerance of 2.220446049250313e-15. Taking the real part, which may not be accurate.
└ @ ITensorMPS ~/.julia/packages/ITensorMPS/fZDBz/src/abstractmps.jl:1246
┌ Warning: norm² is 3.143705860420456e15 - 9.337865079322im, which is not real up to a relative tolerance of 2.220446049250313e-15 and an absolute tolerance of 2.220446049250313e-15. Taking the real part, which may not be accurate.
└ @ ITensorMPS ~/.julia/packages/ITensorMPS/fZDBz/src/abstractmps.jl:1246
┌ Warning: norm² is 1.0262080712068654e15 - 3.1630634143339194im, which is not real up to a relative tolerance of 2.220446049250313e-15 and an absolute tolerance of 2.220446049250313e-15. Taking the real part, which may not be accurate.
└ @ ITensorMPS ~/.julia/packages/ITensorMPS/fZDBz/src/abstractmps.jl:1246
┌ Warning: norm² is 1.0274131330442485e15 - 2.3744101712700285im, which is not real up to a relative tolerance of 2.220446049250313e-15 and an absolute tolerance of 2.220446049250313e-15. Taking the real part, which may not be accurate.
└ @ ITensorMPS ~/.julia/packages/ITensorMPS/fZDBz/src/abstractmps.jl:1246
┌ Warning: norm² is 2.650590942036488e15 + 6.503938810288673im, which is not real up to a relative tolerance of 2.220446049250313e-15 and an absolute tolerance of 2.220446049250313e-15. Taking the real part, which may not be accurate.
└ @ ITensorMPS ~/.julia/packages/ITensorMPS/fZDBz/src/abstractmps.jl:1246
┌ Warning: norm² is 2.6859890472540267 + 7.646999131977908e-15im, which is not real up to a relative tolerance of 2.220446049250313e-15 and an absolute tolerance of 2.220446049250313e-15. Taking the real part, which may not be accurate.
└ @ ITensorMPS ~/.julia/packages/ITensorMPS/fZDBz/src/abstractmps.jl:1246
┌ Warning: log(norm²) is 0.816114622325099 - 2.5674234079417755e-15im, which is not real up to a relative tolerance of 2.220446049250313e-15 and an absolute tolerance of 2.220446049250313e-15. Taking the real part, which may not be accurate.
└ @ ITensorMPS ~/.julia/packages/ITensorMPS/fZDBz/src/abstractmps.jl:1271
┌ Warning: log(norm²) is 1.018264127778065 + 3.493407343155014e-15im, which is not real up to a relative tolerance of 2.220446049250313e-15 and an absolute tolerance of 2.220446049250313e-15. Taking the real part, which may not be accurate.
└ @ ITensorMPS ~/.julia/packages/ITensorMPS/fZDBz/src/abstractmps.jl:1271
┌ Warning: log(norm²) is 1.0050406790321427 + 2.3345717161805328e-15im, which is not real up to a relative tolerance of 2.220446049250313e-15 and an absolute tolerance of 2.220446049250313e-15. Taking the real part, which may not be accurate.
└ @ ITensorMPS ~/.julia/packages/ITensorMPS/fZDBz/src/abstractmps.jl:1271
┌ Warning: norm² is 4.1166065838539375e14 + 0.9861748156763497im, which is not real up to a relative tolerance of 2.220446049250313e-15 and an absolute tolerance of 2.220446049250313e-15. Taking the real part, which may not be accurate.
└ @ ITensorMPS ~/.julia/packages/ITensorMPS/fZDBz/src/abstractmps.jl:1246
┌ Warning: norm² is 2.8876109583541796 - 7.292663215781825e-15im, which is not real up to a relative tolerance of 2.220446049250313e-15 and an absolute tolerance of 2.220446049250313e-15. Taking the real part, which may not be accurate.
└ @ ITensorMPS ~/.julia/packages/ITensorMPS/fZDBz/src/abstractmps.jl:1246
┌ Warning: norm² is 2.9051271479161658 - 6.615149261768216e-15im, which is not real up to a relative tolerance of 2.220446049250313e-15 and an absolute tolerance of 2.220446049250313e-15. Taking the real part, which may not be accurate.
└ @ ITensorMPS ~/.julia/packages/ITensorMPS/fZDBz/src/abstractmps.jl:1246
┌ Warning: log(norm²) is 1.068485573249718 - 3.668900955806637e-15im, which is not real up to a relative tolerance of 2.220446049250313e-15 and an absolute tolerance of 2.220446049250313e-15. Taking the real part, which may not be accurate.
└ @ ITensorMPS ~/.julia/packages/ITensorMPS/fZDBz/src/abstractmps.jl:1271
┌ Warning: norm² is 6.111585998901269e14 - 2.1748478973104im, which is not real up to a relative tolerance of 2.220446049250313e-15 and an absolute tolerance of 2.220446049250313e-15. Taking the real part, which may not be accurate.
└ @ ITensorMPS ~/.julia/packages/ITensorMPS/fZDBz/src/abstractmps.jl:1246
┌ Warning: norm² is 2.8661937299693 + 7.310296527182433e-15im, which is not real up to a relative tolerance of 2.220446049250313e-15 and an absolute tolerance of 2.220446049250313e-15. Taking the real part, which may not be accurate.
└ @ ITensorMPS ~/.julia/packages/ITensorMPS/fZDBz/src/abstractmps.jl:1246
┌ Warning: norm² is 2.7564061190989797 - 6.5113493594642425e-15im, which is not real up to a relative tolerance of 2.220446049250313e-15 and an absolute tolerance of 2.220446049250313e-15. Taking the real part, which may not be accurate.
└ @ ITensorMPS ~/.julia/packages/ITensorMPS/fZDBz/src/abstractmps.jl:1246
┌ Warning: norm² is 3.98368534003723e14 + 1.1105329196450722im, which is not real up to a relative tolerance of 2.220446049250313e-15 and an absolute tolerance of 2.220446049250313e-15. Taking the real part, which may not be accurate.
└ @ ITensorMPS ~/.julia/packages/ITensorMPS/fZDBz/src/abstractmps.jl:1246
┌ Warning: norm² is 4.009774828168757e14 + 1.0624420094668494im, which is not real up to a relative tolerance of 2.220446049250313e-15 and an absolute tolerance of 2.220446049250313e-15. Taking the real part, which may not be accurate.
└ @ ITensorMPS ~/.julia/packages/ITensorMPS/fZDBz/src/abstractmps.jl:1246
┌ Warning: log(norm²) is 0.9451909671699467 + 2.7472722105322663e-15im, which is not real up to a relative tolerance of 2.220446049250313e-15 and an absolute tolerance of 2.220446049250313e-15. Taking the real part, which may not be accurate.
└ @ ITensorMPS ~/.julia/packages/ITensorMPS/fZDBz/src/abstractmps.jl:1271
┌ Warning: norm² is 3.038013246943624 + 7.25009125853063e-15im, which is not real up to a relative tolerance of 2.220446049250313e-15 and an absolute tolerance of 2.220446049250313e-15. Taking the real part, which may not be accurate.
└ @ ITensorMPS ~/.julia/packages/ITensorMPS/fZDBz/src/abstractmps.jl:1246
┌ Warning: norm² is 5.696420251941816e14 + 1.317839462453918im, which is not real up to a relative tolerance of 2.220446049250313e-15 and an absolute tolerance of 2.220446049250313e-15. Taking the real part, which may not be accurate.
└ @ ITensorMPS ~/.julia/packages/ITensorMPS/fZDBz/src/abstractmps.jl:1246
┌ Warning: norm² is 5.441882671895439e14 - 1.6055004838041214im, which is not real up to a relative tolerance of 2.220446049250313e-15 and an absolute tolerance of 2.220446049250313e-15. Taking the real part, which may not be accurate.
└ @ ITensorMPS ~/.julia/packages/ITensorMPS/fZDBz/src/abstractmps.jl:1246
┌ Warning: norm² is 2.299216579452784 + 8.786427975693358e-15im, which is not real up to a relative tolerance of 2.220446049250313e-15 and an absolute tolerance of 2.220446049250313e-15. Taking the real part, which may not be accurate.
└ @ ITensorMPS ~/.julia/packages/ITensorMPS/fZDBz/src/abstractmps.jl:1246
┌ Warning: log(norm²) is 0.6714486651132624 + 3.1026625660413987e-15im, which is not real up to a relative tolerance of 2.220446049250313e-15 and an absolute tolerance of 2.220446049250313e-15. Taking the real part, which may not be accurate.
└ @ ITensorMPS ~/.julia/packages/ITensorMPS/fZDBz/src/abstractmps.jl:1271
┌ Warning: norm² is 9.976839502983516e14 + 2.794544541938194im, which is not real up to a relative tolerance of 2.220446049250313e-15 and an absolute tolerance of 2.220446049250313e-15. Taking the real part, which may not be accurate.
└ @ ITensorMPS ~/.julia/packages/ITensorMPS/fZDBz/src/abstractmps.jl:1246
┌ Warning: norm² is 1.0239525886809724e15 + 2.822462908955231im, which is not real up to a relative tolerance of 2.220446049250313e-15 and an absolute tolerance of 2.220446049250313e-15. Taking the real part, which may not be accurate.
└ @ ITensorMPS ~/.julia/packages/ITensorMPS/fZDBz/src/abstractmps.jl:1246
┌ Warning: norm² is 1.386292721578903e15 + 4.401328237000598im, which is not real up to a relative tolerance of 2.220446049250313e-15 and an absolute tolerance of 2.220446049250313e-15. Taking the real part, which may not be accurate.
└ @ ITensorMPS ~/.julia/packages/ITensorMPS/fZDBz/src/abstractmps.jl:1246
┌ Warning: norm² is 3.102960232132519 + 7.872701042181322e-15im, which is not real up to a relative tolerance of 2.220446049250313e-15 and an absolute tolerance of 2.220446049250313e-15. Taking the real part, which may not be accurate.
└ @ ITensorMPS ~/.julia/packages/ITensorMPS/fZDBz/src/abstractmps.jl:1246
┌ Warning: norm² is 2.004224770505982 - 4.860079642333169e-15im, which is not real up to a relative tolerance of 2.220446049250313e-15 and an absolute tolerance of 2.220446049250313e-15. Taking the real part, which may not be accurate.
└ @ ITensorMPS ~/.julia/packages/ITensorMPS/fZDBz/src/abstractmps.jl:1246
┌ Warning: norm² is 5.0060495476463525e14 + 1.6257314447345834im, which is not real up to a relative tolerance of 2.220446049250313e-15 and an absolute tolerance of 2.220446049250313e-15. Taking the real part, which may not be accurate.
└ @ ITensorMPS ~/.julia/packages/ITensorMPS/fZDBz/src/abstractmps.jl:1246
┌ Warning: norm² is 4.249973583995024e14 + 1.1957125453004434im, which is not real up to a relative tolerance of 2.220446049250313e-15 and an absolute tolerance of 2.220446049250313e-15. Taking the real part, which may not be accurate.
└ @ ITensorMPS ~/.julia/packages/ITensorMPS/fZDBz/src/abstractmps.jl:1246
┌ Warning: norm² is 4.307669608211275e14 + 1.1708820895462821im, which is not real up to a relative tolerance of 2.220446049250313e-15 and an absolute tolerance of 2.220446049250313e-15. Taking the real part, which may not be accurate.
└ @ ITensorMPS ~/.julia/packages/ITensorMPS/fZDBz/src/abstractmps.jl:1246
┌ Warning: norm² is 2.50782020142535 + 6.5271980984866315e-15im, which is not real up to a relative tolerance of 2.220446049250313e-15 and an absolute tolerance of 2.220446049250313e-15. Taking the real part, which may not be accurate.
└ @ ITensorMPS ~/.julia/packages/ITensorMPS/fZDBz/src/abstractmps.jl:1246
┌ Warning: norm² is 4.2992597984186594e14 - 1.1247814351703926im, which is not real up to a relative tolerance of 2.220446049250313e-15 and an absolute tolerance of 2.220446049250313e-15. Taking the real part, which may not be accurate.
└ @ ITensorMPS ~/.julia/packages/ITensorMPS/fZDBz/src/abstractmps.jl:1246
┌ Warning: norm² is 4.028563378536835e14 + 1.45313797175357im, which is not real up to a relative tolerance of 2.220446049250313e-15 and an absolute tolerance of 2.220446049250313e-15. Taking the real part, which may not be accurate.
└ @ ITensorMPS ~/.julia/packages/ITensorMPS/fZDBz/src/abstractmps.jl:1246
┌ Warning: norm² is 2.8160756842727754 + 7.483526676710348e-15im, which is not real up to a relative tolerance of 2.220446049250313e-15 and an absolute tolerance of 2.220446049250313e-15. Taking the real part, which may not be accurate.
└ @ ITensorMPS ~/.julia/packages/ITensorMPS/fZDBz/src/abstractmps.jl:1246
┌ Warning: norm² is 2.4361731126920825e15 - 8.75494135524832im, which is not real up to a relative tolerance of 2.220446049250313e-15 and an absolute tolerance of 2.220446049250313e-15. Taking the real part, which may not be accurate.
└ @ ITensorMPS ~/.julia/packages/ITensorMPS/fZDBz/src/abstractmps.jl:1246
┌ Warning: norm² is 2.88530364012105 + 7.765555317963073e-15im, which is not real up to a relative tolerance of 2.220446049250313e-15 and an absolute tolerance of 2.220446049250313e-15. Taking the real part, which may not be accurate.
└ @ ITensorMPS ~/.julia/packages/ITensorMPS/fZDBz/src/abstractmps.jl:1246
┌ Warning: norm² is 5.660624227506366e15 + 19.486632653719425im, which is not real up to a relative tolerance of 2.220446049250313e-15 and an absolute tolerance of 2.220446049250313e-15. Taking the real part, which may not be accurate.
└ @ ITensorMPS ~/.julia/packages/ITensorMPS/fZDBz/src/abstractmps.jl:1246
┌ Warning: norm² is 3.7583823404799656e14 - 1.100953125297707im, which is not real up to a relative tolerance of 2.220446049250313e-15 and an absolute tolerance of 2.220446049250313e-15. Taking the real part, which may not be accurate.
└ @ ITensorMPS ~/.julia/packages/ITensorMPS/fZDBz/src/abstractmps.jl:1246
┌ Warning: log(norm²) is 1.0698452464402424 - 2.5676026438185606e-15im, which is not real up to a relative tolerance of 2.220446049250313e-15 and an absolute tolerance of 2.220446049250313e-15. Taking the real part, which may not be accurate.
└ @ ITensorMPS ~/.julia/packages/ITensorMPS/fZDBz/src/abstractmps.jl:1271
┌ Warning: norm² is 8.133457079206168e14 + 3.3331607837666866im, which is not real up to a relative tolerance of 2.220446049250313e-15 and an absolute tolerance of 2.220446049250313e-15. Taking the real part, which may not be accurate.
└ @ ITensorMPS ~/.julia/packages/ITensorMPS/fZDBz/src/abstractmps.jl:1246
┌ Warning: norm² is 1.6489643374491352e15 + 5.212774362330947im, which is not real up to a relative tolerance of 2.220446049250313e-15 and an absolute tolerance of 2.220446049250313e-15. Taking the real part, which may not be accurate.
└ @ ITensorMPS ~/.julia/packages/ITensorMPS/fZDBz/src/abstractmps.jl:1246
┌ Warning: norm² is 4.7569535071473106e14 + 1.7158888655550015im, which is not real up to a relative tolerance of 2.220446049250313e-15 and an absolute tolerance of 2.220446049250313e-15. Taking the real part, which may not be accurate.
└ @ ITensorMPS ~/.julia/packages/ITensorMPS/fZDBz/src/abstractmps.jl:1246
┌ Warning: norm² is 1.323806656526854e15 - 3.435716534891071im, which is not real up to a relative tolerance of 2.220446049250313e-15 and an absolute tolerance of 2.220446049250313e-15. Taking the real part, which may not be accurate.
└ @ ITensorMPS ~/.julia/packages/ITensorMPS/fZDBz/src/abstractmps.jl:1246
┌ Warning: norm² is 1.2326118741696605e15 + 3.5045058960295137im, which is not real up to a relative tolerance of 2.220446049250313e-15 and an absolute tolerance of 2.220446049250313e-15. Taking the real part, which may not be accurate.
└ @ ITensorMPS ~/.julia/packages/ITensorMPS/fZDBz/src/abstractmps.jl:1246
┌ Warning: norm² is 3.572077717778352e14 - 1.0025347027017233im, which is not real up to a relative tolerance of 2.220446049250313e-15 and an absolute tolerance of 2.220446049250313e-15. Taking the real part, which may not be accurate.
└ @ ITensorMPS ~/.julia/packages/ITensorMPS/fZDBz/src/abstractmps.jl:1246
┌ Warning: log(norm²) is 0.9135622204221447 + 2.3808910133191987e-15im, which is not real up to a relative tolerance of 2.220446049250313e-15 and an absolute tolerance of 2.220446049250313e-15. Taking the real part, which may not be accurate.
└ @ ITensorMPS ~/.julia/packages/ITensorMPS/fZDBz/src/abstractmps.jl:1271
┌ Warning: norm² is 2.99854613367797 - 8.966920884736823e-15im, which is not real up to a relative tolerance of 2.220446049250313e-15 and an absolute tolerance of 2.220446049250313e-15. Taking the real part, which may not be accurate.
└ @ ITensorMPS ~/.julia/packages/ITensorMPS/fZDBz/src/abstractmps.jl:1246
┌ Warning: norm² is 2.423976458908736 - 6.331397218763957e-15im, which is not real up to a relative tolerance of 2.220446049250313e-15 and an absolute tolerance of 2.220446049250313e-15. Taking the real part, which may not be accurate.
└ @ ITensorMPS ~/.julia/packages/ITensorMPS/fZDBz/src/abstractmps.jl:1246
┌ Warning: log(norm²) is 0.8854093564885965 - 2.8505932501710375e-15im, which is not real up to a relative tolerance of 2.220446049250313e-15 and an absolute tolerance of 2.220446049250313e-15. Taking the real part, which may not be accurate.
└ @ ITensorMPS ~/.julia/packages/ITensorMPS/fZDBz/src/abstractmps.jl:1271
┌ Warning: norm² is 2.372659134995997 + 5.766108168787056e-15im, which is not real up to a relative tolerance of 2.220446049250313e-15 and an absolute tolerance of 2.220446049250313e-15. Taking the real part, which may not be accurate.
└ @ ITensorMPS ~/.julia/packages/ITensorMPS/fZDBz/src/abstractmps.jl:1246
┌ Warning: norm² is 2.6573623915475504 + 6.095379417364898e-15im, which is not real up to a relative tolerance of 2.220446049250313e-15 and an absolute tolerance of 2.220446049250313e-15. Taking the real part, which may not be accurate.
└ @ ITensorMPS ~/.julia/packages/ITensorMPS/fZDBz/src/abstractmps.jl:1246
┌ Warning: norm² is 3.061593570389213 + 8.83867710957333e-15im, which is not real up to a relative tolerance of 2.220446049250313e-15 and an absolute tolerance of 2.220446049250313e-15. Taking the real part, which may not be accurate.
└ @ ITensorMPS ~/.julia/packages/ITensorMPS/fZDBz/src/abstractmps.jl:1246
┌ Warning: norm² is 2.201105989444787 + 6.054206159301912e-15im, which is not real up to a relative tolerance of 2.220446049250313e-15 and an absolute tolerance of 2.220446049250313e-15. Taking the real part, which may not be accurate.
└ @ ITensorMPS ~/.julia/packages/ITensorMPS/fZDBz/src/abstractmps.jl:1246
┌ Warning: norm² is 4.752513859634534e15 - 11.368300944601287im, which is not real up to a relative tolerance of 2.220446049250313e-15 and an absolute tolerance of 2.220446049250313e-15. Taking the real part, which may not be accurate.
└ @ ITensorMPS ~/.julia/packages/ITensorMPS/fZDBz/src/abstractmps.jl:1246
┌ Warning: norm² is 2.3925616727542565 + 5.4666530983734706e-15im, which is not real up to a relative tolerance of 2.220446049250313e-15 and an absolute tolerance of 2.220446049250313e-15. Taking the real part, which may not be accurate.
└ @ ITensorMPS ~/.julia/packages/ITensorMPS/fZDBz/src/abstractmps.jl:1246
┌ Warning: norm² is 5.169073292374247e14 + 1.2292885023160522im, which is not real up to a relative tolerance of 2.220446049250313e-15 and an absolute tolerance of 2.220446049250313e-15. Taking the real part, which may not be accurate.
└ @ ITensorMPS ~/.julia/packages/ITensorMPS/fZDBz/src/abstractmps.jl:1246
┌ Warning: norm² is 3.722637756923412e14 - 0.9131829607785829im, which is not real up to a relative tolerance of 2.220446049250313e-15 and an absolute tolerance of 2.220446049250313e-15. Taking the real part, which may not be accurate.
└ @ ITensorMPS ~/.julia/packages/ITensorMPS/fZDBz/src/abstractmps.jl:1246
┌ Warning: norm² is 3.740376024621534e14 - 1.0672880667707432im, which is not real up to a relative tolerance of 2.220446049250313e-15 and an absolute tolerance of 2.220446049250313e-15. Taking the real part, which may not be accurate.
└ @ ITensorMPS ~/.julia/packages/ITensorMPS/fZDBz/src/abstractmps.jl:1246
┌ Warning: norm² is 4.9113309133704875e14 - 1.64776120714221im, which is not real up to a relative tolerance of 2.220446049250313e-15 and an absolute tolerance of 2.220446049250313e-15. Taking the real part, which may not be accurate.
└ @ ITensorMPS ~/.julia/packages/ITensorMPS/fZDBz/src/abstractmps.jl:1246
┌ Warning: norm² is 2.8827857288834813 + 6.685044939793098e-15im, which is not real up to a relative tolerance of 2.220446049250313e-15 and an absolute tolerance of 2.220446049250313e-15. Taking the real part, which may not be accurate.
└ @ ITensorMPS ~/.julia/packages/ITensorMPS/fZDBz/src/abstractmps.jl:1246
┌ Warning: norm² is 3.344051968353868e14 - 1.1948208153410391im, which is not real up to a relative tolerance of 2.220446049250313e-15 and an absolute tolerance of 2.220446049250313e-15. Taking the real part, which may not be accurate.
└ @ ITensorMPS ~/.julia/packages/ITensorMPS/fZDBz/src/abstractmps.jl:1246
┌ Warning: norm² is 3.357394363810894e14 + 0.7746526172968675im, which is not real up to a relative tolerance of 2.220446049250313e-15 and an absolute tolerance of 2.220446049250313e-15. Taking the real part, which may not be accurate.
└ @ ITensorMPS ~/.julia/packages/ITensorMPS/fZDBz/src/abstractmps.jl:1246
┌ Warning: norm² is 3.012020657366354 - 7.417400289174442e-15im, which is not real up to a relative tolerance of 2.220446049250313e-15 and an absolute tolerance of 2.220446049250313e-15. Taking the real part, which may not be accurate.
└ @ ITensorMPS ~/.julia/packages/ITensorMPS/fZDBz/src/abstractmps.jl:1246
┌ Warning: norm² is 3.385381066912365e14 + 0.7825009271075813im, which is not real up to a relative tolerance of 2.220446049250313e-15 and an absolute tolerance of 2.220446049250313e-15. Taking the real part, which may not be accurate.
└ @ ITensorMPS ~/.julia/packages/ITensorMPS/fZDBz/src/abstractmps.jl:1246
┌ Warning: norm² is 2.891549475131652 - 6.433325417283846e-15im, which is not real up to a relative tolerance of 2.220446049250313e-15 and an absolute tolerance of 2.220446049250313e-15. Taking the real part, which may not be accurate.
└ @ ITensorMPS ~/.julia/packages/ITensorMPS/fZDBz/src/abstractmps.jl:1246
┌ Warning: norm² is 3.043367038317731 - 6.8254336458214806e-15im, which is not real up to a relative tolerance of 2.220446049250313e-15 and an absolute tolerance of 2.220446049250313e-15. Taking the real part, which may not be accurate.
└ @ ITensorMPS ~/.julia/packages/ITensorMPS/fZDBz/src/abstractmps.jl:1246
┌ Warning: log(norm²) is 0.9693871258441942 - 2.891152378092358e-15im, which is not real up to a relative tolerance of 2.220446049250313e-15 and an absolute tolerance of 2.220446049250313e-15. Taking the real part, which may not be accurate.
└ @ ITensorMPS ~/.julia/packages/ITensorMPS/fZDBz/src/abstractmps.jl:1271
┌ Warning: norm² is 4.422017725309363e14 + 1.111145706397565im, which is not real up to a relative tolerance of 2.220446049250313e-15 and an absolute tolerance of 2.220446049250313e-15. Taking the real part, which may not be accurate.
└ @ ITensorMPS ~/.julia/packages/ITensorMPS/fZDBz/src/abstractmps.jl:1246
┌ Warning: norm² is 1.8538218006565386 + 4.601186618524835e-15im, which is not real up to a relative tolerance of 2.220446049250313e-15 and an absolute tolerance of 2.220446049250313e-15. Taking the real part, which may not be accurate.
└ @ ITensorMPS ~/.julia/packages/ITensorMPS/fZDBz/src/abstractmps.jl:1246
┌ Warning: log(norm²) is 0.777792883675092 + 3.065420137579551e-15im, which is not real up to a relative tolerance of 2.220446049250313e-15 and an absolute tolerance of 2.220446049250313e-15. Taking the real part, which may not be accurate.
└ @ ITensorMPS ~/.julia/packages/ITensorMPS/fZDBz/src/abstractmps.jl:1271
┌ Warning: norm² is 2.570064871363951 - 7.916941778570796e-15im, which is not real up to a relative tolerance of 2.220446049250313e-15 and an absolute tolerance of 2.220446049250313e-15. Taking the real part, which may not be accurate.
└ @ ITensorMPS ~/.julia/packages/ITensorMPS/fZDBz/src/abstractmps.jl:1246
┌ Warning: log(norm²) is 0.9260185161508275 + 2.3473757788162013e-15im, which is not real up to a relative tolerance of 2.220446049250313e-15 and an absolute tolerance of 2.220446049250313e-15. Taking the real part, which may not be accurate.
└ @ ITensorMPS ~/.julia/packages/ITensorMPS/fZDBz/src/abstractmps.jl:1271
┌ Warning: norm² is 2.842467729404726 - 7.707845208790709e-15im, which is not real up to a relative tolerance of 2.220446049250313e-15 and an absolute tolerance of 2.220446049250313e-15. Taking the real part, which may not be accurate.
└ @ ITensorMPS ~/.julia/packages/ITensorMPS/fZDBz/src/abstractmps.jl:1246
┌ Warning: norm² is 3.208451945732437 - 7.511330232110228e-15im, which is not real up to a relative tolerance of 2.220446049250313e-15 and an absolute tolerance of 2.220446049250313e-15. Taking the real part, which may not be accurate.
└ @ ITensorMPS ~/.julia/packages/ITensorMPS/fZDBz/src/abstractmps.jl:1246
┌ Warning: log(norm²) is 1.0935311748895624 + 2.5801301373929235e-15im, which is not real up to a relative tolerance of 2.220446049250313e-15 and an absolute tolerance of 2.220446049250313e-15. Taking the real part, which may not be accurate.
└ @ ITensorMPS ~/.julia/packages/ITensorMPS/fZDBz/src/abstractmps.jl:1271
┌ Warning: norm² is 2.8588531609831924 - 7.195725329163929e-15im, which is not real up to a relative tolerance of 2.220446049250313e-15 and an absolute tolerance of 2.220446049250313e-15. Taking the real part, which may not be accurate.
└ @ ITensorMPS ~/.julia/packages/ITensorMPS/fZDBz/src/abstractmps.jl:1246
┌ Warning: norm² is 2.9048547563945353 + 7.463051895655014e-15im, which is not real up to a relative tolerance of 2.220446049250313e-15 and an absolute tolerance of 2.220446049250313e-15. Taking the real part, which may not be accurate.
└ @ ITensorMPS ~/.julia/packages/ITensorMPS/fZDBz/src/abstractmps.jl:1246
┌ Warning: log(norm²) is 0.9846889921293212 - 2.727651203069382e-15im, which is not real up to a relative tolerance of 2.220446049250313e-15 and an absolute tolerance of 2.220446049250313e-15. Taking the real part, which may not be accurate.
└ @ ITensorMPS ~/.julia/packages/ITensorMPS/fZDBz/src/abstractmps.jl:1271
┌ Warning: log(norm²) is 1.0772258391732485 - 2.819338532359242e-15im, which is not real up to a relative tolerance of 2.220446049250313e-15 and an absolute tolerance of 2.220446049250313e-15. Taking the real part, which may not be accurate.
└ @ ITensorMPS ~/.julia/packages/ITensorMPS/fZDBz/src/abstractmps.jl:1271
┌ Warning: norm² is 3.605061654245553e14 + 0.9681461438128438im, which is not real up to a relative tolerance of 2.220446049250313e-15 and an absolute tolerance of 2.220446049250313e-15. Taking the real part, which may not be accurate.
└ @ ITensorMPS ~/.julia/packages/ITensorMPS/fZDBz/src/abstractmps.jl:1246
┌ Warning: norm² is 3.5681783308130806e14 + 1.032526910159234im, which is not real up to a relative tolerance of 2.220446049250313e-15 and an absolute tolerance of 2.220446049250313e-15. Taking the real part, which may not be accurate.
└ @ ITensorMPS ~/.julia/packages/ITensorMPS/fZDBz/src/abstractmps.jl:1246
┌ Warning: norm² is 1.0406806703024048e15 - 2.535919770523833im, which is not real up to a relative tolerance of 2.220446049250313e-15 and an absolute tolerance of 2.220446049250313e-15. Taking the real part, which may not be accurate.
└ @ ITensorMPS ~/.julia/packages/ITensorMPS/fZDBz/src/abstractmps.jl:1246
┌ Warning: log(norm²) is 1.05659234270371 + 2.536968806846353e-15im, which is not real up to a relative tolerance of 2.220446049250313e-15 and an absolute tolerance of 2.220446049250313e-15. Taking the real part, which may not be accurate.
└ @ ITensorMPS ~/.julia/packages/ITensorMPS/fZDBz/src/abstractmps.jl:1271
┌ Warning: norm² is 3.408346366815447e14 - 0.8951150126517398im, which is not real up to a relative tolerance of 2.220446049250313e-15 and an absolute tolerance of 2.220446049250313e-15. Taking the real part, which may not be accurate.
└ @ ITensorMPS ~/.julia/packages/ITensorMPS/fZDBz/src/abstractmps.jl:1246
┌ Warning: norm² is 3.45676405990402e14 + 0.768277707549295im, which is not real up to a relative tolerance of 2.220446049250313e-15 and an absolute tolerance of 2.220446049250313e-15. Taking the real part, which may not be accurate.
└ @ ITensorMPS ~/.julia/packages/ITensorMPS/fZDBz/src/abstractmps.jl:1246
┌ Warning: norm² is 6.96182183696626e14 - 2.332894243530106im, which is not real up to a relative tolerance of 2.220446049250313e-15 and an absolute tolerance of 2.220446049250313e-15. Taking the real part, which may not be accurate.
└ @ ITensorMPS ~/.julia/packages/ITensorMPS/fZDBz/src/abstractmps.jl:1246
┌ Warning: log(norm²) is 1.0355303685163288 + 3.1286190905310076e-15im, which is not real up to a relative tolerance of 2.220446049250313e-15 and an absolute tolerance of 2.220446049250313e-15. Taking the real part, which may not be accurate.
└ @ ITensorMPS ~/.julia/packages/ITensorMPS/fZDBz/src/abstractmps.jl:1271
┌ Warning: log(norm²) is -0.414664009366587 + 3.612110476364769e-15im, which is not real up to a relative tolerance of 2.220446049250313e-15 and an absolute tolerance of 2.220446049250313e-15. Taking the real part, which may not be accurate.
└ @ ITensorMPS ~/.julia/packages/ITensorMPS/fZDBz/src/abstractmps.jl:1271
┌ Warning: norm² is 2.6030858920951436 - 7.007540366455654e-15im, which is not real up to a relative tolerance of 2.220446049250313e-15 and an absolute tolerance of 2.220446049250313e-15. Taking the real part, which may not be accurate.
└ @ ITensorMPS ~/.julia/packages/ITensorMPS/fZDBz/src/abstractmps.jl:1246
┌ Warning: norm² is 2.963079526167829 - 8.444844618176218e-15im, which is not real up to a relative tolerance of 2.220446049250313e-15 and an absolute tolerance of 2.220446049250313e-15. Taking the real part, which may not be accurate.
└ @ ITensorMPS ~/.julia/packages/ITensorMPS/fZDBz/src/abstractmps.jl:1246
┌ Warning: log(norm²) is 1.1554637839513644 + 3.0090300227369153e-15im, which is not real up to a relative tolerance of 2.220446049250313e-15 and an absolute tolerance of 2.220446049250313e-15. Taking the real part, which may not be accurate.
└ @ ITensorMPS ~/.julia/packages/ITensorMPS/fZDBz/src/abstractmps.jl:1271
┌ Warning: norm² is 2.8726257163105346 + 7.836536178447014e-15im, which is not real up to a relative tolerance of 2.220446049250313e-15 and an absolute tolerance of 2.220446049250313e-15. Taking the real part, which may not be accurate.
└ @ ITensorMPS ~/.julia/packages/ITensorMPS/fZDBz/src/abstractmps.jl:1246
┌ Warning: norm² is 1.5401396253801812e15 - 4.980486954967091im, which is not real up to a relative tolerance of 2.220446049250313e-15 and an absolute tolerance of 2.220446049250313e-15. Taking the real part, which may not be accurate.
└ @ ITensorMPS ~/.julia/packages/ITensorMPS/fZDBz/src/abstractmps.jl:1246
┌ Warning: norm² is 4.6266523293691725e14 + 1.140536588645034im, which is not real up to a relative tolerance of 2.220446049250313e-15 and an absolute tolerance of 2.220446049250313e-15. Taking the real part, which may not be accurate.
└ @ ITensorMPS ~/.julia/packages/ITensorMPS/fZDBz/src/abstractmps.jl:1246
┌ Warning: norm² is 1.2939559621659538 + 2.958909772594879e-15im, which is not real up to a relative tolerance of 2.220446049250313e-15 and an absolute tolerance of 2.220446049250313e-15. Taking the real part, which may not be accurate.
└ @ ITensorMPS ~/.julia/packages/ITensorMPS/fZDBz/src/abstractmps.jl:1246
┌ Warning: norm² is 1.914845274482817e16 - 62.30498058986268im, which is not real up to a relative tolerance of 2.220446049250313e-15 and an absolute tolerance of 2.220446049250313e-15. Taking the real part, which may not be accurate.
└ @ ITensorMPS ~/.julia/packages/ITensorMPS/fZDBz/src/abstractmps.jl:1246
┌ Warning: norm² is 1.1718084761719742e15 - 3.741293031029727im, which is not real up to a relative tolerance of 2.220446049250313e-15 and an absolute tolerance of 2.220446049250313e-15. Taking the real part, which may not be accurate.
└ @ ITensorMPS ~/.julia/packages/ITensorMPS/fZDBz/src/abstractmps.jl:1246
┌ Warning: norm² is 2.3430222789442072 - 5.2644347475585885e-15im, which is not real up to a relative tolerance of 2.220446049250313e-15 and an absolute tolerance of 2.220446049250313e-15. Taking the real part, which may not be accurate.
└ @ ITensorMPS ~/.julia/packages/ITensorMPS/fZDBz/src/abstractmps.jl:1246
┌ Warning: norm² is 3.4997326635986706e14 + 0.9102974330288482im, which is not real up to a relative tolerance of 2.220446049250313e-15 and an absolute tolerance of 2.220446049250313e-15. Taking the real part, which may not be accurate.
└ @ ITensorMPS ~/.julia/packages/ITensorMPS/fZDBz/src/abstractmps.jl:1246
┌ Warning: norm² is 1.146355118599353e15 + 2.649261178102961im, which is not real up to a relative tolerance of 2.220446049250313e-15 and an absolute tolerance of 2.220446049250313e-15. Taking the real part, which may not be accurate.
└ @ ITensorMPS ~/.julia/packages/ITensorMPS/fZDBz/src/abstractmps.jl:1246
┌ Warning: norm² is 2.9836951029766845 + 7.1041896529373055e-15im, which is not real up to a relative tolerance of 2.220446049250313e-15 and an absolute tolerance of 2.220446049250313e-15. Taking the real part, which may not be accurate.
└ @ ITensorMPS ~/.julia/packages/ITensorMPS/fZDBz/src/abstractmps.jl:1246
┌ Warning: norm² is 5.034774592303494e14 - 1.2487189540200916im, which is not real up to a relative tolerance of 2.220446049250313e-15 and an absolute tolerance of 2.220446049250313e-15. Taking the real part, which may not be accurate.
└ @ ITensorMPS ~/.julia/packages/ITensorMPS/fZDBz/src/abstractmps.jl:1246
┌ Warning: log(norm²) is 1.002299872512939 + 2.797739260080352e-15im, which is not real up to a relative tolerance of 2.220446049250313e-15 and an absolute tolerance of 2.220446049250313e-15. Taking the real part, which may not be accurate.
└ @ ITensorMPS ~/.julia/packages/ITensorMPS/fZDBz/src/abstractmps.jl:1271
┌ Warning: norm² is 3.2021492984171216 + 7.178669587139308e-15im, which is not real up to a relative tolerance of 2.220446049250313e-15 and an absolute tolerance of 2.220446049250313e-15. Taking the real part, which may not be accurate.
└ @ ITensorMPS ~/.julia/packages/ITensorMPS/fZDBz/src/abstractmps.jl:1246
┌ Warning: norm² is 2.497520705986247 + 5.785162340733555e-15im, which is not real up to a relative tolerance of 2.220446049250313e-15 and an absolute tolerance of 2.220446049250313e-15. Taking the real part, which may not be accurate.
└ @ ITensorMPS ~/.julia/packages/ITensorMPS/fZDBz/src/abstractmps.jl:1246
┌ Warning: log(norm²) is 1.0436306528253003 + 2.6954379418431564e-15im, which is not real up to a relative tolerance of 2.220446049250313e-15 and an absolute tolerance of 2.220446049250313e-15. Taking the real part, which may not be accurate.
└ @ ITensorMPS ~/.julia/packages/ITensorMPS/fZDBz/src/abstractmps.jl:1271
┌ Warning: norm² is 2.9503004012148453 - 6.835349342978417e-15im, which is not real up to a relative tolerance of 2.220446049250313e-15 and an absolute tolerance of 2.220446049250313e-15. Taking the real part, which may not be accurate.
└ @ ITensorMPS ~/.julia/packages/ITensorMPS/fZDBz/src/abstractmps.jl:1246
┌ Warning: log(norm²) is 0.4433968782582933 - 2.421402015147842e-15im, which is not real up to a relative tolerance of 2.220446049250313e-15 and an absolute tolerance of 2.220446049250313e-15. Taking the real part, which may not be accurate.
└ @ ITensorMPS ~/.julia/packages/ITensorMPS/fZDBz/src/abstractmps.jl:1271
┌ Warning: norm² is 3.930409968719845e16 - 109.66324202543183im, which is not real up to a relative tolerance of 2.220446049250313e-15 and an absolute tolerance of 2.220446049250313e-15. Taking the real part, which may not be accurate.
└ @ ITensorMPS ~/.julia/packages/ITensorMPS/fZDBz/src/abstractmps.jl:1246
┌ Warning: norm² is 1.3450025527315908e15 + 3.123910306355583im, which is not real up to a relative tolerance of 2.220446049250313e-15 and an absolute tolerance of 2.220446049250313e-15. Taking the real part, which may not be accurate.
└ @ ITensorMPS ~/.julia/packages/ITensorMPS/fZDBz/src/abstractmps.jl:1246
┌ Warning: norm² is 7.31728055587306e14 + 1.8743315488206918im, which is not real up to a relative tolerance of 2.220446049250313e-15 and an absolute tolerance of 2.220446049250313e-15. Taking the real part, which may not be accurate.
└ @ ITensorMPS ~/.julia/packages/ITensorMPS/fZDBz/src/abstractmps.jl:1246
┌ Warning: log(norm²) is 1.0303026491247689 - 2.9204585012695056e-15im, which is not real up to a relative tolerance of 2.220446049250313e-15 and an absolute tolerance of 2.220446049250313e-15. Taking the real part, which may not be accurate.
└ @ ITensorMPS ~/.julia/packages/ITensorMPS/fZDBz/src/abstractmps.jl:1271
┌ Warning: norm² is 2.7922025870482683 + 8.518304775335766e-15im, which is not real up to a relative tolerance of 2.220446049250313e-15 and an absolute tolerance of 2.220446049250313e-15. Taking the real part, which may not be accurate.
└ @ ITensorMPS ~/.julia/packages/ITensorMPS/fZDBz/src/abstractmps.jl:1246
┌ Warning: log(norm²) is 1.0425737482463124 + 3.031379554525938e-15im, which is not real up to a relative tolerance of 2.220446049250313e-15 and an absolute tolerance of 2.220446049250313e-15. Taking the real part, which may not be accurate.
└ @ ITensorMPS ~/.julia/packages/ITensorMPS/fZDBz/src/abstractmps.jl:1271
┌ Warning: log(norm²) is 1.056811233025192 + 2.5693753924633365e-15im, which is not real up to a relative tolerance of 2.220446049250313e-15 and an absolute tolerance of 2.220446049250313e-15. Taking the real part, which may not be accurate.
└ @ ITensorMPS ~/.julia/packages/ITensorMPS/fZDBz/src/abstractmps.jl:1271
┌ Warning: norm² is 7.43160831086682e14 - 2.571210037774108im, which is not real up to a relative tolerance of 2.220446049250313e-15 and an absolute tolerance of 2.220446049250313e-15. Taking the real part, which may not be accurate.
└ @ ITensorMPS ~/.julia/packages/ITensorMPS/fZDBz/src/abstractmps.jl:1246
┌ Warning: norm² is 9.10566744237501e14 + 3.036798001590114im, which is not real up to a relative tolerance of 2.220446049250313e-15 and an absolute tolerance of 2.220446049250313e-15. Taking the real part, which may not be accurate.
└ @ ITensorMPS ~/.julia/packages/ITensorMPS/fZDBz/src/abstractmps.jl:1246
┌ Warning: norm² is 3.2042751668524994e14 + 0.7965237459562573im, which is not real up to a relative tolerance of 2.220446049250313e-15 and an absolute tolerance of 2.220446049250313e-15. Taking the real part, which may not be accurate.
└ @ ITensorMPS ~/.julia/packages/ITensorMPS/fZDBz/src/abstractmps.jl:1246
┌ Warning: norm² is 3.4754156820234975e14 + 0.8214147884145078im, which is not real up to a relative tolerance of 2.220446049250313e-15 and an absolute tolerance of 2.220446049250313e-15. Taking the real part, which may not be accurate.
└ @ ITensorMPS ~/.julia/packages/ITensorMPS/fZDBz/src/abstractmps.jl:1246
┌ Warning: norm² is 2.719511336785754 - 7.096980247553542e-15im, which is not real up to a relative tolerance of 2.220446049250313e-15 and an absolute tolerance of 2.220446049250313e-15. Taking the real part, which may not be accurate.
└ @ ITensorMPS ~/.julia/packages/ITensorMPS/fZDBz/src/abstractmps.jl:1246
┌ Warning: norm² is 1.3099590977932958e15 - 3.5160650241732583im, which is not real up to a relative tolerance of 2.220446049250313e-15 and an absolute tolerance of 2.220446049250313e-15. Taking the real part, which may not be accurate.
└ @ ITensorMPS ~/.julia/packages/ITensorMPS/fZDBz/src/abstractmps.jl:1246
┌ Warning: log(norm²) is 0.7498187558053625 - 2.4069081821061784e-15im, which is not real up to a relative tolerance of 2.220446049250313e-15 and an absolute tolerance of 2.220446049250313e-15. Taking the real part, which may not be accurate.
└ @ ITensorMPS ~/.julia/packages/ITensorMPS/fZDBz/src/abstractmps.jl:1271
┌ Warning: norm² is 3.071433136606041e15 - 9.04340713374485im, which is not real up to a relative tolerance of 2.220446049250313e-15 and an absolute tolerance of 2.220446049250313e-15. Taking the real part, which may not be accurate.
└ @ ITensorMPS ~/.julia/packages/ITensorMPS/fZDBz/src/abstractmps.jl:1246
┌ Warning: norm² is 1.9403284220331054 - 4.605237565589197e-15im, which is not real up to a relative tolerance of 2.220446049250313e-15 and an absolute tolerance of 2.220446049250313e-15. Taking the real part, which may not be accurate.
└ @ ITensorMPS ~/.julia/packages/ITensorMPS/fZDBz/src/abstractmps.jl:1246
┌ Warning: norm² is 3.27175520433224e14 - 1.0003471290591794im, which is not real up to a relative tolerance of 2.220446049250313e-15 and an absolute tolerance of 2.220446049250313e-15. Taking the real part, which may not be accurate.
└ @ ITensorMPS ~/.julia/packages/ITensorMPS/fZDBz/src/abstractmps.jl:1246
┌ Warning: norm² is 4.696650743631541e14 - 1.1739889301534276im, which is not real up to a relative tolerance of 2.220446049250313e-15 and an absolute tolerance of 2.220446049250313e-15. Taking the real part, which may not be accurate.
└ @ ITensorMPS ~/.julia/packages/ITensorMPS/fZDBz/src/abstractmps.jl:1246
┌ Warning: norm² is 3.0043678823949516 + 8.819263810985886e-15im, which is not real up to a relative tolerance of 2.220446049250313e-15 and an absolute tolerance of 2.220446049250313e-15. Taking the real part, which may not be accurate.
└ @ ITensorMPS ~/.julia/packages/ITensorMPS/fZDBz/src/abstractmps.jl:1246
┌ Warning: log(norm²) is 1.0421914486304802 - 2.5242951984885095e-15im, which is not real up to a relative tolerance of 2.220446049250313e-15 and an absolute tolerance of 2.220446049250313e-15. Taking the real part, which may not be accurate.
└ @ ITensorMPS ~/.julia/packages/ITensorMPS/fZDBz/src/abstractmps.jl:1271
┌ Warning: norm² is 4.3605071975830794e14 - 1.1266550884264745im, which is not real up to a relative tolerance of 2.220446049250313e-15 and an absolute tolerance of 2.220446049250313e-15. Taking the real part, which may not be accurate.
└ @ ITensorMPS ~/.julia/packages/ITensorMPS/fZDBz/src/abstractmps.jl:1246
┌ Warning: norm² is 3.2730574877695256e14 - 1.1455007532965276im, which is not real up to a relative tolerance of 2.220446049250313e-15 and an absolute tolerance of 2.220446049250313e-15. Taking the real part, which may not be accurate.
└ @ ITensorMPS ~/.julia/packages/ITensorMPS/fZDBz/src/abstractmps.jl:1246
┌ Warning: log(norm²) is 1.0731784485977214 + 2.7628573560991374e-15im, which is not real up to a relative tolerance of 2.220446049250313e-15 and an absolute tolerance of 2.220446049250313e-15. Taking the real part, which may not be accurate.
└ @ ITensorMPS ~/.julia/packages/ITensorMPS/fZDBz/src/abstractmps.jl:1271
┌ Warning: norm² is 2.927940098152523 + 6.914126242596508e-15im, which is not real up to a relative tolerance of 2.220446049250313e-15 and an absolute tolerance of 2.220446049250313e-15. Taking the real part, which may not be accurate.
└ @ ITensorMPS ~/.julia/packages/ITensorMPS/fZDBz/src/abstractmps.jl:1246
┌ Warning: norm² is 8.865979143179e14 + 2.1725036945797456im, which is not real up to a relative tolerance of 2.220446049250313e-15 and an absolute tolerance of 2.220446049250313e-15. Taking the real part, which may not be accurate.
└ @ ITensorMPS ~/.julia/packages/ITensorMPS/fZDBz/src/abstractmps.jl:1246
/scratch/slurm/job43417760/slurm_script: line 24: 2753230 Killed                  julia --project=. cluster/wall_scan_cluster.jl psweep 0.3 20
slurmstepd: error: Detected 1 oom_kill event in StepId=43417760.batch. Some of the step tasks have been OOM Killed.
