load JULIA/1.12.0 (PATH, LD_LIBRARY_PATH, LIBRARY_PATH, C_INCLUDE_PATH,
CPLUS_INCLUDE_PATH, MANPATH) 
Precompiling packages...
    MKL_jll Being precompiled by another machine (hostname: gs03r2b16, pid: 3364626, pidfile: /home/bsc/bsc948371/.julia/compiled/v1.12/MKL_jll/DHEix_3NBx9.ji.pidfile)
  11005.9 ms  ✓ MKL_jll
    MKL Being precompiled by another machine (hostname: gs23r1b69, pid: 2793345, pidfile: /home/bsc/bsc948371/.julia/compiled/v1.12/MKL/tDGGv_3NBx9.ji.pidfile)
  10035.3 ms  ✓ MKL
  2 dependencies successfully precompiled in 21 seconds. 31 already precompiled.
[ Info: Checking symmetry MPO tensor on physical(space) => bond(time) indices
┌ Warning: Tensor *not* symmetric (dim=2|id=810|"S=1/2,Site") <-> (dim=2|id=810|"S=1/2,Site")', normdiff = 0.2034249757191385
└ @ ITransverse ~/.julia/packages/ITransverse/8pmYI/src/ITenUtils/itensor_utils.jl:93
[ Info: Checking symmetry MPO tensor on bond(space) => phys(time) indices
┌ Warning: Tensor *not* symmetric (dim=7|id=802|"Link,l=1") <-> (dim=7|id=282|"Link,l=2"), normdiff = 1.1566412865695994
└ @ ITransverse ~/.julia/packages/ITransverse/8pmYI/src/ITenUtils/itensor_utils.jl:93
[ Info: Checking symmetry MPO tensor on physical(space) => bond(time) indices
┌ Warning: Tensor *not* symmetric (dim=2|id=538|"S=1/2,Site") <-> (dim=2|id=538|"S=1/2,Site")', normdiff = 0.2034249757191385
└ @ ITransverse ~/.julia/packages/ITransverse/8pmYI/src/ITenUtils/itensor_utils.jl:93
[ Info: Checking symmetry MPO tensor on bond(space) => phys(time) indices
┌ Warning: Tensor *not* symmetric (dim=7|id=767|"Link,l=1") <-> (dim=7|id=53|"Link,l=2"), normdiff = 1.4350175351861996
└ @ ITransverse ~/.julia/packages/ITransverse/8pmYI/src/ITenUtils/itensor_utils.jl:93
┌ Warning: norm² is 4.7158094772932556e14 - 1.3158371669001099im, which is not real up to a relative tolerance of 2.220446049250313e-15 and an absolute tolerance of 2.220446049250313e-15. Taking the real part, which may not be accurate.
└ @ ITensorMPS ~/.julia/packages/ITensorMPS/fZDBz/src/abstractmps.jl:1246
┌ Warning: log(norm²) is 0.814749012701366 - 2.535009316003553e-15im, which is not real up to a relative tolerance of 2.220446049250313e-15 and an absolute tolerance of 2.220446049250313e-15. Taking the real part, which may not be accurate.
└ @ ITensorMPS ~/.julia/packages/ITensorMPS/fZDBz/src/abstractmps.jl:1271
┌ Warning: norm² is 1.5391524536004865e15 + 3.4522450766247132im, which is not real up to a relative tolerance of 2.220446049250313e-15 and an absolute tolerance of 2.220446049250313e-15. Taking the real part, which may not be accurate.
└ @ ITensorMPS ~/.julia/packages/ITensorMPS/fZDBz/src/abstractmps.jl:1246
┌ Warning: norm² is 1.6940975799389877e13 - 0.04597328310352111im, which is not real up to a relative tolerance of 2.220446049250313e-15 and an absolute tolerance of 2.220446049250313e-15. Taking the real part, which may not be accurate.
└ @ ITensorMPS ~/.julia/packages/ITensorMPS/fZDBz/src/abstractmps.jl:1246
┌ Warning: log(norm²) is -0.047601585422048176 + 2.835373382241074e-15im, which is not real up to a relative tolerance of 2.220446049250313e-15 and an absolute tolerance of 2.220446049250313e-15. Taking the real part, which may not be accurate.
└ @ ITensorMPS ~/.julia/packages/ITensorMPS/fZDBz/src/abstractmps.jl:1271
┌ Warning: norm² is 2.7529617700610812e13 + 0.11788121650154892im, which is not real up to a relative tolerance of 2.220446049250313e-15 and an absolute tolerance of 2.220446049250313e-15. Taking the real part, which may not be accurate.
└ @ ITensorMPS ~/.julia/packages/ITensorMPS/fZDBz/src/abstractmps.jl:1246
┌ Warning: norm² is 3.566057314454656e13 - 0.09151309960984699im, which is not real up to a relative tolerance of 2.220446049250313e-15 and an absolute tolerance of 2.220446049250313e-15. Taking the real part, which may not be accurate.
└ @ ITensorMPS ~/.julia/packages/ITensorMPS/fZDBz/src/abstractmps.jl:1246
┌ Warning: norm² is 1.7406207863637395 + 4.599087430792366e-15im, which is not real up to a relative tolerance of 2.220446049250313e-15 and an absolute tolerance of 2.220446049250313e-15. Taking the real part, which may not be accurate.
└ @ ITensorMPS ~/.julia/packages/ITensorMPS/fZDBz/src/abstractmps.jl:1246
┌ Warning: norm² is 9.89584078850247e12 - 0.03384804650406892im, which is not real up to a relative tolerance of 2.220446049250313e-15 and an absolute tolerance of 2.220446049250313e-15. Taking the real part, which may not be accurate.
└ @ ITensorMPS ~/.julia/packages/ITensorMPS/fZDBz/src/abstractmps.jl:1246
┌ Warning: norm² is 5.814733933256335e12 + 0.014511500000793376im, which is not real up to a relative tolerance of 2.220446049250313e-15 and an absolute tolerance of 2.220446049250313e-15. Taking the real part, which may not be accurate.
└ @ ITensorMPS ~/.julia/packages/ITensorMPS/fZDBz/src/abstractmps.jl:1246
┌ Warning: norm² is 1.4333141547175812e13 + 0.03578022214620091im, which is not real up to a relative tolerance of 2.220446049250313e-15 and an absolute tolerance of 2.220446049250313e-15. Taking the real part, which may not be accurate.
└ @ ITensorMPS ~/.julia/packages/ITensorMPS/fZDBz/src/abstractmps.jl:1246
┌ Warning: norm² is 4.096411471848012e12 - 0.01140191491485254im, which is not real up to a relative tolerance of 2.220446049250313e-15 and an absolute tolerance of 2.220446049250313e-15. Taking the real part, which may not be accurate.
└ @ ITensorMPS ~/.julia/packages/ITensorMPS/fZDBz/src/abstractmps.jl:1246
┌ Warning: log(norm²) is 0.4023841512408226 - 2.4912580332254615e-15im, which is not real up to a relative tolerance of 2.220446049250313e-15 and an absolute tolerance of 2.220446049250313e-15. Taking the real part, which may not be accurate.
└ @ ITensorMPS ~/.julia/packages/ITensorMPS/fZDBz/src/abstractmps.jl:1271
┌ Warning: norm² is 1.93782259813403e13 - 0.04708158617957281im, which is not real up to a relative tolerance of 2.220446049250313e-15 and an absolute tolerance of 2.220446049250313e-15. Taking the real part, which may not be accurate.
└ @ ITensorMPS ~/.julia/packages/ITensorMPS/fZDBz/src/abstractmps.jl:1246
┌ Warning: norm² is 9.918307115204324e12 + 0.032414414752466314im, which is not real up to a relative tolerance of 2.220446049250313e-15 and an absolute tolerance of 2.220446049250313e-15. Taking the real part, which may not be accurate.
└ @ ITensorMPS ~/.julia/packages/ITensorMPS/fZDBz/src/abstractmps.jl:1246
┌ Warning: log(norm²) is -0.8516450777638432 - 2.7487613997890447e-15im, which is not real up to a relative tolerance of 2.220446049250313e-15 and an absolute tolerance of 2.220446049250313e-15. Taking the real part, which may not be accurate.
└ @ ITensorMPS ~/.julia/packages/ITensorMPS/fZDBz/src/abstractmps.jl:1271
┌ Warning: log(norm²) is 0.12650243936105376 + 2.22378076941616e-15im, which is not real up to a relative tolerance of 2.220446049250313e-15 and an absolute tolerance of 2.220446049250313e-15. Taking the real part, which may not be accurate.
└ @ ITensorMPS ~/.julia/packages/ITensorMPS/fZDBz/src/abstractmps.jl:1271
┌ Warning: norm² is 1.9877489846957657 + 4.6449325416757345e-15im, which is not real up to a relative tolerance of 2.220446049250313e-15 and an absolute tolerance of 2.220446049250313e-15. Taking the real part, which may not be accurate.
└ @ ITensorMPS ~/.julia/packages/ITensorMPS/fZDBz/src/abstractmps.jl:1246
┌ Warning: norm² is 6.683767328909016e12 + 0.022416432179163337im, which is not real up to a relative tolerance of 2.220446049250313e-15 and an absolute tolerance of 2.220446049250313e-15. Taking the real part, which may not be accurate.
└ @ ITensorMPS ~/.julia/packages/ITensorMPS/fZDBz/src/abstractmps.jl:1246
┌ Warning: norm² is 3.968643905647026e12 - 0.012303512532069405im, which is not real up to a relative tolerance of 2.220446049250313e-15 and an absolute tolerance of 2.220446049250313e-15. Taking the real part, which may not be accurate.
└ @ ITensorMPS ~/.julia/packages/ITensorMPS/fZDBz/src/abstractmps.jl:1246
┌ Warning: norm² is 8.552356889440169e12 - 0.021115907178376858im, which is not real up to a relative tolerance of 2.220446049250313e-15 and an absolute tolerance of 2.220446049250313e-15. Taking the real part, which may not be accurate.
└ @ ITensorMPS ~/.julia/packages/ITensorMPS/fZDBz/src/abstractmps.jl:1246
┌ Warning: log(norm²) is 0.2126233750489681 - 2.3393439439747442e-15im, which is not real up to a relative tolerance of 2.220446049250313e-15 and an absolute tolerance of 2.220446049250313e-15. Taking the real part, which may not be accurate.
└ @ ITensorMPS ~/.julia/packages/ITensorMPS/fZDBz/src/abstractmps.jl:1271
┌ Warning: norm² is 1.019950454586127 - 2.653071382843338e-15im, which is not real up to a relative tolerance of 2.220446049250313e-15 and an absolute tolerance of 2.220446049250313e-15. Taking the real part, which may not be accurate.
└ @ ITensorMPS ~/.julia/packages/ITensorMPS/fZDBz/src/abstractmps.jl:1246
┌ Warning: log(norm²) is 0.06215391121539049 - 2.939763089141877e-15im, which is not real up to a relative tolerance of 2.220446049250313e-15 and an absolute tolerance of 2.220446049250313e-15. Taking the real part, which may not be accurate.
└ @ ITensorMPS ~/.julia/packages/ITensorMPS/fZDBz/src/abstractmps.jl:1271
┌ Warning: norm² is 1.7929496823744272e14 - 0.6892483273086327im, which is not real up to a relative tolerance of 2.220446049250313e-15 and an absolute tolerance of 2.220446049250313e-15. Taking the real part, which may not be accurate.
└ @ ITensorMPS ~/.julia/packages/ITensorMPS/fZDBz/src/abstractmps.jl:1246
┌ Warning: norm² is 1.3822443062802469e13 + 0.04415494645839857im, which is not real up to a relative tolerance of 2.220446049250313e-15 and an absolute tolerance of 2.220446049250313e-15. Taking the real part, which may not be accurate.
└ @ ITensorMPS ~/.julia/packages/ITensorMPS/fZDBz/src/abstractmps.jl:1246
┌ Warning: norm² is 3.066603603003189e12 + 0.007094171246662833im, which is not real up to a relative tolerance of 2.220446049250313e-15 and an absolute tolerance of 2.220446049250313e-15. Taking the real part, which may not be accurate.
└ @ ITensorMPS ~/.julia/packages/ITensorMPS/fZDBz/src/abstractmps.jl:1246
┌ Warning: log(norm²) is 0.5948153402161952 + 3.5534861325297554e-15im, which is not real up to a relative tolerance of 2.220446049250313e-15 and an absolute tolerance of 2.220446049250313e-15. Taking the real part, which may not be accurate.
└ @ ITensorMPS ~/.julia/packages/ITensorMPS/fZDBz/src/abstractmps.jl:1271
┌ Warning: norm² is 9.652843092392885e11 - 0.0025859805497727532im, which is not real up to a relative tolerance of 2.220446049250313e-15 and an absolute tolerance of 2.220446049250313e-15. Taking the real part, which may not be accurate.
└ @ ITensorMPS ~/.julia/packages/ITensorMPS/fZDBz/src/abstractmps.jl:1246
┌ Warning: norm² is 1.649657147797272e12 - 0.004856416844036306im, which is not real up to a relative tolerance of 2.220446049250313e-15 and an absolute tolerance of 2.220446049250313e-15. Taking the real part, which may not be accurate.
└ @ ITensorMPS ~/.julia/packages/ITensorMPS/fZDBz/src/abstractmps.jl:1246
┌ Warning: log(norm²) is 0.863702977727965 - 3.693241133647158e-15im, which is not real up to a relative tolerance of 2.220446049250313e-15 and an absolute tolerance of 2.220446049250313e-15. Taking the real part, which may not be accurate.
└ @ ITensorMPS ~/.julia/packages/ITensorMPS/fZDBz/src/abstractmps.jl:1271
┌ Warning: norm² is 4.3983929452558e12 + 0.010282600902058391im, which is not real up to a relative tolerance of 2.220446049250313e-15 and an absolute tolerance of 2.220446049250313e-15. Taking the real part, which may not be accurate.
└ @ ITensorMPS ~/.julia/packages/ITensorMPS/fZDBz/src/abstractmps.jl:1246
┌ Warning: norm² is 1.960560622944155e13 - 0.09778716903293448im, which is not real up to a relative tolerance of 2.220446049250313e-15 and an absolute tolerance of 2.220446049250313e-15. Taking the real part, which may not be accurate.
└ @ ITensorMPS ~/.julia/packages/ITensorMPS/fZDBz/src/abstractmps.jl:1246
┌ Warning: norm² is 1.5615497958447027 - 6.320213176467375e-15im, which is not real up to a relative tolerance of 2.220446049250313e-15 and an absolute tolerance of 2.220446049250313e-15. Taking the real part, which may not be accurate.
└ @ ITensorMPS ~/.julia/packages/ITensorMPS/fZDBz/src/abstractmps.jl:1246
┌ Warning: norm² is 2.3641382821948973 + 6.486331919438732e-15im, which is not real up to a relative tolerance of 2.220446049250313e-15 and an absolute tolerance of 2.220446049250313e-15. Taking the real part, which may not be accurate.
└ @ ITensorMPS ~/.julia/packages/ITensorMPS/fZDBz/src/abstractmps.jl:1246
┌ Warning: norm² is 2.3421426706553237 + 5.708102257423649e-15im, which is not real up to a relative tolerance of 2.220446049250313e-15 and an absolute tolerance of 2.220446049250313e-15. Taking the real part, which may not be accurate.
└ @ ITensorMPS ~/.julia/packages/ITensorMPS/fZDBz/src/abstractmps.jl:1246
┌ Warning: log(norm²) is 0.5405710164592769 - 2.733893344825266e-15im, which is not real up to a relative tolerance of 2.220446049250313e-15 and an absolute tolerance of 2.220446049250313e-15. Taking the real part, which may not be accurate.
└ @ ITensorMPS ~/.julia/packages/ITensorMPS/fZDBz/src/abstractmps.jl:1271
┌ Warning: log(norm²) is 0.9046101056861497 + 2.4178201228293608e-15im, which is not real up to a relative tolerance of 2.220446049250313e-15 and an absolute tolerance of 2.220446049250313e-15. Taking the real part, which may not be accurate.
└ @ ITensorMPS ~/.julia/packages/ITensorMPS/fZDBz/src/abstractmps.jl:1271
┌ Warning: norm² is 2.0685941102238797e13 + 0.052738065459613355im, which is not real up to a relative tolerance of 2.220446049250313e-15 and an absolute tolerance of 2.220446049250313e-15. Taking the real part, which may not be accurate.
└ @ ITensorMPS ~/.julia/packages/ITensorMPS/fZDBz/src/abstractmps.jl:1246
┌ Warning: norm² is 2.974198028271298 - 6.812017187394635e-15im, which is not real up to a relative tolerance of 2.220446049250313e-15 and an absolute tolerance of 2.220446049250313e-15. Taking the real part, which may not be accurate.
└ @ ITensorMPS ~/.julia/packages/ITensorMPS/fZDBz/src/abstractmps.jl:1246
┌ Warning: norm² is 3.8394989509986777e12 + 0.011803773261037449im, which is not real up to a relative tolerance of 2.220446049250313e-15 and an absolute tolerance of 2.220446049250313e-15. Taking the real part, which may not be accurate.
└ @ ITensorMPS ~/.julia/packages/ITensorMPS/fZDBz/src/abstractmps.jl:1246
┌ Warning: norm² is 8.670756794235882e12 - 0.028164066330544087im, which is not real up to a relative tolerance of 2.220446049250313e-15 and an absolute tolerance of 2.220446049250313e-15. Taking the real part, which may not be accurate.
└ @ ITensorMPS ~/.julia/packages/ITensorMPS/fZDBz/src/abstractmps.jl:1246
┌ Warning: norm² is 2.5495792897078257e12 + 0.005754883159237845im, which is not real up to a relative tolerance of 2.220446049250313e-15 and an absolute tolerance of 2.220446049250313e-15. Taking the real part, which may not be accurate.
└ @ ITensorMPS ~/.julia/packages/ITensorMPS/fZDBz/src/abstractmps.jl:1246
┌ Warning: norm² is 1.1143227350793975e12 - 0.0024805659231811102im, which is not real up to a relative tolerance of 2.220446049250313e-15 and an absolute tolerance of 2.220446049250313e-15. Taking the real part, which may not be accurate.
└ @ ITensorMPS ~/.julia/packages/ITensorMPS/fZDBz/src/abstractmps.jl:1246
┌ Warning: norm² is 1.228991848246203e13 + 0.04667569228005217im, which is not real up to a relative tolerance of 2.220446049250313e-15 and an absolute tolerance of 2.220446049250313e-15. Taking the real part, which may not be accurate.
└ @ ITensorMPS ~/.julia/packages/ITensorMPS/fZDBz/src/abstractmps.jl:1246
┌ Warning: norm² is 8.551462750975992e11 - 0.00268955294361634im, which is not real up to a relative tolerance of 2.220446049250313e-15 and an absolute tolerance of 2.220446049250313e-15. Taking the real part, which may not be accurate.
└ @ ITensorMPS ~/.julia/packages/ITensorMPS/fZDBz/src/abstractmps.jl:1246
┌ Warning: norm² is 1.6331122175007537e12 + 0.005191867326174216im, which is not real up to a relative tolerance of 2.220446049250313e-15 and an absolute tolerance of 2.220446049250313e-15. Taking the real part, which may not be accurate.
└ @ ITensorMPS ~/.julia/packages/ITensorMPS/fZDBz/src/abstractmps.jl:1246
┌ Warning: norm² is 1.2064006612366518 - 3.184158439495553e-15im, which is not real up to a relative tolerance of 2.220446049250313e-15 and an absolute tolerance of 2.220446049250313e-15. Taking the real part, which may not be accurate.
└ @ ITensorMPS ~/.julia/packages/ITensorMPS/fZDBz/src/abstractmps.jl:1246
┌ Warning: norm² is 0.92423922817898 + 3.28491439487446e-15im, which is not real up to a relative tolerance of 2.220446049250313e-15 and an absolute tolerance of 2.220446049250313e-15. Taking the real part, which may not be accurate.
└ @ ITensorMPS ~/.julia/packages/ITensorMPS/fZDBz/src/abstractmps.jl:1246
┌ Warning: norm² is 5.830640540646914e12 - 0.014069864179991613im, which is not real up to a relative tolerance of 2.220446049250313e-15 and an absolute tolerance of 2.220446049250313e-15. Taking the real part, which may not be accurate.
└ @ ITensorMPS ~/.julia/packages/ITensorMPS/fZDBz/src/abstractmps.jl:1246
┌ Warning: norm² is 2.103295730062514 - 6.177854339386919e-15im, which is not real up to a relative tolerance of 2.220446049250313e-15 and an absolute tolerance of 2.220446049250313e-15. Taking the real part, which may not be accurate.
└ @ ITensorMPS ~/.julia/packages/ITensorMPS/fZDBz/src/abstractmps.jl:1246
┌ Warning: norm² is 1.2817629914549116e12 + 0.0033024558538570174im, which is not real up to a relative tolerance of 2.220446049250313e-15 and an absolute tolerance of 2.220446049250313e-15. Taking the real part, which may not be accurate.
└ @ ITensorMPS ~/.julia/packages/ITensorMPS/fZDBz/src/abstractmps.jl:1246
┌ Warning: norm² is 1.0450773799992255 - 2.5712107003029306e-15im, which is not real up to a relative tolerance of 2.220446049250313e-15 and an absolute tolerance of 2.220446049250313e-15. Taking the real part, which may not be accurate.
└ @ ITensorMPS ~/.julia/packages/ITensorMPS/fZDBz/src/abstractmps.jl:1246
┌ Warning: norm² is 5.3988992406168243e11 - 0.0013490562907503727im, which is not real up to a relative tolerance of 2.220446049250313e-15 and an absolute tolerance of 2.220446049250313e-15. Taking the real part, which may not be accurate.
└ @ ITensorMPS ~/.julia/packages/ITensorMPS/fZDBz/src/abstractmps.jl:1246
┌ Warning: norm² is 2.6959368473528658 - 7.925581471205808e-15im, which is not real up to a relative tolerance of 2.220446049250313e-15 and an absolute tolerance of 2.220446049250313e-15. Taking the real part, which may not be accurate.
└ @ ITensorMPS ~/.julia/packages/ITensorMPS/fZDBz/src/abstractmps.jl:1246
┌ Warning: log(norm²) is 0.9917457682033193 + 2.4532952915125985e-15im, which is not real up to a relative tolerance of 2.220446049250313e-15 and an absolute tolerance of 2.220446049250313e-15. Taking the real part, which may not be accurate.
└ @ ITensorMPS ~/.julia/packages/ITensorMPS/fZDBz/src/abstractmps.jl:1271
┌ Warning: norm² is 5.308350161165854e11 - 0.0014573424444901078im, which is not real up to a relative tolerance of 2.220446049250313e-15 and an absolute tolerance of 2.220446049250313e-15. Taking the real part, which may not be accurate.
└ @ ITensorMPS ~/.julia/packages/ITensorMPS/fZDBz/src/abstractmps.jl:1246
┌ Warning: log(norm²) is 0.8885300695803268 - 2.399027696937639e-15im, which is not real up to a relative tolerance of 2.220446049250313e-15 and an absolute tolerance of 2.220446049250313e-15. Taking the real part, which may not be accurate.
└ @ ITensorMPS ~/.julia/packages/ITensorMPS/fZDBz/src/abstractmps.jl:1271
┌ Warning: norm² is 5.517258116319106e11 - 0.001257513995930889im, which is not real up to a relative tolerance of 2.220446049250313e-15 and an absolute tolerance of 2.220446049250313e-15. Taking the real part, which may not be accurate.
└ @ ITensorMPS ~/.julia/packages/ITensorMPS/fZDBz/src/abstractmps.jl:1246
┌ Warning: norm² is 2.0780840664833245e12 + 0.004767643972702997im, which is not real up to a relative tolerance of 2.220446049250313e-15 and an absolute tolerance of 2.220446049250313e-15. Taking the real part, which may not be accurate.
└ @ ITensorMPS ~/.julia/packages/ITensorMPS/fZDBz/src/abstractmps.jl:1246
┌ Warning: norm² is 2.0836508367416072e12 - 0.007094319308079095im, which is not real up to a relative tolerance of 2.220446049250313e-15 and an absolute tolerance of 2.220446049250313e-15. Taking the real part, which may not be accurate.
└ @ ITensorMPS ~/.julia/packages/ITensorMPS/fZDBz/src/abstractmps.jl:1246
┌ Warning: norm² is 5.789368186483433e12 + 0.01938114932277349im, which is not real up to a relative tolerance of 2.220446049250313e-15 and an absolute tolerance of 2.220446049250313e-15. Taking the real part, which may not be accurate.
└ @ ITensorMPS ~/.julia/packages/ITensorMPS/fZDBz/src/abstractmps.jl:1246
┌ Warning: log(norm²) is 0.5118145154773195 - 3.1062284828290992e-15im, which is not real up to a relative tolerance of 2.220446049250313e-15 and an absolute tolerance of 2.220446049250313e-15. Taking the real part, which may not be accurate.
└ @ ITensorMPS ~/.julia/packages/ITensorMPS/fZDBz/src/abstractmps.jl:1271
┌ Warning: norm² is 1.9080794694380176e12 - 0.006344361620995im, which is not real up to a relative tolerance of 2.220446049250313e-15 and an absolute tolerance of 2.220446049250313e-15. Taking the real part, which may not be accurate.
└ @ ITensorMPS ~/.julia/packages/ITensorMPS/fZDBz/src/abstractmps.jl:1246
┌ Warning: norm² is 1.8670513561185354e12 - 0.006056193146356429im, which is not real up to a relative tolerance of 2.220446049250313e-15 and an absolute tolerance of 2.220446049250313e-15. Taking the real part, which may not be accurate.
└ @ ITensorMPS ~/.julia/packages/ITensorMPS/fZDBz/src/abstractmps.jl:1246
┌ Warning: norm² is 8.828125420244927e11 + 0.0020250678952127687im, which is not real up to a relative tolerance of 2.220446049250313e-15 and an absolute tolerance of 2.220446049250313e-15. Taking the real part, which may not be accurate.
└ @ ITensorMPS ~/.julia/packages/ITensorMPS/fZDBz/src/abstractmps.jl:1246
┌ Warning: log(norm²) is 0.7261756208422794 - 2.7861742333044386e-15im, which is not real up to a relative tolerance of 2.220446049250313e-15 and an absolute tolerance of 2.220446049250313e-15. Taking the real part, which may not be accurate.
└ @ ITensorMPS ~/.julia/packages/ITensorMPS/fZDBz/src/abstractmps.jl:1271
┌ Warning: norm² is 2.5305759870615767 - 5.649897946402581e-15im, which is not real up to a relative tolerance of 2.220446049250313e-15 and an absolute tolerance of 2.220446049250313e-15. Taking the real part, which may not be accurate.
└ @ ITensorMPS ~/.julia/packages/ITensorMPS/fZDBz/src/abstractmps.jl:1246
┌ Warning: norm² is 2.6587139690064894 - 6.807352920854445e-15im, which is not real up to a relative tolerance of 2.220446049250313e-15 and an absolute tolerance of 2.220446049250313e-15. Taking the real part, which may not be accurate.
└ @ ITensorMPS ~/.julia/packages/ITensorMPS/fZDBz/src/abstractmps.jl:1246
┌ Warning: norm² is 9.783640411025814e11 - 0.0028215636025121873im, which is not real up to a relative tolerance of 2.220446049250313e-15 and an absolute tolerance of 2.220446049250313e-15. Taking the real part, which may not be accurate.
└ @ ITensorMPS ~/.julia/packages/ITensorMPS/fZDBz/src/abstractmps.jl:1246
┌ Warning: norm² is 7.30212377346384e12 - 0.028132762898765568im, which is not real up to a relative tolerance of 2.220446049250313e-15 and an absolute tolerance of 2.220446049250313e-15. Taking the real part, which may not be accurate.
└ @ ITensorMPS ~/.julia/packages/ITensorMPS/fZDBz/src/abstractmps.jl:1246
┌ Warning: norm² is 1.9033969377147805e12 - 0.00475678078742359im, which is not real up to a relative tolerance of 2.220446049250313e-15 and an absolute tolerance of 2.220446049250313e-15. Taking the real part, which may not be accurate.
└ @ ITensorMPS ~/.julia/packages/ITensorMPS/fZDBz/src/abstractmps.jl:1246
┌ Warning: log(norm²) is 0.8945061085109375 - 2.491848027237033e-15im, which is not real up to a relative tolerance of 2.220446049250313e-15 and an absolute tolerance of 2.220446049250313e-15. Taking the real part, which may not be accurate.
└ @ ITensorMPS ~/.julia/packages/ITensorMPS/fZDBz/src/abstractmps.jl:1271
┌ Warning: norm² is 3.396563842273857e11 - 0.0011739571412470555im, which is not real up to a relative tolerance of 2.220446049250313e-15 and an absolute tolerance of 2.220446049250313e-15. Taking the real part, which may not be accurate.
└ @ ITensorMPS ~/.julia/packages/ITensorMPS/fZDBz/src/abstractmps.jl:1246
┌ Warning: log(norm²) is 0.3597239420971577 + 2.9963755007144477e-15im, which is not real up to a relative tolerance of 2.220446049250313e-15 and an absolute tolerance of 2.220446049250313e-15. Taking the real part, which may not be accurate.
└ @ ITensorMPS ~/.julia/packages/ITensorMPS/fZDBz/src/abstractmps.jl:1271
┌ Warning: norm² is 2.7034215150677803e12 + 0.007251187539359254im, which is not real up to a relative tolerance of 2.220446049250313e-15 and an absolute tolerance of 2.220446049250313e-15. Taking the real part, which may not be accurate.
└ @ ITensorMPS ~/.julia/packages/ITensorMPS/fZDBz/src/abstractmps.jl:1246
┌ Warning: norm² is 5.791831294741119e11 - 0.001442143791530712im, which is not real up to a relative tolerance of 2.220446049250313e-15 and an absolute tolerance of 2.220446049250313e-15. Taking the real part, which may not be accurate.
└ @ ITensorMPS ~/.julia/packages/ITensorMPS/fZDBz/src/abstractmps.jl:1246
┌ Warning: norm² is 1.3732901481117803 - 3.2336034003373837e-15im, which is not real up to a relative tolerance of 2.220446049250313e-15 and an absolute tolerance of 2.220446049250313e-15. Taking the real part, which may not be accurate.
└ @ ITensorMPS ~/.julia/packages/ITensorMPS/fZDBz/src/abstractmps.jl:1246
┌ Warning: norm² is 1.75881878642049 + 4.716549508341728e-15im, which is not real up to a relative tolerance of 2.220446049250313e-15 and an absolute tolerance of 2.220446049250313e-15. Taking the real part, which may not be accurate.
└ @ ITensorMPS ~/.julia/packages/ITensorMPS/fZDBz/src/abstractmps.jl:1246
┌ Warning: norm² is 2.0658427115974026e12 - 0.00538905124746538im, which is not real up to a relative tolerance of 2.220446049250313e-15 and an absolute tolerance of 2.220446049250313e-15. Taking the real part, which may not be accurate.
└ @ ITensorMPS ~/.julia/packages/ITensorMPS/fZDBz/src/abstractmps.jl:1246
┌ Warning: log(norm²) is 1.0538471596474592 - 2.6583509856641823e-15im, which is not real up to a relative tolerance of 2.220446049250313e-15 and an absolute tolerance of 2.220446049250313e-15. Taking the real part, which may not be accurate.
└ @ ITensorMPS ~/.julia/packages/ITensorMPS/fZDBz/src/abstractmps.jl:1271
┌ Warning: norm² is 2.617026999703137e12 + 0.007565528046817703im, which is not real up to a relative tolerance of 2.220446049250313e-15 and an absolute tolerance of 2.220446049250313e-15. Taking the real part, which may not be accurate.
└ @ ITensorMPS ~/.julia/packages/ITensorMPS/fZDBz/src/abstractmps.jl:1246
┌ Warning: norm² is 9.862031616535321e11 - 0.0021949468749840537im, which is not real up to a relative tolerance of 2.220446049250313e-15 and an absolute tolerance of 2.220446049250313e-15. Taking the real part, which may not be accurate.
└ @ ITensorMPS ~/.julia/packages/ITensorMPS/fZDBz/src/abstractmps.jl:1246
┌ Warning: log(norm²) is 0.3221725406524812 + 2.4608733750491195e-15im, which is not real up to a relative tolerance of 2.220446049250313e-15 and an absolute tolerance of 2.220446049250313e-15. Taking the real part, which may not be accurate.
└ @ ITensorMPS ~/.julia/packages/ITensorMPS/fZDBz/src/abstractmps.jl:1271
┌ Warning: norm² is 1.1088138514121702e12 - 0.0024752967529782935im, which is not real up to a relative tolerance of 2.220446049250313e-15 and an absolute tolerance of 2.220446049250313e-15. Taking the real part, which may not be accurate.
└ @ ITensorMPS ~/.julia/packages/ITensorMPS/fZDBz/src/abstractmps.jl:1246
┌ Warning: norm² is 8.241853076612515e11 - 0.0018479676625401853im, which is not real up to a relative tolerance of 2.220446049250313e-15 and an absolute tolerance of 2.220446049250313e-15. Taking the real part, which may not be accurate.
└ @ ITensorMPS ~/.julia/packages/ITensorMPS/fZDBz/src/abstractmps.jl:1246
┌ Warning: norm² is 1.043758197824079e12 + 0.003315255546308557im, which is not real up to a relative tolerance of 2.220446049250313e-15 and an absolute tolerance of 2.220446049250313e-15. Taking the real part, which may not be accurate.
└ @ ITensorMPS ~/.julia/packages/ITensorMPS/fZDBz/src/abstractmps.jl:1246
┌ Warning: log(norm²) is 0.36331270699440715 - 2.794500923635178e-15im, which is not real up to a relative tolerance of 2.220446049250313e-15 and an absolute tolerance of 2.220446049250313e-15. Taking the real part, which may not be accurate.
└ @ ITensorMPS ~/.julia/packages/ITensorMPS/fZDBz/src/abstractmps.jl:1271
┌ Warning: norm² is 1.642860738566892e12 - 0.004679176471415988im, which is not real up to a relative tolerance of 2.220446049250313e-15 and an absolute tolerance of 2.220446049250313e-15. Taking the real part, which may not be accurate.
└ @ ITensorMPS ~/.julia/packages/ITensorMPS/fZDBz/src/abstractmps.jl:1246
┌ Warning: norm² is 2.928049229525747e11 + 0.0007162386695438021im, which is not real up to a relative tolerance of 2.220446049250313e-15 and an absolute tolerance of 2.220446049250313e-15. Taking the real part, which may not be accurate.
└ @ ITensorMPS ~/.julia/packages/ITensorMPS/fZDBz/src/abstractmps.jl:1246
┌ Warning: norm² is 7.41658486451444e11 - 0.0027053841728100813im, which is not real up to a relative tolerance of 2.220446049250313e-15 and an absolute tolerance of 2.220446049250313e-15. Taking the real part, which may not be accurate.
└ @ ITensorMPS ~/.julia/packages/ITensorMPS/fZDBz/src/abstractmps.jl:1246
┌ Warning: norm² is 1.8490012735620587 - 4.447482488701358e-15im, which is not real up to a relative tolerance of 2.220446049250313e-15 and an absolute tolerance of 2.220446049250313e-15. Taking the real part, which may not be accurate.
└ @ ITensorMPS ~/.julia/packages/ITensorMPS/fZDBz/src/abstractmps.jl:1246
┌ Warning: norm² is 3.562272547514201e11 + 0.0013476236211762897im, which is not real up to a relative tolerance of 2.220446049250313e-15 and an absolute tolerance of 2.220446049250313e-15. Taking the real part, which may not be accurate.
└ @ ITensorMPS ~/.julia/packages/ITensorMPS/fZDBz/src/abstractmps.jl:1246
┌ Warning: norm² is 1.1561193560136902e12 + 0.003342587016679274im, which is not real up to a relative tolerance of 2.220446049250313e-15 and an absolute tolerance of 2.220446049250313e-15. Taking the real part, which may not be accurate.
└ @ ITensorMPS ~/.julia/packages/ITensorMPS/fZDBz/src/abstractmps.jl:1246
┌ Warning: norm² is 2.225764480175236 - 7.682361588745419e-15im, which is not real up to a relative tolerance of 2.220446049250313e-15 and an absolute tolerance of 2.220446049250313e-15. Taking the real part, which may not be accurate.
└ @ ITensorMPS ~/.julia/packages/ITensorMPS/fZDBz/src/abstractmps.jl:1246
┌ Warning: log(norm²) is 0.844835290185108 - 2.457283374211107e-15im, which is not real up to a relative tolerance of 2.220446049250313e-15 and an absolute tolerance of 2.220446049250313e-15. Taking the real part, which may not be accurate.
└ @ ITensorMPS ~/.julia/packages/ITensorMPS/fZDBz/src/abstractmps.jl:1271
┌ Warning: norm² is 2.1013094701493948e12 - 0.007826435831914749im, which is not real up to a relative tolerance of 2.220446049250313e-15 and an absolute tolerance of 2.220446049250313e-15. Taking the real part, which may not be accurate.
└ @ ITensorMPS ~/.julia/packages/ITensorMPS/fZDBz/src/abstractmps.jl:1246
┌ Warning: log(norm²) is 0.8969383258204112 - 2.6246446374419063e-15im, which is not real up to a relative tolerance of 2.220446049250313e-15 and an absolute tolerance of 2.220446049250313e-15. Taking the real part, which may not be accurate.
└ @ ITensorMPS ~/.julia/packages/ITensorMPS/fZDBz/src/abstractmps.jl:1271
┌ Warning: norm² is 4.548521609971914e12 - 0.015388004879526924im, which is not real up to a relative tolerance of 2.220446049250313e-15 and an absolute tolerance of 2.220446049250313e-15. Taking the real part, which may not be accurate.
└ @ ITensorMPS ~/.julia/packages/ITensorMPS/fZDBz/src/abstractmps.jl:1246
┌ Warning: log(norm²) is 1.066252381624589 + 2.424879536634456e-15im, which is not real up to a relative tolerance of 2.220446049250313e-15 and an absolute tolerance of 2.220446049250313e-15. Taking the real part, which may not be accurate.
└ @ ITensorMPS ~/.julia/packages/ITensorMPS/fZDBz/src/abstractmps.jl:1271
┌ Warning: log(norm²) is 0.8155451476410588 - 2.377573840227524e-15im, which is not real up to a relative tolerance of 2.220446049250313e-15 and an absolute tolerance of 2.220446049250313e-15. Taking the real part, which may not be accurate.
└ @ ITensorMPS ~/.julia/packages/ITensorMPS/fZDBz/src/abstractmps.jl:1271
┌ Warning: norm² is 2.3284670971987338e11 - 0.0006843901393782207im, which is not real up to a relative tolerance of 2.220446049250313e-15 and an absolute tolerance of 2.220446049250313e-15. Taking the real part, which may not be accurate.
└ @ ITensorMPS ~/.julia/packages/ITensorMPS/fZDBz/src/abstractmps.jl:1246
┌ Warning: log(norm²) is 0.38856258459780096 - 2.680531552967209e-15im, which is not real up to a relative tolerance of 2.220446049250313e-15 and an absolute tolerance of 2.220446049250313e-15. Taking the real part, which may not be accurate.
└ @ ITensorMPS ~/.julia/packages/ITensorMPS/fZDBz/src/abstractmps.jl:1271
┌ Warning: norm² is 2.8072049393804756e12 - 0.00809544636872647im, which is not real up to a relative tolerance of 2.220446049250313e-15 and an absolute tolerance of 2.220446049250313e-15. Taking the real part, which may not be accurate.
└ @ ITensorMPS ~/.julia/packages/ITensorMPS/fZDBz/src/abstractmps.jl:1246
┌ Warning: norm² is 1.8533460199493457 - 4.625548813295924e-15im, which is not real up to a relative tolerance of 2.220446049250313e-15 and an absolute tolerance of 2.220446049250313e-15. Taking the real part, which may not be accurate.
└ @ ITensorMPS ~/.julia/packages/ITensorMPS/fZDBz/src/abstractmps.jl:1246
┌ Warning: log(norm²) is 0.9360271372202627 - 3.3329322181719106e-15im, which is not real up to a relative tolerance of 2.220446049250313e-15 and an absolute tolerance of 2.220446049250313e-15. Taking the real part, which may not be accurate.
└ @ ITensorMPS ~/.julia/packages/ITensorMPS/fZDBz/src/abstractmps.jl:1271
┌ Warning: norm² is 6.737572756289268e11 + 0.0015365512360493022im, which is not real up to a relative tolerance of 2.220446049250313e-15 and an absolute tolerance of 2.220446049250313e-15. Taking the real part, which may not be accurate.
└ @ ITensorMPS ~/.julia/packages/ITensorMPS/fZDBz/src/abstractmps.jl:1246
┌ Warning: norm² is 2.6950413944394705e11 - 0.0010453394464019355im, which is not real up to a relative tolerance of 2.220446049250313e-15 and an absolute tolerance of 2.220446049250313e-15. Taking the real part, which may not be accurate.
└ @ ITensorMPS ~/.julia/packages/ITensorMPS/fZDBz/src/abstractmps.jl:1246
┌ Warning: norm² is 8.745031569642277e11 + 0.002304696980708257im, which is not real up to a relative tolerance of 2.220446049250313e-15 and an absolute tolerance of 2.220446049250313e-15. Taking the real part, which may not be accurate.
└ @ ITensorMPS ~/.julia/packages/ITensorMPS/fZDBz/src/abstractmps.jl:1246
┌ Warning: log(norm²) is 1.056433259909242 - 2.383911788121464e-15im, which is not real up to a relative tolerance of 2.220446049250313e-15 and an absolute tolerance of 2.220446049250313e-15. Taking the real part, which may not be accurate.
└ @ ITensorMPS ~/.julia/packages/ITensorMPS/fZDBz/src/abstractmps.jl:1271
┌ Warning: norm² is 1.5280315182676343e12 - 0.004196714700758122im, which is not real up to a relative tolerance of 2.220446049250313e-15 and an absolute tolerance of 2.220446049250313e-15. Taking the real part, which may not be accurate.
└ @ ITensorMPS ~/.julia/packages/ITensorMPS/fZDBz/src/abstractmps.jl:1246
┌ Warning: norm² is 4.163971288626048e11 + 0.0010936062212252157im, which is not real up to a relative tolerance of 2.220446049250313e-15 and an absolute tolerance of 2.220446049250313e-15. Taking the real part, which may not be accurate.
└ @ ITensorMPS ~/.julia/packages/ITensorMPS/fZDBz/src/abstractmps.jl:1246
┌ Warning: norm² is 2.4600035537316427 + 1.0213858425261877e-14im, which is not real up to a relative tolerance of 2.220446049250313e-15 and an absolute tolerance of 2.220446049250313e-15. Taking the real part, which may not be accurate.
└ @ ITensorMPS ~/.julia/packages/ITensorMPS/fZDBz/src/abstractmps.jl:1246
┌ Warning: norm² is 5.405477040246412e11 + 0.0016774594426048105im, which is not real up to a relative tolerance of 2.220446049250313e-15 and an absolute tolerance of 2.220446049250313e-15. Taking the real part, which may not be accurate.
└ @ ITensorMPS ~/.julia/packages/ITensorMPS/fZDBz/src/abstractmps.jl:1246
┌ Warning: norm² is 4.474064026350396e11 + 0.001118566928743874im, which is not real up to a relative tolerance of 2.220446049250313e-15 and an absolute tolerance of 2.220446049250313e-15. Taking the real part, which may not be accurate.
└ @ ITensorMPS ~/.julia/packages/ITensorMPS/fZDBz/src/abstractmps.jl:1246
┌ Warning: norm² is 4.931941740641984e11 - 0.001266859171876823im, which is not real up to a relative tolerance of 2.220446049250313e-15 and an absolute tolerance of 2.220446049250313e-15. Taking the real part, which may not be accurate.
└ @ ITensorMPS ~/.julia/packages/ITensorMPS/fZDBz/src/abstractmps.jl:1246
┌ Warning: norm² is 3.867459425968886e11 - 0.000965080106162369im, which is not real up to a relative tolerance of 2.220446049250313e-15 and an absolute tolerance of 2.220446049250313e-15. Taking the real part, which may not be accurate.
└ @ ITensorMPS ~/.julia/packages/ITensorMPS/fZDBz/src/abstractmps.jl:1246
┌ Warning: norm² is 2.5262554825529833 - 6.375272922830653e-15im, which is not real up to a relative tolerance of 2.220446049250313e-15 and an absolute tolerance of 2.220446049250313e-15. Taking the real part, which may not be accurate.
└ @ ITensorMPS ~/.julia/packages/ITensorMPS/fZDBz/src/abstractmps.jl:1246
┌ Warning: norm² is 2.4571644901788736e11 - 0.0006841395789178771im, which is not real up to a relative tolerance of 2.220446049250313e-15 and an absolute tolerance of 2.220446049250313e-15. Taking the real part, which may not be accurate.
└ @ ITensorMPS ~/.julia/packages/ITensorMPS/fZDBz/src/abstractmps.jl:1246
┌ Warning: log(norm²) is 0.7911348377881587 + 2.5105411760558747e-15im, which is not real up to a relative tolerance of 2.220446049250313e-15 and an absolute tolerance of 2.220446049250313e-15. Taking the real part, which may not be accurate.
└ @ ITensorMPS ~/.julia/packages/ITensorMPS/fZDBz/src/abstractmps.jl:1271
┌ Warning: norm² is 1.5048185730626498e11 - 0.0005897325993031932im, which is not real up to a relative tolerance of 2.220446049250313e-15 and an absolute tolerance of 2.220446049250313e-15. Taking the real part, which may not be accurate.
└ @ ITensorMPS ~/.julia/packages/ITensorMPS/fZDBz/src/abstractmps.jl:1246
┌ Warning: log(norm²) is 0.8457943602320992 + 3.4222668119773328e-15im, which is not real up to a relative tolerance of 2.220446049250313e-15 and an absolute tolerance of 2.220446049250313e-15. Taking the real part, which may not be accurate.
└ @ ITensorMPS ~/.julia/packages/ITensorMPS/fZDBz/src/abstractmps.jl:1271
┌ Warning: norm² is 1.4945144083132333e11 - 0.0003456972026078419im, which is not real up to a relative tolerance of 2.220446049250313e-15 and an absolute tolerance of 2.220446049250313e-15. Taking the real part, which may not be accurate.
└ @ ITensorMPS ~/.julia/packages/ITensorMPS/fZDBz/src/abstractmps.jl:1246
┌ Warning: log(norm²) is 0.9404354895489984 + 2.473598967742748e-15im, which is not real up to a relative tolerance of 2.220446049250313e-15 and an absolute tolerance of 2.220446049250313e-15. Taking the real part, which may not be accurate.
└ @ ITensorMPS ~/.julia/packages/ITensorMPS/fZDBz/src/abstractmps.jl:1271
┌ Warning: log(norm²) is 0.8919374354595593 + 2.2842182919741187e-15im, which is not real up to a relative tolerance of 2.220446049250313e-15 and an absolute tolerance of 2.220446049250313e-15. Taking the real part, which may not be accurate.
└ @ ITensorMPS ~/.julia/packages/ITensorMPS/fZDBz/src/abstractmps.jl:1271
┌ Warning: norm² is 2.364211551237181 - 5.308811267610167e-15im, which is not real up to a relative tolerance of 2.220446049250313e-15 and an absolute tolerance of 2.220446049250313e-15. Taking the real part, which may not be accurate.
└ @ ITensorMPS ~/.julia/packages/ITensorMPS/fZDBz/src/abstractmps.jl:1246
┌ Warning: norm² is 3.6969940874204083e11 - 0.0012578651469224607im, which is not real up to a relative tolerance of 2.220446049250313e-15 and an absolute tolerance of 2.220446049250313e-15. Taking the real part, which may not be accurate.
└ @ ITensorMPS ~/.julia/packages/ITensorMPS/fZDBz/src/abstractmps.jl:1246
┌ Warning: norm² is 3.4859616415275134e11 - 0.0008223622251022815im, which is not real up to a relative tolerance of 2.220446049250313e-15 and an absolute tolerance of 2.220446049250313e-15. Taking the real part, which may not be accurate.
└ @ ITensorMPS ~/.julia/packages/ITensorMPS/fZDBz/src/abstractmps.jl:1246
┌ Warning: norm² is 2.5209251643680377e11 + 0.0005739330588939287im, which is not real up to a relative tolerance of 2.220446049250313e-15 and an absolute tolerance of 2.220446049250313e-15. Taking the real part, which may not be accurate.
└ @ ITensorMPS ~/.julia/packages/ITensorMPS/fZDBz/src/abstractmps.jl:1246
┌ Warning: norm² is 2.3926165570754234 - 7.26495811829439e-15im, which is not real up to a relative tolerance of 2.220446049250313e-15 and an absolute tolerance of 2.220446049250313e-15. Taking the real part, which may not be accurate.
└ @ ITensorMPS ~/.julia/packages/ITensorMPS/fZDBz/src/abstractmps.jl:1246
┌ Warning: norm² is 2.5627373830888016e11 + 0.0006081506696652067im, which is not real up to a relative tolerance of 2.220446049250313e-15 and an absolute tolerance of 2.220446049250313e-15. Taking the real part, which may not be accurate.
└ @ ITensorMPS ~/.julia/packages/ITensorMPS/fZDBz/src/abstractmps.jl:1246
┌ Warning: norm² is 3.743076777164882e11 + 0.000950385669021836im, which is not real up to a relative tolerance of 2.220446049250313e-15 and an absolute tolerance of 2.220446049250313e-15. Taking the real part, which may not be accurate.
└ @ ITensorMPS ~/.julia/packages/ITensorMPS/fZDBz/src/abstractmps.jl:1246
┌ Warning: norm² is 4.4649386716950085e11 - 0.001499957511444494im, which is not real up to a relative tolerance of 2.220446049250313e-15 and an absolute tolerance of 2.220446049250313e-15. Taking the real part, which may not be accurate.
└ @ ITensorMPS ~/.julia/packages/ITensorMPS/fZDBz/src/abstractmps.jl:1246
┌ Warning: log(norm²) is 0.7965649169787472 + 2.6717145469595866e-15im, which is not real up to a relative tolerance of 2.220446049250313e-15 and an absolute tolerance of 2.220446049250313e-15. Taking the real part, which may not be accurate.
└ @ ITensorMPS ~/.julia/packages/ITensorMPS/fZDBz/src/abstractmps.jl:1271
┌ Warning: norm² is 3.46732318265764e11 + 0.0008069388140606562im, which is not real up to a relative tolerance of 2.220446049250313e-15 and an absolute tolerance of 2.220446049250313e-15. Taking the real part, which may not be accurate.
└ @ ITensorMPS ~/.julia/packages/ITensorMPS/fZDBz/src/abstractmps.jl:1246
┌ Warning: norm² is 4.041850763813115e11 - 0.0009796100936809863im, which is not real up to a relative tolerance of 2.220446049250313e-15 and an absolute tolerance of 2.220446049250313e-15. Taking the real part, which may not be accurate.
└ @ ITensorMPS ~/.julia/packages/ITensorMPS/fZDBz/src/abstractmps.jl:1246
┌ Warning: log(norm²) is 0.9168821055495124 - 2.9358312944460295e-15im, which is not real up to a relative tolerance of 2.220446049250313e-15 and an absolute tolerance of 2.220446049250313e-15. Taking the real part, which may not be accurate.
└ @ ITensorMPS ~/.julia/packages/ITensorMPS/fZDBz/src/abstractmps.jl:1271
┌ Warning: norm² is 2.2451697128252075 - 5.772718016498843e-15im, which is not real up to a relative tolerance of 2.220446049250313e-15 and an absolute tolerance of 2.220446049250313e-15. Taking the real part, which may not be accurate.
└ @ ITensorMPS ~/.julia/packages/ITensorMPS/fZDBz/src/abstractmps.jl:1246
┌ Warning: log(norm²) is 0.8433268745822381 + 2.690461233554397e-15im, which is not real up to a relative tolerance of 2.220446049250313e-15 and an absolute tolerance of 2.220446049250313e-15. Taking the real part, which may not be accurate.
└ @ ITensorMPS ~/.julia/packages/ITensorMPS/fZDBz/src/abstractmps.jl:1271
┌ Warning: norm² is 1.8855579255520404e11 + 0.0006230500334346349im, which is not real up to a relative tolerance of 2.220446049250313e-15 and an absolute tolerance of 2.220446049250313e-15. Taking the real part, which may not be accurate.
└ @ ITensorMPS ~/.julia/packages/ITensorMPS/fZDBz/src/abstractmps.jl:1246
┌ Warning: norm² is 3.4819335890733923e11 - 0.0009559029460525621im, which is not real up to a relative tolerance of 2.220446049250313e-15 and an absolute tolerance of 2.220446049250313e-15. Taking the real part, which may not be accurate.
└ @ ITensorMPS ~/.julia/packages/ITensorMPS/fZDBz/src/abstractmps.jl:1246
┌ Warning: norm² is 1.5945177828887558e11 - 0.00040606493608973023im, which is not real up to a relative tolerance of 2.220446049250313e-15 and an absolute tolerance of 2.220446049250313e-15. Taking the real part, which may not be accurate.
└ @ ITensorMPS ~/.julia/packages/ITensorMPS/fZDBz/src/abstractmps.jl:1246
┌ Warning: log(norm²) is 0.9131615894530509 + 2.228610141804601e-15im, which is not real up to a relative tolerance of 2.220446049250313e-15 and an absolute tolerance of 2.220446049250313e-15. Taking the real part, which may not be accurate.
└ @ ITensorMPS ~/.julia/packages/ITensorMPS/fZDBz/src/abstractmps.jl:1271
┌ Warning: log(norm²) is 0.979165157216251 - 2.8864297923104914e-15im, which is not real up to a relative tolerance of 2.220446049250313e-15 and an absolute tolerance of 2.220446049250313e-15. Taking the real part, which may not be accurate.
└ @ ITensorMPS ~/.julia/packages/ITensorMPS/fZDBz/src/abstractmps.jl:1271
┌ Warning: norm² is 1.2300327430504933e11 - 0.0002853488367431379im, which is not real up to a relative tolerance of 2.220446049250313e-15 and an absolute tolerance of 2.220446049250313e-15. Taking the real part, which may not be accurate.
└ @ ITensorMPS ~/.julia/packages/ITensorMPS/fZDBz/src/abstractmps.jl:1246
┌ Warning: norm² is 3.2104324823597534e11 - 0.0008347531309404871im, which is not real up to a relative tolerance of 2.220446049250313e-15 and an absolute tolerance of 2.220446049250313e-15. Taking the real part, which may not be accurate.
└ @ ITensorMPS ~/.julia/packages/ITensorMPS/fZDBz/src/abstractmps.jl:1246
┌ Warning: norm² is 2.4300240399772814 - 6.449178140693074e-15im, which is not real up to a relative tolerance of 2.220446049250313e-15 and an absolute tolerance of 2.220446049250313e-15. Taking the real part, which may not be accurate.
└ @ ITensorMPS ~/.julia/packages/ITensorMPS/fZDBz/src/abstractmps.jl:1246
┌ Warning: norm² is 1.642052523592458e11 + 0.0004493987351108751im, which is not real up to a relative tolerance of 2.220446049250313e-15 and an absolute tolerance of 2.220446049250313e-15. Taking the real part, which may not be accurate.
└ @ ITensorMPS ~/.julia/packages/ITensorMPS/fZDBz/src/abstractmps.jl:1246
┌ Warning: log(norm²) is 0.852994903183764 + 3.545800339926297e-15im, which is not real up to a relative tolerance of 2.220446049250313e-15 and an absolute tolerance of 2.220446049250313e-15. Taking the real part, which may not be accurate.
└ @ ITensorMPS ~/.julia/packages/ITensorMPS/fZDBz/src/abstractmps.jl:1271
┌ Warning: norm² is 3.4068080592942224e11 + 0.0008325485400716736im, which is not real up to a relative tolerance of 2.220446049250313e-15 and an absolute tolerance of 2.220446049250313e-15. Taking the real part, which may not be accurate.
└ @ ITensorMPS ~/.julia/packages/ITensorMPS/fZDBz/src/abstractmps.jl:1246
┌ Warning: norm² is 1.6964409789163312e11 - 0.0003914701255071476im, which is not real up to a relative tolerance of 2.220446049250313e-15 and an absolute tolerance of 2.220446049250313e-15. Taking the real part, which may not be accurate.
└ @ ITensorMPS ~/.julia/packages/ITensorMPS/fZDBz/src/abstractmps.jl:1246
┌ Warning: norm² is 1.6509813044573267e11 + 0.0005331771941217717im, which is not real up to a relative tolerance of 2.220446049250313e-15 and an absolute tolerance of 2.220446049250313e-15. Taking the real part, which may not be accurate.
└ @ ITensorMPS ~/.julia/packages/ITensorMPS/fZDBz/src/abstractmps.jl:1246
┌ Warning: norm² is 1.8855342617230658e11 + 0.00046185943697204954im, which is not real up to a relative tolerance of 2.220446049250313e-15 and an absolute tolerance of 2.220446049250313e-15. Taking the real part, which may not be accurate.
└ @ ITensorMPS ~/.julia/packages/ITensorMPS/fZDBz/src/abstractmps.jl:1246
┌ Warning: norm² is 2.4188323134215843 + 6.149347303724375e-15im, which is not real up to a relative tolerance of 2.220446049250313e-15 and an absolute tolerance of 2.220446049250313e-15. Taking the real part, which may not be accurate.
└ @ ITensorMPS ~/.julia/packages/ITensorMPS/fZDBz/src/abstractmps.jl:1246
┌ Warning: norm² is 2.0276490997547748e11 - 0.000546423525628954im, which is not real up to a relative tolerance of 2.220446049250313e-15 and an absolute tolerance of 2.220446049250313e-15. Taking the real part, which may not be accurate.
└ @ ITensorMPS ~/.julia/packages/ITensorMPS/fZDBz/src/abstractmps.jl:1246
┌ Warning: norm² is 5.554279403923046e11 + 0.0023026408105702094im, which is not real up to a relative tolerance of 2.220446049250313e-15 and an absolute tolerance of 2.220446049250313e-15. Taking the real part, which may not be accurate.
└ @ ITensorMPS ~/.julia/packages/ITensorMPS/fZDBz/src/abstractmps.jl:1246
┌ Warning: norm² is 1.0457238339372148e12 - 0.00255082399311514im, which is not real up to a relative tolerance of 2.220446049250313e-15 and an absolute tolerance of 2.220446049250313e-15. Taking the real part, which may not be accurate.
└ @ ITensorMPS ~/.julia/packages/ITensorMPS/fZDBz/src/abstractmps.jl:1246
┌ Warning: norm² is 1.4820802190029724e11 - 0.0003574269119080169im, which is not real up to a relative tolerance of 2.220446049250313e-15 and an absolute tolerance of 2.220446049250313e-15. Taking the real part, which may not be accurate.
└ @ ITensorMPS ~/.julia/packages/ITensorMPS/fZDBz/src/abstractmps.jl:1246
┌ Warning: norm² is 2.589922532824918e11 + 0.0006640149005144649im, which is not real up to a relative tolerance of 2.220446049250313e-15 and an absolute tolerance of 2.220446049250313e-15. Taking the real part, which may not be accurate.
└ @ ITensorMPS ~/.julia/packages/ITensorMPS/fZDBz/src/abstractmps.jl:1246
┌ Warning: norm² is 1.4703124266974536e11 + 0.0005801231949628525im, which is not real up to a relative tolerance of 2.220446049250313e-15 and an absolute tolerance of 2.220446049250313e-15. Taking the real part, which may not be accurate.
└ @ ITensorMPS ~/.julia/packages/ITensorMPS/fZDBz/src/abstractmps.jl:1246
┌ Warning: norm² is 1.487082183684007e11 - 0.0004109296562714987im, which is not real up to a relative tolerance of 2.220446049250313e-15 and an absolute tolerance of 2.220446049250313e-15. Taking the real part, which may not be accurate.
└ @ ITensorMPS ~/.julia/packages/ITensorMPS/fZDBz/src/abstractmps.jl:1246
┌ Warning: norm² is 2.3563778142541283 + 6.407466043414269e-15im, which is not real up to a relative tolerance of 2.220446049250313e-15 and an absolute tolerance of 2.220446049250313e-15. Taking the real part, which may not be accurate.
└ @ ITensorMPS ~/.julia/packages/ITensorMPS/fZDBz/src/abstractmps.jl:1246
┌ Warning: norm² is 1.5770357412945944e11 - 0.00042277944278783133im, which is not real up to a relative tolerance of 2.220446049250313e-15 and an absolute tolerance of 2.220446049250313e-15. Taking the real part, which may not be accurate.
└ @ ITensorMPS ~/.julia/packages/ITensorMPS/fZDBz/src/abstractmps.jl:1246
┌ Warning: norm² is 1.003307571104702e11 - 0.00024006069401198203im, which is not real up to a relative tolerance of 2.220446049250313e-15 and an absolute tolerance of 2.220446049250313e-15. Taking the real part, which may not be accurate.
└ @ ITensorMPS ~/.julia/packages/ITensorMPS/fZDBz/src/abstractmps.jl:1246
┌ Warning: norm² is 2.1906057857382986e11 - 0.0005822981369055704im, which is not real up to a relative tolerance of 2.220446049250313e-15 and an absolute tolerance of 2.220446049250313e-15. Taking the real part, which may not be accurate.
└ @ ITensorMPS ~/.julia/packages/ITensorMPS/fZDBz/src/abstractmps.jl:1246
┌ Warning: log(norm²) is 0.8646202809647695 + 2.279433917632685e-15im, which is not real up to a relative tolerance of 2.220446049250313e-15 and an absolute tolerance of 2.220446049250313e-15. Taking the real part, which may not be accurate.
└ @ ITensorMPS ~/.julia/packages/ITensorMPS/fZDBz/src/abstractmps.jl:1271
┌ Warning: norm² is 1.3002431149879471e11 + 0.00036008450779445914im, which is not real up to a relative tolerance of 2.220446049250313e-15 and an absolute tolerance of 2.220446049250313e-15. Taking the real part, which may not be accurate.
└ @ ITensorMPS ~/.julia/packages/ITensorMPS/fZDBz/src/abstractmps.jl:1246
┌ Warning: norm² is 4.960937839923404e11 - 0.0015147474721839234im, which is not real up to a relative tolerance of 2.220446049250313e-15 and an absolute tolerance of 2.220446049250313e-15. Taking the real part, which may not be accurate.
└ @ ITensorMPS ~/.julia/packages/ITensorMPS/fZDBz/src/abstractmps.jl:1246
┌ Warning: norm² is 2.2969748918981843 + 5.51966153932339e-15im, which is not real up to a relative tolerance of 2.220446049250313e-15 and an absolute tolerance of 2.220446049250313e-15. Taking the real part, which may not be accurate.
└ @ ITensorMPS ~/.julia/packages/ITensorMPS/fZDBz/src/abstractmps.jl:1246
┌ Warning: log(norm²) is 0.7816050585252247 - 2.4874620345596094e-15im, which is not real up to a relative tolerance of 2.220446049250313e-15 and an absolute tolerance of 2.220446049250313e-15. Taking the real part, which may not be accurate.
└ @ ITensorMPS ~/.julia/packages/ITensorMPS/fZDBz/src/abstractmps.jl:1271
┌ Warning: log(norm²) is 0.7663118773633144 + 2.9701943776633347e-15im, which is not real up to a relative tolerance of 2.220446049250313e-15 and an absolute tolerance of 2.220446049250313e-15. Taking the real part, which may not be accurate.
└ @ ITensorMPS ~/.julia/packages/ITensorMPS/fZDBz/src/abstractmps.jl:1271
┌ Warning: norm² is 1.79757231554434e11 - 0.00042825955600619937im, which is not real up to a relative tolerance of 2.220446049250313e-15 and an absolute tolerance of 2.220446049250313e-15. Taking the real part, which may not be accurate.
└ @ ITensorMPS ~/.julia/packages/ITensorMPS/fZDBz/src/abstractmps.jl:1246
┌ Warning: norm² is 2.4030462443272116 - 6.0425453091880945e-15im, which is not real up to a relative tolerance of 2.220446049250313e-15 and an absolute tolerance of 2.220446049250313e-15. Taking the real part, which may not be accurate.
└ @ ITensorMPS ~/.julia/packages/ITensorMPS/fZDBz/src/abstractmps.jl:1246
┌ Warning: norm² is 2.0191936269698322e11 - 0.000548136159102514im, which is not real up to a relative tolerance of 2.220446049250313e-15 and an absolute tolerance of 2.220446049250313e-15. Taking the real part, which may not be accurate.
└ @ ITensorMPS ~/.julia/packages/ITensorMPS/fZDBz/src/abstractmps.jl:1246
┌ Warning: norm² is 1.573697970190169e11 - 0.0004808590043731862im, which is not real up to a relative tolerance of 2.220446049250313e-15 and an absolute tolerance of 2.220446049250313e-15. Taking the real part, which may not be accurate.
└ @ ITensorMPS ~/.julia/packages/ITensorMPS/fZDBz/src/abstractmps.jl:1246
┌ Warning: log(norm²) is 0.9102046320506958 + 2.3566334059515417e-15im, which is not real up to a relative tolerance of 2.220446049250313e-15 and an absolute tolerance of 2.220446049250313e-15. Taking the real part, which may not be accurate.
└ @ ITensorMPS ~/.julia/packages/ITensorMPS/fZDBz/src/abstractmps.jl:1271
┌ Warning: norm² is 1.0857851235442917e11 - 0.0002461185896037914im, which is not real up to a relative tolerance of 2.220446049250313e-15 and an absolute tolerance of 2.220446049250313e-15. Taking the real part, which may not be accurate.
└ @ ITensorMPS ~/.julia/packages/ITensorMPS/fZDBz/src/abstractmps.jl:1246
┌ Warning: norm² is 1.3777347897075156e11 - 0.00033481549975631513im, which is not real up to a relative tolerance of 2.220446049250313e-15 and an absolute tolerance of 2.220446049250313e-15. Taking the real part, which may not be accurate.
└ @ ITensorMPS ~/.julia/packages/ITensorMPS/fZDBz/src/abstractmps.jl:1246
┌ Warning: norm² is 1.603712597585024e11 + 0.000440438641392871im, which is not real up to a relative tolerance of 2.220446049250313e-15 and an absolute tolerance of 2.220446049250313e-15. Taking the real part, which may not be accurate.
└ @ ITensorMPS ~/.julia/packages/ITensorMPS/fZDBz/src/abstractmps.jl:1246
┌ Warning: norm² is 2.1697605715087875e11 + 0.0004990794097855591im, which is not real up to a relative tolerance of 2.220446049250313e-15 and an absolute tolerance of 2.220446049250313e-15. Taking the real part, which may not be accurate.
└ @ ITensorMPS ~/.julia/packages/ITensorMPS/fZDBz/src/abstractmps.jl:1246
┌ Warning: norm² is 3.279652001854946e11 - 0.0009104196822146471im, which is not real up to a relative tolerance of 2.220446049250313e-15 and an absolute tolerance of 2.220446049250313e-15. Taking the real part, which may not be accurate.
└ @ ITensorMPS ~/.julia/packages/ITensorMPS/fZDBz/src/abstractmps.jl:1246
┌ Warning: norm² is 2.0713394326371484e11 - 0.0006539961947846046im, which is not real up to a relative tolerance of 2.220446049250313e-15 and an absolute tolerance of 2.220446049250313e-15. Taking the real part, which may not be accurate.
└ @ ITensorMPS ~/.julia/packages/ITensorMPS/fZDBz/src/abstractmps.jl:1246
┌ Warning: norm² is 1.8339607850723227e11 - 0.0004398405753363817im, which is not real up to a relative tolerance of 2.220446049250313e-15 and an absolute tolerance of 2.220446049250313e-15. Taking the real part, which may not be accurate.
└ @ ITensorMPS ~/.julia/packages/ITensorMPS/fZDBz/src/abstractmps.jl:1246
┌ Warning: norm² is 1.5420612267703345e11 + 0.0004352932087033754im, which is not real up to a relative tolerance of 2.220446049250313e-15 and an absolute tolerance of 2.220446049250313e-15. Taking the real part, which may not be accurate.
└ @ ITensorMPS ~/.julia/packages/ITensorMPS/fZDBz/src/abstractmps.jl:1246
┌ Warning: norm² is 9.749846261783783e10 - 0.00022529385162467944im, which is not real up to a relative tolerance of 2.220446049250313e-15 and an absolute tolerance of 2.220446049250313e-15. Taking the real part, which may not be accurate.
└ @ ITensorMPS ~/.julia/packages/ITensorMPS/fZDBz/src/abstractmps.jl:1246
┌ Warning: log(norm²) is 0.7388988873503594 + 3.261698523433358e-15im, which is not real up to a relative tolerance of 2.220446049250313e-15 and an absolute tolerance of 2.220446049250313e-15. Taking the real part, which may not be accurate.
└ @ ITensorMPS ~/.julia/packages/ITensorMPS/fZDBz/src/abstractmps.jl:1271
┌ Warning: norm² is 1.6134327031909656e11 + 0.00044896599358164546im, which is not real up to a relative tolerance of 2.220446049250313e-15 and an absolute tolerance of 2.220446049250313e-15. Taking the real part, which may not be accurate.
└ @ ITensorMPS ~/.julia/packages/ITensorMPS/fZDBz/src/abstractmps.jl:1246
┌ Warning: norm² is 2.4204191850703407 - 5.445892782616307e-15im, which is not real up to a relative tolerance of 2.220446049250313e-15 and an absolute tolerance of 2.220446049250313e-15. Taking the real part, which may not be accurate.
└ @ ITensorMPS ~/.julia/packages/ITensorMPS/fZDBz/src/abstractmps.jl:1246
┌ Warning: norm² is 2.7103866621309457e11 - 0.0006803048818443294im, which is not real up to a relative tolerance of 2.220446049250313e-15 and an absolute tolerance of 2.220446049250313e-15. Taking the real part, which may not be accurate.
└ @ ITensorMPS ~/.julia/packages/ITensorMPS/fZDBz/src/abstractmps.jl:1246
┌ Warning: norm² is 1.0367929660361992e11 - 0.00025548323927868593im, which is not real up to a relative tolerance of 2.220446049250313e-15 and an absolute tolerance of 2.220446049250313e-15. Taking the real part, which may not be accurate.
└ @ ITensorMPS ~/.julia/packages/ITensorMPS/fZDBz/src/abstractmps.jl:1246
┌ Warning: norm² is 2.373201522732157 - 5.705992002919269e-15im, which is not real up to a relative tolerance of 2.220446049250313e-15 and an absolute tolerance of 2.220446049250313e-15. Taking the real part, which may not be accurate.
└ @ ITensorMPS ~/.julia/packages/ITensorMPS/fZDBz/src/abstractmps.jl:1246
┌ Warning: norm² is 9.796277721101428e10 + 0.00032287599474283734im, which is not real up to a relative tolerance of 2.220446049250313e-15 and an absolute tolerance of 2.220446049250313e-15. Taking the real part, which may not be accurate.
└ @ ITensorMPS ~/.julia/packages/ITensorMPS/fZDBz/src/abstractmps.jl:1246
┌ Warning: norm² is 2.2629431620673057 + 7.603384753421118e-15im, which is not real up to a relative tolerance of 2.220446049250313e-15 and an absolute tolerance of 2.220446049250313e-15. Taking the real part, which may not be accurate.
└ @ ITensorMPS ~/.julia/packages/ITensorMPS/fZDBz/src/abstractmps.jl:1246
┌ Warning: log(norm²) is 0.8783864866168217 + 3.0745248149597614e-15im, which is not real up to a relative tolerance of 2.220446049250313e-15 and an absolute tolerance of 2.220446049250313e-15. Taking the real part, which may not be accurate.
└ @ ITensorMPS ~/.julia/packages/ITensorMPS/fZDBz/src/abstractmps.jl:1271
┌ Warning: norm² is 9.30480840757931e10 - 0.0002441101031150212im, which is not real up to a relative tolerance of 2.220446049250313e-15 and an absolute tolerance of 2.220446049250313e-15. Taking the real part, which may not be accurate.
└ @ ITensorMPS ~/.julia/packages/ITensorMPS/fZDBz/src/abstractmps.jl:1246
┌ Warning: norm² is 1.0111806534687068e11 - 0.00023275551284652506im, which is not real up to a relative tolerance of 2.220446049250313e-15 and an absolute tolerance of 2.220446049250313e-15. Taking the real part, which may not be accurate.
└ @ ITensorMPS ~/.julia/packages/ITensorMPS/fZDBz/src/abstractmps.jl:1246
┌ Warning: log(norm²) is 0.8447104620892437 - 2.41775535932826e-15im, which is not real up to a relative tolerance of 2.220446049250313e-15 and an absolute tolerance of 2.220446049250313e-15. Taking the real part, which may not be accurate.
└ @ ITensorMPS ~/.julia/packages/ITensorMPS/fZDBz/src/abstractmps.jl:1271
┌ Warning: norm² is 1.3403787994376625e11 + 0.00040247869290324385im, which is not real up to a relative tolerance of 2.220446049250313e-15 and an absolute tolerance of 2.220446049250313e-15. Taking the real part, which may not be accurate.
└ @ ITensorMPS ~/.julia/packages/ITensorMPS/fZDBz/src/abstractmps.jl:1246
┌ Warning: norm² is 1.2739706020406569e11 + 0.0003997357725814859im, which is not real up to a relative tolerance of 2.220446049250313e-15 and an absolute tolerance of 2.220446049250313e-15. Taking the real part, which may not be accurate.
└ @ ITensorMPS ~/.julia/packages/ITensorMPS/fZDBz/src/abstractmps.jl:1246
┌ Warning: log(norm²) is 0.8712572274943853 - 2.5263746072599978e-15im, which is not real up to a relative tolerance of 2.220446049250313e-15 and an absolute tolerance of 2.220446049250313e-15. Taking the real part, which may not be accurate.
└ @ ITensorMPS ~/.julia/packages/ITensorMPS/fZDBz/src/abstractmps.jl:1271
┌ Warning: norm² is 9.129013491526746e10 - 0.00027601329181140975im, which is not real up to a relative tolerance of 2.220446049250313e-15 and an absolute tolerance of 2.220446049250313e-15. Taking the real part, which may not be accurate.
└ @ ITensorMPS ~/.julia/packages/ITensorMPS/fZDBz/src/abstractmps.jl:1246
┌ Warning: log(norm²) is 0.8675788109665218 + 2.462285951540505e-15im, which is not real up to a relative tolerance of 2.220446049250313e-15 and an absolute tolerance of 2.220446049250313e-15. Taking the real part, which may not be accurate.
└ @ ITensorMPS ~/.julia/packages/ITensorMPS/fZDBz/src/abstractmps.jl:1271
┌ Warning: norm² is 1.1415822609254964e11 + 0.00032395367483222394im, which is not real up to a relative tolerance of 2.220446049250313e-15 and an absolute tolerance of 2.220446049250313e-15. Taking the real part, which may not be accurate.
└ @ ITensorMPS ~/.julia/packages/ITensorMPS/fZDBz/src/abstractmps.jl:1246
┌ Warning: norm² is 3.1051478049230505e11 + 0.0007206246994647015im, which is not real up to a relative tolerance of 2.220446049250313e-15 and an absolute tolerance of 2.220446049250313e-15. Taking the real part, which may not be accurate.
└ @ ITensorMPS ~/.julia/packages/ITensorMPS/fZDBz/src/abstractmps.jl:1246
┌ Warning: norm² is 1.221471971767299e11 + 0.00027507231704780415im, which is not real up to a relative tolerance of 2.220446049250313e-15 and an absolute tolerance of 2.220446049250313e-15. Taking the real part, which may not be accurate.
└ @ ITensorMPS ~/.julia/packages/ITensorMPS/fZDBz/src/abstractmps.jl:1246
┌ Warning: norm² is 2.405244058528478 + 7.893678415191238e-15im, which is not real up to a relative tolerance of 2.220446049250313e-15 and an absolute tolerance of 2.220446049250313e-15. Taking the real part, which may not be accurate.
└ @ ITensorMPS ~/.julia/packages/ITensorMPS/fZDBz/src/abstractmps.jl:1246
┌ Warning: log(norm²) is 0.8712336072836137 - 2.6401385530785366e-15im, which is not real up to a relative tolerance of 2.220446049250313e-15 and an absolute tolerance of 2.220446049250313e-15. Taking the real part, which may not be accurate.
└ @ ITensorMPS ~/.julia/packages/ITensorMPS/fZDBz/src/abstractmps.jl:1271
┌ Warning: log(norm²) is 0.8542472823192729 - 2.4214729954069703e-15im, which is not real up to a relative tolerance of 2.220446049250313e-15 and an absolute tolerance of 2.220446049250313e-15. Taking the real part, which may not be accurate.
└ @ ITensorMPS ~/.julia/packages/ITensorMPS/fZDBz/src/abstractmps.jl:1271
┌ Warning: norm² is 1.4169128242048154e11 + 0.000498457926906781im, which is not real up to a relative tolerance of 2.220446049250313e-15 and an absolute tolerance of 2.220446049250313e-15. Taking the real part, which may not be accurate.
└ @ ITensorMPS ~/.julia/packages/ITensorMPS/fZDBz/src/abstractmps.jl:1246
┌ Warning: norm² is 9.58662975893834e10 + 0.0002214144673163766im, which is not real up to a relative tolerance of 2.220446049250313e-15 and an absolute tolerance of 2.220446049250313e-15. Taking the real part, which may not be accurate.
└ @ ITensorMPS ~/.julia/packages/ITensorMPS/fZDBz/src/abstractmps.jl:1246
┌ Warning: norm² is 2.3679779082294505 - 6.2415209064473865e-15im, which is not real up to a relative tolerance of 2.220446049250313e-15 and an absolute tolerance of 2.220446049250313e-15. Taking the real part, which may not be accurate.
└ @ ITensorMPS ~/.julia/packages/ITensorMPS/fZDBz/src/abstractmps.jl:1246
┌ Warning: norm² is 2.321489672057381 + 6.197056963915263e-15im, which is not real up to a relative tolerance of 2.220446049250313e-15 and an absolute tolerance of 2.220446049250313e-15. Taking the real part, which may not be accurate.
└ @ ITensorMPS ~/.julia/packages/ITensorMPS/fZDBz/src/abstractmps.jl:1246
┌ Warning: norm² is 2.4641866217191386 + 5.7391396933354724e-15im, which is not real up to a relative tolerance of 2.220446049250313e-15 and an absolute tolerance of 2.220446049250313e-15. Taking the real part, which may not be accurate.
└ @ ITensorMPS ~/.julia/packages/ITensorMPS/fZDBz/src/abstractmps.jl:1246
┌ Warning: norm² is 1.9915982886921664e11 + 0.0004862078794418586im, which is not real up to a relative tolerance of 2.220446049250313e-15 and an absolute tolerance of 2.220446049250313e-15. Taking the real part, which may not be accurate.
└ @ ITensorMPS ~/.julia/packages/ITensorMPS/fZDBz/src/abstractmps.jl:1246
┌ Warning: norm² is 1.0262958475042027e11 - 0.00030507142605782294im, which is not real up to a relative tolerance of 2.220446049250313e-15 and an absolute tolerance of 2.220446049250313e-15. Taking the real part, which may not be accurate.
└ @ ITensorMPS ~/.julia/packages/ITensorMPS/fZDBz/src/abstractmps.jl:1246
┌ Warning: norm² is 2.7193540025404248e11 + 0.000896337773208177im, which is not real up to a relative tolerance of 2.220446049250313e-15 and an absolute tolerance of 2.220446049250313e-15. Taking the real part, which may not be accurate.
└ @ ITensorMPS ~/.julia/packages/ITensorMPS/fZDBz/src/abstractmps.jl:1246
┌ Warning: norm² is 1.2105225721692233e11 - 0.00029629568635654215im, which is not real up to a relative tolerance of 2.220446049250313e-15 and an absolute tolerance of 2.220446049250313e-15. Taking the real part, which may not be accurate.
└ @ ITensorMPS ~/.julia/packages/ITensorMPS/fZDBz/src/abstractmps.jl:1246
┌ Warning: norm² is 9.004676180248119e10 + 0.0002545617325162035im, which is not real up to a relative tolerance of 2.220446049250313e-15 and an absolute tolerance of 2.220446049250313e-15. Taking the real part, which may not be accurate.
└ @ ITensorMPS ~/.julia/packages/ITensorMPS/fZDBz/src/abstractmps.jl:1246
┌ Warning: norm² is 1.9096338696018875e11 - 0.000462837035410357im, which is not real up to a relative tolerance of 2.220446049250313e-15 and an absolute tolerance of 2.220446049250313e-15. Taking the real part, which may not be accurate.
└ @ ITensorMPS ~/.julia/packages/ITensorMPS/fZDBz/src/abstractmps.jl:1246
┌ Warning: log(norm²) is 0.8747359126587344 + 2.363016079709513e-15im, which is not real up to a relative tolerance of 2.220446049250313e-15 and an absolute tolerance of 2.220446049250313e-15. Taking the real part, which may not be accurate.
└ @ ITensorMPS ~/.julia/packages/ITensorMPS/fZDBz/src/abstractmps.jl:1271
┌ Warning: norm² is 1.4471895489736594e11 - 0.00036834658093981007im, which is not real up to a relative tolerance of 2.220446049250313e-15 and an absolute tolerance of 2.220446049250313e-15. Taking the real part, which may not be accurate.
└ @ ITensorMPS ~/.julia/packages/ITensorMPS/fZDBz/src/abstractmps.jl:1246
┌ Warning: norm² is 2.3850074152492504 + 6.246938706104203e-15im, which is not real up to a relative tolerance of 2.220446049250313e-15 and an absolute tolerance of 2.220446049250313e-15. Taking the real part, which may not be accurate.
└ @ ITensorMPS ~/.julia/packages/ITensorMPS/fZDBz/src/abstractmps.jl:1246
┌ Warning: norm² is 1.190415996665291e11 - 0.00030891311386446524im, which is not real up to a relative tolerance of 2.220446049250313e-15 and an absolute tolerance of 2.220446049250313e-15. Taking the real part, which may not be accurate.
└ @ ITensorMPS ~/.julia/packages/ITensorMPS/fZDBz/src/abstractmps.jl:1246
┌ Warning: norm² is 1.380172536004044e11 + 0.00030753484554171123im, which is not real up to a relative tolerance of 2.220446049250313e-15 and an absolute tolerance of 2.220446049250313e-15. Taking the real part, which may not be accurate.
└ @ ITensorMPS ~/.julia/packages/ITensorMPS/fZDBz/src/abstractmps.jl:1246
┌ Warning: norm² is 2.3947185090147958 + 6.8540684781098546e-15im, which is not real up to a relative tolerance of 2.220446049250313e-15 and an absolute tolerance of 2.220446049250313e-15. Taking the real part, which may not be accurate.
└ @ ITensorMPS ~/.julia/packages/ITensorMPS/fZDBz/src/abstractmps.jl:1246
┌ Warning: log(norm²) is 0.858510038246846 - 2.404769469049582e-15im, which is not real up to a relative tolerance of 2.220446049250313e-15 and an absolute tolerance of 2.220446049250313e-15. Taking the real part, which may not be accurate.
└ @ ITensorMPS ~/.julia/packages/ITensorMPS/fZDBz/src/abstractmps.jl:1271
┌ Warning: log(norm²) is 0.8751172834544431 - 2.4197096118854396e-15im, which is not real up to a relative tolerance of 2.220446049250313e-15 and an absolute tolerance of 2.220446049250313e-15. Taking the real part, which may not be accurate.
└ @ ITensorMPS ~/.julia/packages/ITensorMPS/fZDBz/src/abstractmps.jl:1271
┌ Warning: log(norm²) is 0.866730279711606 - 2.3287405969421767e-15im, which is not real up to a relative tolerance of 2.220446049250313e-15 and an absolute tolerance of 2.220446049250313e-15. Taking the real part, which may not be accurate.
└ @ ITensorMPS ~/.julia/packages/ITensorMPS/fZDBz/src/abstractmps.jl:1271
┌ Warning: log(norm²) is 0.8593009543501109 - 2.490123552105833e-15im, which is not real up to a relative tolerance of 2.220446049250313e-15 and an absolute tolerance of 2.220446049250313e-15. Taking the real part, which may not be accurate.
└ @ ITensorMPS ~/.julia/packages/ITensorMPS/fZDBz/src/abstractmps.jl:1271
┌ Warning: norm² is 8.603228075636946e10 - 0.0001977955619399134im, which is not real up to a relative tolerance of 2.220446049250313e-15 and an absolute tolerance of 2.220446049250313e-15. Taking the real part, which may not be accurate.
└ @ ITensorMPS ~/.julia/packages/ITensorMPS/fZDBz/src/abstractmps.jl:1246
┌ Warning: log(norm²) is 0.8788008380963661 + 2.4337725810153902e-15im, which is not real up to a relative tolerance of 2.220446049250313e-15 and an absolute tolerance of 2.220446049250313e-15. Taking the real part, which may not be accurate.
└ @ ITensorMPS ~/.julia/packages/ITensorMPS/fZDBz/src/abstractmps.jl:1271
┌ Warning: norm² is 1.240662355316685e11 + 0.0002904312217238088im, which is not real up to a relative tolerance of 2.220446049250313e-15 and an absolute tolerance of 2.220446049250313e-15. Taking the real part, which may not be accurate.
└ @ ITensorMPS ~/.julia/packages/ITensorMPS/fZDBz/src/abstractmps.jl:1246
┌ Warning: norm² is 2.3849599859636426 + 6.939844214438164e-15im, which is not real up to a relative tolerance of 2.220446049250313e-15 and an absolute tolerance of 2.220446049250313e-15. Taking the real part, which may not be accurate.
└ @ ITensorMPS ~/.julia/packages/ITensorMPS/fZDBz/src/abstractmps.jl:1246
┌ Warning: norm² is 1.2583335947552547e11 - 0.00034504593887079544im, which is not real up to a relative tolerance of 2.220446049250313e-15 and an absolute tolerance of 2.220446049250313e-15. Taking the real part, which may not be accurate.
└ @ ITensorMPS ~/.julia/packages/ITensorMPS/fZDBz/src/abstractmps.jl:1246
┌ Warning: norm² is 8.799626060140494e10 + 0.00021180105327165715im, which is not real up to a relative tolerance of 2.220446049250313e-15 and an absolute tolerance of 2.220446049250313e-15. Taking the real part, which may not be accurate.
└ @ ITensorMPS ~/.julia/packages/ITensorMPS/fZDBz/src/abstractmps.jl:1246
┌ Warning: log(norm²) is 0.8649492112532319 + 2.255447038459194e-15im, which is not real up to a relative tolerance of 2.220446049250313e-15 and an absolute tolerance of 2.220446049250313e-15. Taking the real part, which may not be accurate.
└ @ ITensorMPS ~/.julia/packages/ITensorMPS/fZDBz/src/abstractmps.jl:1271
┌ Warning: norm² is 1.168184887288485e11 - 0.00027741373329003775im, which is not real up to a relative tolerance of 2.220446049250313e-15 and an absolute tolerance of 2.220446049250313e-15. Taking the real part, which may not be accurate.
└ @ ITensorMPS ~/.julia/packages/ITensorMPS/fZDBz/src/abstractmps.jl:1246
┌ Warning: norm² is 8.902860512253848e10 - 0.00022342470887481484im, which is not real up to a relative tolerance of 2.220446049250313e-15 and an absolute tolerance of 2.220446049250313e-15. Taking the real part, which may not be accurate.
└ @ ITensorMPS ~/.julia/packages/ITensorMPS/fZDBz/src/abstractmps.jl:1246
┌ Warning: norm² is 8.380880442724304e10 + 0.00019189054565146624im, which is not real up to a relative tolerance of 2.220446049250313e-15 and an absolute tolerance of 2.220446049250313e-15. Taking the real part, which may not be accurate.
└ @ ITensorMPS ~/.julia/packages/ITensorMPS/fZDBz/src/abstractmps.jl:1246
┌ Warning: norm² is 1.2403416115508255e11 - 0.00039004415600515246im, which is not real up to a relative tolerance of 2.220446049250313e-15 and an absolute tolerance of 2.220446049250313e-15. Taking the real part, which may not be accurate.
└ @ ITensorMPS ~/.julia/packages/ITensorMPS/fZDBz/src/abstractmps.jl:1246
┌ Warning: norm² is 8.7370358197442e10 - 0.0002438215360732753im, which is not real up to a relative tolerance of 2.220446049250313e-15 and an absolute tolerance of 2.220446049250313e-15. Taking the real part, which may not be accurate.
└ @ ITensorMPS ~/.julia/packages/ITensorMPS/fZDBz/src/abstractmps.jl:1246
┌ Warning: norm² is 2.4083162464255485 - 6.246339777601634e-15im, which is not real up to a relative tolerance of 2.220446049250313e-15 and an absolute tolerance of 2.220446049250313e-15. Taking the real part, which may not be accurate.
└ @ ITensorMPS ~/.julia/packages/ITensorMPS/fZDBz/src/abstractmps.jl:1246
┌ Warning: norm² is 1.1569890055247433e11 - 0.0002653213314272022im, which is not real up to a relative tolerance of 2.220446049250313e-15 and an absolute tolerance of 2.220446049250313e-15. Taking the real part, which may not be accurate.
└ @ ITensorMPS ~/.julia/packages/ITensorMPS/fZDBz/src/abstractmps.jl:1246
┌ Warning: norm² is 8.82520882602978e10 + 0.00024959246817934634im, which is not real up to a relative tolerance of 2.220446049250313e-15 and an absolute tolerance of 2.220446049250313e-15. Taking the real part, which may not be accurate.
└ @ ITensorMPS ~/.julia/packages/ITensorMPS/fZDBz/src/abstractmps.jl:1246
┌ Warning: log(norm²) is 0.8622391036058437 + 2.2914588991921332e-15im, which is not real up to a relative tolerance of 2.220446049250313e-15 and an absolute tolerance of 2.220446049250313e-15. Taking the real part, which may not be accurate.
└ @ ITensorMPS ~/.julia/packages/ITensorMPS/fZDBz/src/abstractmps.jl:1271
┌ Warning: norm² is 2.391375300486013 - 5.883017864745792e-15im, which is not real up to a relative tolerance of 2.220446049250313e-15 and an absolute tolerance of 2.220446049250313e-15. Taking the real part, which may not be accurate.
└ @ ITensorMPS ~/.julia/packages/ITensorMPS/fZDBz/src/abstractmps.jl:1246
┌ Warning: log(norm²) is 0.8718686399754746 - 2.538265597527134e-15im, which is not real up to a relative tolerance of 2.220446049250313e-15 and an absolute tolerance of 2.220446049250313e-15. Taking the real part, which may not be accurate.
└ @ ITensorMPS ~/.julia/packages/ITensorMPS/fZDBz/src/abstractmps.jl:1271
┌ Warning: norm² is 8.96039092591685e10 - 0.00026435085581125395im, which is not real up to a relative tolerance of 2.220446049250313e-15 and an absolute tolerance of 2.220446049250313e-15. Taking the real part, which may not be accurate.
└ @ ITensorMPS ~/.julia/packages/ITensorMPS/fZDBz/src/abstractmps.jl:1246
┌ Warning: norm² is 8.273479760144978e10 + 0.00019953452254563964im, which is not real up to a relative tolerance of 2.220446049250313e-15 and an absolute tolerance of 2.220446049250313e-15. Taking the real part, which may not be accurate.
└ @ ITensorMPS ~/.julia/packages/ITensorMPS/fZDBz/src/abstractmps.jl:1246
┌ Warning: norm² is 1.1776870101415128e11 + 0.000393575237363078im, which is not real up to a relative tolerance of 2.220446049250313e-15 and an absolute tolerance of 2.220446049250313e-15. Taking the real part, which may not be accurate.
└ @ ITensorMPS ~/.julia/packages/ITensorMPS/fZDBz/src/abstractmps.jl:1246
┌ Warning: norm² is 8.460329346725337e10 - 0.00024813718246673383im, which is not real up to a relative tolerance of 2.220446049250313e-15 and an absolute tolerance of 2.220446049250313e-15. Taking the real part, which may not be accurate.
└ @ ITensorMPS ~/.julia/packages/ITensorMPS/fZDBz/src/abstractmps.jl:1246
┌ Warning: log(norm²) is 0.8719186036244722 + 2.3163318408073127e-15im, which is not real up to a relative tolerance of 2.220446049250313e-15 and an absolute tolerance of 2.220446049250313e-15. Taking the real part, which may not be accurate.
└ @ ITensorMPS ~/.julia/packages/ITensorMPS/fZDBz/src/abstractmps.jl:1271
┌ Warning: norm² is 8.734448242437592e10 - 0.0001939921160351379im, which is not real up to a relative tolerance of 2.220446049250313e-15 and an absolute tolerance of 2.220446049250313e-15. Taking the real part, which may not be accurate.
└ @ ITensorMPS ~/.julia/packages/ITensorMPS/fZDBz/src/abstractmps.jl:1246
┌ Warning: norm² is 2.34960308827706 - 5.668494543489213e-15im, which is not real up to a relative tolerance of 2.220446049250313e-15 and an absolute tolerance of 2.220446049250313e-15. Taking the real part, which may not be accurate.
└ @ ITensorMPS ~/.julia/packages/ITensorMPS/fZDBz/src/abstractmps.jl:1246
┌ Warning: norm² is 8.785429335033684e10 - 0.00020614334823714194im, which is not real up to a relative tolerance of 2.220446049250313e-15 and an absolute tolerance of 2.220446049250313e-15. Taking the real part, which may not be accurate.
└ @ ITensorMPS ~/.julia/packages/ITensorMPS/fZDBz/src/abstractmps.jl:1246
┌ Warning: norm² is 2.360561352268788 - 5.888275291381542e-15im, which is not real up to a relative tolerance of 2.220446049250313e-15 and an absolute tolerance of 2.220446049250313e-15. Taking the real part, which may not be accurate.
└ @ ITensorMPS ~/.julia/packages/ITensorMPS/fZDBz/src/abstractmps.jl:1246
┌ Warning: norm² is 8.923270199073659e10 + 0.00020057627804826383im, which is not real up to a relative tolerance of 2.220446049250313e-15 and an absolute tolerance of 2.220446049250313e-15. Taking the real part, which may not be accurate.
└ @ ITensorMPS ~/.julia/packages/ITensorMPS/fZDBz/src/abstractmps.jl:1246
┌ Warning: norm² is 2.3849743516882693 - 6.088026890445053e-15im, which is not real up to a relative tolerance of 2.220446049250313e-15 and an absolute tolerance of 2.220446049250313e-15. Taking the real part, which may not be accurate.
└ @ ITensorMPS ~/.julia/packages/ITensorMPS/fZDBz/src/abstractmps.jl:1246
┌ Warning: norm² is 8.820065857493385e10 + 0.00020023160382649685im, which is not real up to a relative tolerance of 2.220446049250313e-15 and an absolute tolerance of 2.220446049250313e-15. Taking the real part, which may not be accurate.
└ @ ITensorMPS ~/.julia/packages/ITensorMPS/fZDBz/src/abstractmps.jl:1246
┌ Warning: norm² is 8.128158444555022e10 + 0.00022428177728838706im, which is not real up to a relative tolerance of 2.220446049250313e-15 and an absolute tolerance of 2.220446049250313e-15. Taking the real part, which may not be accurate.
└ @ ITensorMPS ~/.julia/packages/ITensorMPS/fZDBz/src/abstractmps.jl:1246
┌ Warning: norm² is 2.383625339900154 + 5.6040265116659026e-15im, which is not real up to a relative tolerance of 2.220446049250313e-15 and an absolute tolerance of 2.220446049250313e-15. Taking the real part, which may not be accurate.
└ @ ITensorMPS ~/.julia/packages/ITensorMPS/fZDBz/src/abstractmps.jl:1246
┌ Warning: norm² is 2.379125272183768 - 5.912631677575663e-15im, which is not real up to a relative tolerance of 2.220446049250313e-15 and an absolute tolerance of 2.220446049250313e-15. Taking the real part, which may not be accurate.
└ @ ITensorMPS ~/.julia/packages/ITensorMPS/fZDBz/src/abstractmps.jl:1246
┌ Warning: norm² is 1.1469386429266127e11 - 0.0003115341292910618im, which is not real up to a relative tolerance of 2.220446049250313e-15 and an absolute tolerance of 2.220446049250313e-15. Taking the real part, which may not be accurate.
└ @ ITensorMPS ~/.julia/packages/ITensorMPS/fZDBz/src/abstractmps.jl:1246
┌ Warning: log(norm²) is 0.8667879950248621 + 2.2837666719402987e-15im, which is not real up to a relative tolerance of 2.220446049250313e-15 and an absolute tolerance of 2.220446049250313e-15. Taking the real part, which may not be accurate.
└ @ ITensorMPS ~/.julia/packages/ITensorMPS/fZDBz/src/abstractmps.jl:1271
┌ Warning: norm² is 8.2702285500964e10 - 0.00020028298524792212im, which is not real up to a relative tolerance of 2.220446049250313e-15 and an absolute tolerance of 2.220446049250313e-15. Taking the real part, which may not be accurate.
└ @ ITensorMPS ~/.julia/packages/ITensorMPS/fZDBz/src/abstractmps.jl:1246
┌ Warning: norm² is 8.68878020159142e10 - 0.00020231336869767512im, which is not real up to a relative tolerance of 2.220446049250313e-15 and an absolute tolerance of 2.220446049250313e-15. Taking the real part, which may not be accurate.
└ @ ITensorMPS ~/.julia/packages/ITensorMPS/fZDBz/src/abstractmps.jl:1246
┌ Warning: norm² is 2.4127059872327643 - 6.585844903214274e-15im, which is not real up to a relative tolerance of 2.220446049250313e-15 and an absolute tolerance of 2.220446049250313e-15. Taking the real part, which may not be accurate.
└ @ ITensorMPS ~/.julia/packages/ITensorMPS/fZDBz/src/abstractmps.jl:1246
┌ Warning: norm² is 8.675048962265028e10 - 0.00019826284694907947im, which is not real up to a relative tolerance of 2.220446049250313e-15 and an absolute tolerance of 2.220446049250313e-15. Taking the real part, which may not be accurate.
└ @ ITensorMPS ~/.julia/packages/ITensorMPS/fZDBz/src/abstractmps.jl:1246
┌ Warning: norm² is 2.3907360327343157 + 5.9638144652642946e-15im, which is not real up to a relative tolerance of 2.220446049250313e-15 and an absolute tolerance of 2.220446049250313e-15. Taking the real part, which may not be accurate.
└ @ ITensorMPS ~/.julia/packages/ITensorMPS/fZDBz/src/abstractmps.jl:1246
┌ Warning: norm² is 2.3901147222195673 - 5.643862615498094e-15im, which is not real up to a relative tolerance of 2.220446049250313e-15 and an absolute tolerance of 2.220446049250313e-15. Taking the real part, which may not be accurate.
└ @ ITensorMPS ~/.julia/packages/ITensorMPS/fZDBz/src/abstractmps.jl:1246
┌ Warning: log(norm²) is 0.8669086263906264 + 3.6279762370337924e-15im, which is not real up to a relative tolerance of 2.220446049250313e-15 and an absolute tolerance of 2.220446049250313e-15. Taking the real part, which may not be accurate.
└ @ ITensorMPS ~/.julia/packages/ITensorMPS/fZDBz/src/abstractmps.jl:1271
┌ Warning: log(norm²) is 0.8695590086245832 + 2.3290147824099317e-15im, which is not real up to a relative tolerance of 2.220446049250313e-15 and an absolute tolerance of 2.220446049250313e-15. Taking the real part, which may not be accurate.
└ @ ITensorMPS ~/.julia/packages/ITensorMPS/fZDBz/src/abstractmps.jl:1271
┌ Warning: norm² is 1.137820999760927e11 - 0.0003024782453476365im, which is not real up to a relative tolerance of 2.220446049250313e-15 and an absolute tolerance of 2.220446049250313e-15. Taking the real part, which may not be accurate.
└ @ ITensorMPS ~/.julia/packages/ITensorMPS/fZDBz/src/abstractmps.jl:1246
┌ Warning: log(norm²) is 0.8556111919665063 - 2.3780002891690044e-15im, which is not real up to a relative tolerance of 2.220446049250313e-15 and an absolute tolerance of 2.220446049250313e-15. Taking the real part, which may not be accurate.
└ @ ITensorMPS ~/.julia/packages/ITensorMPS/fZDBz/src/abstractmps.jl:1271
┌ Warning: log(norm²) is 0.8703050477414367 + 2.5363929753439986e-15im, which is not real up to a relative tolerance of 2.220446049250313e-15 and an absolute tolerance of 2.220446049250313e-15. Taking the real part, which may not be accurate.
└ @ ITensorMPS ~/.julia/packages/ITensorMPS/fZDBz/src/abstractmps.jl:1271
┌ Warning: norm² is 2.3435243078244157 - 5.977815675169425e-15im, which is not real up to a relative tolerance of 2.220446049250313e-15 and an absolute tolerance of 2.220446049250313e-15. Taking the real part, which may not be accurate.
└ @ ITensorMPS ~/.julia/packages/ITensorMPS/fZDBz/src/abstractmps.jl:1246
┌ Warning: norm² is 8.647415247636972e10 - 0.00020077380845719793im, which is not real up to a relative tolerance of 2.220446049250313e-15 and an absolute tolerance of 2.220446049250313e-15. Taking the real part, which may not be accurate.
└ @ ITensorMPS ~/.julia/packages/ITensorMPS/fZDBz/src/abstractmps.jl:1246
┌ Warning: norm² is 1.8887772396209485e11 + 0.00042918913159790327im, which is not real up to a relative tolerance of 2.220446049250313e-15 and an absolute tolerance of 2.220446049250313e-15. Taking the real part, which may not be accurate.
└ @ ITensorMPS ~/.julia/packages/ITensorMPS/fZDBz/src/abstractmps.jl:1246
┌ Warning: norm² is 8.649358166962485e10 + 0.00031371025870961783im, which is not real up to a relative tolerance of 2.220446049250313e-15 and an absolute tolerance of 2.220446049250313e-15. Taking the real part, which may not be accurate.
└ @ ITensorMPS ~/.julia/packages/ITensorMPS/fZDBz/src/abstractmps.jl:1246
┌ Warning: norm² is 8.64539265996421e10 + 0.00022907282704021266im, which is not real up to a relative tolerance of 2.220446049250313e-15 and an absolute tolerance of 2.220446049250313e-15. Taking the real part, which may not be accurate.
└ @ ITensorMPS ~/.julia/packages/ITensorMPS/fZDBz/src/abstractmps.jl:1246
┌ Warning: norm² is 2.3822587900715306 + 6.536635966030933e-15im, which is not real up to a relative tolerance of 2.220446049250313e-15 and an absolute tolerance of 2.220446049250313e-15. Taking the real part, which may not be accurate.
└ @ ITensorMPS ~/.julia/packages/ITensorMPS/fZDBz/src/abstractmps.jl:1246
┌ Warning: log(norm²) is 0.8680491090584426 - 2.2448404083334906e-15im, which is not real up to a relative tolerance of 2.220446049250313e-15 and an absolute tolerance of 2.220446049250313e-15. Taking the real part, which may not be accurate.
└ @ ITensorMPS ~/.julia/packages/ITensorMPS/fZDBz/src/abstractmps.jl:1271
┌ Warning: norm² is 2.3787474210278488 + 6.421627352811871e-15im, which is not real up to a relative tolerance of 2.220446049250313e-15 and an absolute tolerance of 2.220446049250313e-15. Taking the real part, which may not be accurate.
└ @ ITensorMPS ~/.julia/packages/ITensorMPS/fZDBz/src/abstractmps.jl:1246
┌ Warning: log(norm²) is 0.8805303598689889 + 2.5197571966413555e-15im, which is not real up to a relative tolerance of 2.220446049250313e-15 and an absolute tolerance of 2.220446049250313e-15. Taking the real part, which may not be accurate.
└ @ ITensorMPS ~/.julia/packages/ITensorMPS/fZDBz/src/abstractmps.jl:1271
┌ Warning: log(norm²) is 0.8609488444099561 + 2.2823648865907757e-15im, which is not real up to a relative tolerance of 2.220446049250313e-15 and an absolute tolerance of 2.220446049250313e-15. Taking the real part, which may not be accurate.
└ @ ITensorMPS ~/.julia/packages/ITensorMPS/fZDBz/src/abstractmps.jl:1271
┌ Warning: log(norm²) is 0.8665583196371581 - 2.400498918472135e-15im, which is not real up to a relative tolerance of 2.220446049250313e-15 and an absolute tolerance of 2.220446049250313e-15. Taking the real part, which may not be accurate.
└ @ ITensorMPS ~/.julia/packages/ITensorMPS/fZDBz/src/abstractmps.jl:1271
┌ Warning: norm² is 1.1413848038456834e11 - 0.00025857222107648946im, which is not real up to a relative tolerance of 2.220446049250313e-15 and an absolute tolerance of 2.220446049250313e-15. Taking the real part, which may not be accurate.
└ @ ITensorMPS ~/.julia/packages/ITensorMPS/fZDBz/src/abstractmps.jl:1246
┌ Warning: norm² is 2.3623934168882417 - 5.572012677303717e-15im, which is not real up to a relative tolerance of 2.220446049250313e-15 and an absolute tolerance of 2.220446049250313e-15. Taking the real part, which may not be accurate.
└ @ ITensorMPS ~/.julia/packages/ITensorMPS/fZDBz/src/abstractmps.jl:1246
┌ Warning: norm² is 1.3742098543608128e11 - 0.00031647133438549724im, which is not real up to a relative tolerance of 2.220446049250313e-15 and an absolute tolerance of 2.220446049250313e-15. Taking the real part, which may not be accurate.
└ @ ITensorMPS ~/.julia/packages/ITensorMPS/fZDBz/src/abstractmps.jl:1246
┌ Warning: norm² is 8.17770926819131e10 + 0.00018882657637287064im, which is not real up to a relative tolerance of 2.220446049250313e-15 and an absolute tolerance of 2.220446049250313e-15. Taking the real part, which may not be accurate.
└ @ ITensorMPS ~/.julia/packages/ITensorMPS/fZDBz/src/abstractmps.jl:1246
┌ Warning: norm² is 8.769454765570811e10 - 0.00023050058079241987im, which is not real up to a relative tolerance of 2.220446049250313e-15 and an absolute tolerance of 2.220446049250313e-15. Taking the real part, which may not be accurate.
└ @ ITensorMPS ~/.julia/packages/ITensorMPS/fZDBz/src/abstractmps.jl:1246
┌ Warning: norm² is 1.798866162660886e11 - 0.0005083499653969054im, which is not real up to a relative tolerance of 2.220446049250313e-15 and an absolute tolerance of 2.220446049250313e-15. Taking the real part, which may not be accurate.
└ @ ITensorMPS ~/.julia/packages/ITensorMPS/fZDBz/src/abstractmps.jl:1246
┌ Warning: norm² is 1.994861050898378e11 - 0.000519782057386124im, which is not real up to a relative tolerance of 2.220446049250313e-15 and an absolute tolerance of 2.220446049250313e-15. Taking the real part, which may not be accurate.
└ @ ITensorMPS ~/.julia/packages/ITensorMPS/fZDBz/src/abstractmps.jl:1246
┌ Warning: norm² is 2.090523563561839e11 - 0.0006741449655041891im, which is not real up to a relative tolerance of 2.220446049250313e-15 and an absolute tolerance of 2.220446049250313e-15. Taking the real part, which may not be accurate.
└ @ ITensorMPS ~/.julia/packages/ITensorMPS/fZDBz/src/abstractmps.jl:1246
┌ Warning: norm² is 1.1249606422061345e11 - 0.0003749951359546107im, which is not real up to a relative tolerance of 2.220446049250313e-15 and an absolute tolerance of 2.220446049250313e-15. Taking the real part, which may not be accurate.
└ @ ITensorMPS ~/.julia/packages/ITensorMPS/fZDBz/src/abstractmps.jl:1246
┌ Warning: norm² is 2.3736196388375674 + 6.218724016891822e-15im, which is not real up to a relative tolerance of 2.220446049250313e-15 and an absolute tolerance of 2.220446049250313e-15. Taking the real part, which may not be accurate.
└ @ ITensorMPS ~/.julia/packages/ITensorMPS/fZDBz/src/abstractmps.jl:1246
┌ Warning: log(norm²) is 0.8789917087967027 + 2.432472669730806e-15im, which is not real up to a relative tolerance of 2.220446049250313e-15 and an absolute tolerance of 2.220446049250313e-15. Taking the real part, which may not be accurate.
└ @ ITensorMPS ~/.julia/packages/ITensorMPS/fZDBz/src/abstractmps.jl:1271
┌ Warning: norm² is 1.2858991785012494e11 + 0.00029431644857701855im, which is not real up to a relative tolerance of 2.220446049250313e-15 and an absolute tolerance of 2.220446049250313e-15. Taking the real part, which may not be accurate.
└ @ ITensorMPS ~/.julia/packages/ITensorMPS/fZDBz/src/abstractmps.jl:1246
┌ Warning: log(norm²) is 0.8817715224471381 - 2.5136816642021322e-15im, which is not real up to a relative tolerance of 2.220446049250313e-15 and an absolute tolerance of 2.220446049250313e-15. Taking the real part, which may not be accurate.
└ @ ITensorMPS ~/.julia/packages/ITensorMPS/fZDBz/src/abstractmps.jl:1271
┌ Warning: norm² is 2.3738523257797817 - 6.800054311822286e-15im, which is not real up to a relative tolerance of 2.220446049250313e-15 and an absolute tolerance of 2.220446049250313e-15. Taking the real part, which may not be accurate.
└ @ ITensorMPS ~/.julia/packages/ITensorMPS/fZDBz/src/abstractmps.jl:1246
┌ Warning: log(norm²) is 0.8565146699308733 - 2.3453901297548197e-15im, which is not real up to a relative tolerance of 2.220446049250313e-15 and an absolute tolerance of 2.220446049250313e-15. Taking the real part, which may not be accurate.
└ @ ITensorMPS ~/.julia/packages/ITensorMPS/fZDBz/src/abstractmps.jl:1271
┌ Warning: norm² is 2.378723700719388 - 5.5593850453095016e-15im, which is not real up to a relative tolerance of 2.220446049250313e-15 and an absolute tolerance of 2.220446049250313e-15. Taking the real part, which may not be accurate.
└ @ ITensorMPS ~/.julia/packages/ITensorMPS/fZDBz/src/abstractmps.jl:1246
┌ Warning: norm² is 1.0980149540142746e11 - 0.00028198159578620894im, which is not real up to a relative tolerance of 2.220446049250313e-15 and an absolute tolerance of 2.220446049250313e-15. Taking the real part, which may not be accurate.
└ @ ITensorMPS ~/.julia/packages/ITensorMPS/fZDBz/src/abstractmps.jl:1246
┌ Warning: norm² is 2.3794101960544443 - 5.569958098143753e-15im, which is not real up to a relative tolerance of 2.220446049250313e-15 and an absolute tolerance of 2.220446049250313e-15. Taking the real part, which may not be accurate.
└ @ ITensorMPS ~/.julia/packages/ITensorMPS/fZDBz/src/abstractmps.jl:1246
┌ Warning: norm² is 2.3549735512764105 - 6.443701157484611e-15im, which is not real up to a relative tolerance of 2.220446049250313e-15 and an absolute tolerance of 2.220446049250313e-15. Taking the real part, which may not be accurate.
└ @ ITensorMPS ~/.julia/packages/ITensorMPS/fZDBz/src/abstractmps.jl:1246
┌ Warning: norm² is 1.1949780005117015e11 - 0.00039081229701656465im, which is not real up to a relative tolerance of 2.220446049250313e-15 and an absolute tolerance of 2.220446049250313e-15. Taking the real part, which may not be accurate.
└ @ ITensorMPS ~/.julia/packages/ITensorMPS/fZDBz/src/abstractmps.jl:1246
┌ Warning: norm² is 1.3323162800321074e11 + 0.0003223129771462884im, which is not real up to a relative tolerance of 2.220446049250313e-15 and an absolute tolerance of 2.220446049250313e-15. Taking the real part, which may not be accurate.
└ @ ITensorMPS ~/.julia/packages/ITensorMPS/fZDBz/src/abstractmps.jl:1246
┌ Warning: norm² is 1.147036658401435e11 - 0.00025543625621354197im, which is not real up to a relative tolerance of 2.220446049250313e-15 and an absolute tolerance of 2.220446049250313e-15. Taking the real part, which may not be accurate.
└ @ ITensorMPS ~/.julia/packages/ITensorMPS/fZDBz/src/abstractmps.jl:1246
┌ Warning: log(norm²) is 0.8656644353080466 + 2.428401884207539e-15im, which is not real up to a relative tolerance of 2.220446049250313e-15 and an absolute tolerance of 2.220446049250313e-15. Taking the real part, which may not be accurate.
└ @ ITensorMPS ~/.julia/packages/ITensorMPS/fZDBz/src/abstractmps.jl:1271
┌ Warning: log(norm²) is 0.8638802019962998 - 3.250114793192226e-15im, which is not real up to a relative tolerance of 2.220446049250313e-15 and an absolute tolerance of 2.220446049250313e-15. Taking the real part, which may not be accurate.
└ @ ITensorMPS ~/.julia/packages/ITensorMPS/fZDBz/src/abstractmps.jl:1271
┌ Warning: norm² is 8.623445443776918e10 - 0.00020165372115417882im, which is not real up to a relative tolerance of 2.220446049250313e-15 and an absolute tolerance of 2.220446049250313e-15. Taking the real part, which may not be accurate.
└ @ ITensorMPS ~/.julia/packages/ITensorMPS/fZDBz/src/abstractmps.jl:1246
┌ Warning: norm² is 2.4126864345337746 - 5.381446755172559e-15im, which is not real up to a relative tolerance of 2.220446049250313e-15 and an absolute tolerance of 2.220446049250313e-15. Taking the real part, which may not be accurate.
└ @ ITensorMPS ~/.julia/packages/ITensorMPS/fZDBz/src/abstractmps.jl:1246
┌ Warning: log(norm²) is 0.8702924460134219 + 2.4102164658213184e-15im, which is not real up to a relative tolerance of 2.220446049250313e-15 and an absolute tolerance of 2.220446049250313e-15. Taking the real part, which may not be accurate.
└ @ ITensorMPS ~/.julia/packages/ITensorMPS/fZDBz/src/abstractmps.jl:1271
┌ Warning: norm² is 2.3875405301608836 - 5.758167673775137e-15im, which is not real up to a relative tolerance of 2.220446049250313e-15 and an absolute tolerance of 2.220446049250313e-15. Taking the real part, which may not be accurate.
└ @ ITensorMPS ~/.julia/packages/ITensorMPS/fZDBz/src/abstractmps.jl:1246
┌ Warning: norm² is 1.1275015875784433e11 - 0.00028532399027844093im, which is not real up to a relative tolerance of 2.220446049250313e-15 and an absolute tolerance of 2.220446049250313e-15. Taking the real part, which may not be accurate.
└ @ ITensorMPS ~/.julia/packages/ITensorMPS/fZDBz/src/abstractmps.jl:1246
┌ Warning: norm² is 8.20505520932061e10 + 0.00018758815791751723im, which is not real up to a relative tolerance of 2.220446049250313e-15 and an absolute tolerance of 2.220446049250313e-15. Taking the real part, which may not be accurate.
└ @ ITensorMPS ~/.julia/packages/ITensorMPS/fZDBz/src/abstractmps.jl:1246
┌ Warning: log(norm²) is 0.880106548090294 - 2.7103011373407914e-15im, which is not real up to a relative tolerance of 2.220446049250313e-15 and an absolute tolerance of 2.220446049250313e-15. Taking the real part, which may not be accurate.
└ @ ITensorMPS ~/.julia/packages/ITensorMPS/fZDBz/src/abstractmps.jl:1271
┌ Warning: norm² is 2.3843166686365933 + 7.550331168104972e-15im, which is not real up to a relative tolerance of 2.220446049250313e-15 and an absolute tolerance of 2.220446049250313e-15. Taking the real part, which may not be accurate.
└ @ ITensorMPS ~/.julia/packages/ITensorMPS/fZDBz/src/abstractmps.jl:1246
┌ Warning: norm² is 1.1371976968447926e11 - 0.00025788206612352936im, which is not real up to a relative tolerance of 2.220446049250313e-15 and an absolute tolerance of 2.220446049250313e-15. Taking the real part, which may not be accurate.
└ @ ITensorMPS ~/.julia/packages/ITensorMPS/fZDBz/src/abstractmps.jl:1246
┌ Warning: norm² is 2.3839324572840486 - 7.84779041904904e-15im, which is not real up to a relative tolerance of 2.220446049250313e-15 and an absolute tolerance of 2.220446049250313e-15. Taking the real part, which may not be accurate.
└ @ ITensorMPS ~/.julia/packages/ITensorMPS/fZDBz/src/abstractmps.jl:1246
┌ Warning: norm² is 1.1155588482670917e11 + 0.0003144911428177873im, which is not real up to a relative tolerance of 2.220446049250313e-15 and an absolute tolerance of 2.220446049250313e-15. Taking the real part, which may not be accurate.
└ @ ITensorMPS ~/.julia/packages/ITensorMPS/fZDBz/src/abstractmps.jl:1246
┌ Warning: norm² is 1.4426266623807562e11 - 0.0003504820480203397im, which is not real up to a relative tolerance of 2.220446049250313e-15 and an absolute tolerance of 2.220446049250313e-15. Taking the real part, which may not be accurate.
└ @ ITensorMPS ~/.julia/packages/ITensorMPS/fZDBz/src/abstractmps.jl:1246
┌ Warning: norm² is 1.1335829346230005e11 + 0.00026090573709948im, which is not real up to a relative tolerance of 2.220446049250313e-15 and an absolute tolerance of 2.220446049250313e-15. Taking the real part, which may not be accurate.
└ @ ITensorMPS ~/.julia/packages/ITensorMPS/fZDBz/src/abstractmps.jl:1246
┌ Warning: norm² is 8.62229816268359e10 - 0.00026678521626886606im, which is not real up to a relative tolerance of 2.220446049250313e-15 and an absolute tolerance of 2.220446049250313e-15. Taking the real part, which may not be accurate.
└ @ ITensorMPS ~/.julia/packages/ITensorMPS/fZDBz/src/abstractmps.jl:1246
┌ Warning: norm² is 1.1301453205693324e11 + 0.00036104938194789633im, which is not real up to a relative tolerance of 2.220446049250313e-15 and an absolute tolerance of 2.220446049250313e-15. Taking the real part, which may not be accurate.
└ @ ITensorMPS ~/.julia/packages/ITensorMPS/fZDBz/src/abstractmps.jl:1246
┌ Warning: norm² is 7.987146728901411e10 - 0.0001774558173097612im, which is not real up to a relative tolerance of 2.220446049250313e-15 and an absolute tolerance of 2.220446049250313e-15. Taking the real part, which may not be accurate.
└ @ ITensorMPS ~/.julia/packages/ITensorMPS/fZDBz/src/abstractmps.jl:1246
┌ Warning: norm² is 1.1453735753667117e11 + 0.0003718338857501503im, which is not real up to a relative tolerance of 2.220446049250313e-15 and an absolute tolerance of 2.220446049250313e-15. Taking the real part, which may not be accurate.
└ @ ITensorMPS ~/.julia/packages/ITensorMPS/fZDBz/src/abstractmps.jl:1246
┌ Warning: norm² is 1.1264457963727573e11 - 0.00034390723692998996im, which is not real up to a relative tolerance of 2.220446049250313e-15 and an absolute tolerance of 2.220446049250313e-15. Taking the real part, which may not be accurate.
└ @ ITensorMPS ~/.julia/packages/ITensorMPS/fZDBz/src/abstractmps.jl:1246
┌ Warning: norm² is 8.131287938822765e10 - 0.00018427202459357056im, which is not real up to a relative tolerance of 2.220446049250313e-15 and an absolute tolerance of 2.220446049250313e-15. Taking the real part, which may not be accurate.
└ @ ITensorMPS ~/.julia/packages/ITensorMPS/fZDBz/src/abstractmps.jl:1246
┌ Warning: norm² is 8.64357693239564e10 + 0.00020260292310897933im, which is not real up to a relative tolerance of 2.220446049250313e-15 and an absolute tolerance of 2.220446049250313e-15. Taking the real part, which may not be accurate.
└ @ ITensorMPS ~/.julia/packages/ITensorMPS/fZDBz/src/abstractmps.jl:1246
┌ Warning: norm² is 1.7923927835526392e11 + 0.00041853804770782395im, which is not real up to a relative tolerance of 2.220446049250313e-15 and an absolute tolerance of 2.220446049250313e-15. Taking the real part, which may not be accurate.
└ @ ITensorMPS ~/.julia/packages/ITensorMPS/fZDBz/src/abstractmps.jl:1246
┌ Warning: norm² is 1.624225814788681e11 + 0.00039502664882333944im, which is not real up to a relative tolerance of 2.220446049250313e-15 and an absolute tolerance of 2.220446049250313e-15. Taking the real part, which may not be accurate.
└ @ ITensorMPS ~/.julia/packages/ITensorMPS/fZDBz/src/abstractmps.jl:1246
┌ Warning: norm² is 2.411490020523214 - 5.5775128495155555e-15im, which is not real up to a relative tolerance of 2.220446049250313e-15 and an absolute tolerance of 2.220446049250313e-15. Taking the real part, which may not be accurate.
└ @ ITensorMPS ~/.julia/packages/ITensorMPS/fZDBz/src/abstractmps.jl:1246
┌ Warning: norm² is 8.14407682738285e10 + 0.0001815734263123086im, which is not real up to a relative tolerance of 2.220446049250313e-15 and an absolute tolerance of 2.220446049250313e-15. Taking the real part, which may not be accurate.
└ @ ITensorMPS ~/.julia/packages/ITensorMPS/fZDBz/src/abstractmps.jl:1246
┌ Warning: norm² is 1.4421327677608652e11 + 0.0003473316423301509im, which is not real up to a relative tolerance of 2.220446049250313e-15 and an absolute tolerance of 2.220446049250313e-15. Taking the real part, which may not be accurate.
└ @ ITensorMPS ~/.julia/packages/ITensorMPS/fZDBz/src/abstractmps.jl:1246
┌ Warning: norm² is 8.615227550812122e10 - 0.00019646639894861838im, which is not real up to a relative tolerance of 2.220446049250313e-15 and an absolute tolerance of 2.220446049250313e-15. Taking the real part, which may not be accurate.
└ @ ITensorMPS ~/.julia/packages/ITensorMPS/fZDBz/src/abstractmps.jl:1246
┌ Warning: log(norm²) is 0.8549926390921988 - 2.2482571341132364e-15im, which is not real up to a relative tolerance of 2.220446049250313e-15 and an absolute tolerance of 2.220446049250313e-15. Taking the real part, which may not be accurate.
└ @ ITensorMPS ~/.julia/packages/ITensorMPS/fZDBz/src/abstractmps.jl:1271
┌ Warning: norm² is 9.852474125667738e10 - 0.0002909042705694935im, which is not real up to a relative tolerance of 2.220446049250313e-15 and an absolute tolerance of 2.220446049250313e-15. Taking the real part, which may not be accurate.
└ @ ITensorMPS ~/.julia/packages/ITensorMPS/fZDBz/src/abstractmps.jl:1246
┌ Warning: log(norm²) is 0.8689624754929607 + 2.628011176519575e-15im, which is not real up to a relative tolerance of 2.220446049250313e-15 and an absolute tolerance of 2.220446049250313e-15. Taking the real part, which may not be accurate.
└ @ ITensorMPS ~/.julia/packages/ITensorMPS/fZDBz/src/abstractmps.jl:1271
┌ Warning: norm² is 2.3569355997637715 - 7.563910483177618e-15im, which is not real up to a relative tolerance of 2.220446049250313e-15 and an absolute tolerance of 2.220446049250313e-15. Taking the real part, which may not be accurate.
└ @ ITensorMPS ~/.julia/packages/ITensorMPS/fZDBz/src/abstractmps.jl:1246
┌ Warning: norm² is 7.982755500891008e10 - 0.0002549566070640976im, which is not real up to a relative tolerance of 2.220446049250313e-15 and an absolute tolerance of 2.220446049250313e-15. Taking the real part, which may not be accurate.
└ @ ITensorMPS ~/.julia/packages/ITensorMPS/fZDBz/src/abstractmps.jl:1246
┌ Warning: norm² is 1.8433587669515854e11 + 0.00047187314275862034im, which is not real up to a relative tolerance of 2.220446049250313e-15 and an absolute tolerance of 2.220446049250313e-15. Taking the real part, which may not be accurate.
└ @ ITensorMPS ~/.julia/packages/ITensorMPS/fZDBz/src/abstractmps.jl:1246
┌ Warning: norm² is 1.124923149094286e11 + 0.00036865384524312157im, which is not real up to a relative tolerance of 2.220446049250313e-15 and an absolute tolerance of 2.220446049250313e-15. Taking the real part, which may not be accurate.
└ @ ITensorMPS ~/.julia/packages/ITensorMPS/fZDBz/src/abstractmps.jl:1246
┌ Warning: norm² is 1.1255297355712137e11 + 0.0003210344231684218im, which is not real up to a relative tolerance of 2.220446049250313e-15 and an absolute tolerance of 2.220446049250313e-15. Taking the real part, which may not be accurate.
└ @ ITensorMPS ~/.julia/packages/ITensorMPS/fZDBz/src/abstractmps.jl:1246
┌ Warning: norm² is 2.3874451328360515 + 6.4166507021088206e-15im, which is not real up to a relative tolerance of 2.220446049250313e-15 and an absolute tolerance of 2.220446049250313e-15. Taking the real part, which may not be accurate.
└ @ ITensorMPS ~/.julia/packages/ITensorMPS/fZDBz/src/abstractmps.jl:1246
┌ Warning: norm² is 8.095259451908167e10 - 0.0002856370633734934im, which is not real up to a relative tolerance of 2.220446049250313e-15 and an absolute tolerance of 2.220446049250313e-15. Taking the real part, which may not be accurate.
└ @ ITensorMPS ~/.julia/packages/ITensorMPS/fZDBz/src/abstractmps.jl:1246
┌ Warning: log(norm²) is 0.8793814917814878 + 2.402850861985452e-15im, which is not real up to a relative tolerance of 2.220446049250313e-15 and an absolute tolerance of 2.220446049250313e-15. Taking the real part, which may not be accurate.
└ @ ITensorMPS ~/.julia/packages/ITensorMPS/fZDBz/src/abstractmps.jl:1271
┌ Warning: norm² is 8.618963315727667e10 - 0.00022357329969386512im, which is not real up to a relative tolerance of 2.220446049250313e-15 and an absolute tolerance of 2.220446049250313e-15. Taking the real part, which may not be accurate.
└ @ ITensorMPS ~/.julia/packages/ITensorMPS/fZDBz/src/abstractmps.jl:1246
┌ Warning: norm² is 1.8008115154961105e11 + 0.0005942704821664997im, which is not real up to a relative tolerance of 2.220446049250313e-15 and an absolute tolerance of 2.220446049250313e-15. Taking the real part, which may not be accurate.
└ @ ITensorMPS ~/.julia/packages/ITensorMPS/fZDBz/src/abstractmps.jl:1246
┌ Warning: log(norm²) is 0.8799218464885772 - 2.9723728670215607e-15im, which is not real up to a relative tolerance of 2.220446049250313e-15 and an absolute tolerance of 2.220446049250313e-15. Taking the real part, which may not be accurate.
└ @ ITensorMPS ~/.julia/packages/ITensorMPS/fZDBz/src/abstractmps.jl:1271
┌ Warning: norm² is 1.1223954603762021e11 - 0.00026671229371443814im, which is not real up to a relative tolerance of 2.220446049250313e-15 and an absolute tolerance of 2.220446049250313e-15. Taking the real part, which may not be accurate.
└ @ ITensorMPS ~/.julia/packages/ITensorMPS/fZDBz/src/abstractmps.jl:1246
┌ Warning: norm² is 1.8247345837363864e11 - 0.0005496308892572379im, which is not real up to a relative tolerance of 2.220446049250313e-15 and an absolute tolerance of 2.220446049250313e-15. Taking the real part, which may not be accurate.
└ @ ITensorMPS ~/.julia/packages/ITensorMPS/fZDBz/src/abstractmps.jl:1246
┌ Warning: norm² is 1.749912897771514e11 - 0.0004188771936670415im, which is not real up to a relative tolerance of 2.220446049250313e-15 and an absolute tolerance of 2.220446049250313e-15. Taking the real part, which may not be accurate.
└ @ ITensorMPS ~/.julia/packages/ITensorMPS/fZDBz/src/abstractmps.jl:1246
┌ Warning: norm² is 1.1212623801753908e11 + 0.0002604483142591625im, which is not real up to a relative tolerance of 2.220446049250313e-15 and an absolute tolerance of 2.220446049250313e-15. Taking the real part, which may not be accurate.
└ @ ITensorMPS ~/.julia/packages/ITensorMPS/fZDBz/src/abstractmps.jl:1246
┌ Warning: norm² is 7.981203756035802e10 + 0.00021853964990928656im, which is not real up to a relative tolerance of 2.220446049250313e-15 and an absolute tolerance of 2.220446049250313e-15. Taking the real part, which may not be accurate.
└ @ ITensorMPS ~/.julia/packages/ITensorMPS/fZDBz/src/abstractmps.jl:1246
┌ Warning: norm² is 8.624134892241307e10 + 0.00024233214101538174im, which is not real up to a relative tolerance of 2.220446049250313e-15 and an absolute tolerance of 2.220446049250313e-15. Taking the real part, which may not be accurate.
└ @ ITensorMPS ~/.julia/packages/ITensorMPS/fZDBz/src/abstractmps.jl:1246
┌ Warning: norm² is 7.996768208306866e10 + 0.00017899975819318337im, which is not real up to a relative tolerance of 2.220446049250313e-15 and an absolute tolerance of 2.220446049250313e-15. Taking the real part, which may not be accurate.
└ @ ITensorMPS ~/.julia/packages/ITensorMPS/fZDBz/src/abstractmps.jl:1246
┌ Warning: norm² is 1.1220519232751979e11 + 0.00030469033893112474im, which is not real up to a relative tolerance of 2.220446049250313e-15 and an absolute tolerance of 2.220446049250313e-15. Taking the real part, which may not be accurate.
└ @ ITensorMPS ~/.julia/packages/ITensorMPS/fZDBz/src/abstractmps.jl:1246
┌ Warning: norm² is 8.630206907598158e10 - 0.0002008256142551979im, which is not real up to a relative tolerance of 2.220446049250313e-15 and an absolute tolerance of 2.220446049250313e-15. Taking the real part, which may not be accurate.
└ @ ITensorMPS ~/.julia/packages/ITensorMPS/fZDBz/src/abstractmps.jl:1246
┌ Warning: log(norm²) is 0.8705081591374969 - 2.338149484889277e-15im, which is not real up to a relative tolerance of 2.220446049250313e-15 and an absolute tolerance of 2.220446049250313e-15. Taking the real part, which may not be accurate.
└ @ ITensorMPS ~/.julia/packages/ITensorMPS/fZDBz/src/abstractmps.jl:1271
┌ Warning: log(norm²) is 0.8807435822455358 + 2.3709546660842088e-15im, which is not real up to a relative tolerance of 2.220446049250313e-15 and an absolute tolerance of 2.220446049250313e-15. Taking the real part, which may not be accurate.
└ @ ITensorMPS ~/.julia/packages/ITensorMPS/fZDBz/src/abstractmps.jl:1271
┌ Warning: norm² is 2.411298290593066 + 6.874280831086534e-15im, which is not real up to a relative tolerance of 2.220446049250313e-15 and an absolute tolerance of 2.220446049250313e-15. Taking the real part, which may not be accurate.
└ @ ITensorMPS ~/.julia/packages/ITensorMPS/fZDBz/src/abstractmps.jl:1246
┌ Warning: log(norm²) is 0.8798529083824549 + 2.2827489183973656e-15im, which is not real up to a relative tolerance of 2.220446049250313e-15 and an absolute tolerance of 2.220446049250313e-15. Taking the real part, which may not be accurate.
└ @ ITensorMPS ~/.julia/packages/ITensorMPS/fZDBz/src/abstractmps.jl:1271
┌ Warning: norm² is 8.623893459467514e10 + 0.00022493624527994082im, which is not real up to a relative tolerance of 2.220446049250313e-15 and an absolute tolerance of 2.220446049250313e-15. Taking the real part, which may not be accurate.
└ @ ITensorMPS ~/.julia/packages/ITensorMPS/fZDBz/src/abstractmps.jl:1246
┌ Warning: norm² is 8.004229151763977e10 - 0.00018959353237966222im, which is not real up to a relative tolerance of 2.220446049250313e-15 and an absolute tolerance of 2.220446049250313e-15. Taking the real part, which may not be accurate.
└ @ ITensorMPS ~/.julia/packages/ITensorMPS/fZDBz/src/abstractmps.jl:1246
┌ Warning: norm² is 1.1211179605721405e11 - 0.0004433578397824363im, which is not real up to a relative tolerance of 2.220446049250313e-15 and an absolute tolerance of 2.220446049250313e-15. Taking the real part, which may not be accurate.
└ @ ITensorMPS ~/.julia/packages/ITensorMPS/fZDBz/src/abstractmps.jl:1246
┌ Warning: norm² is 7.991558334572055e10 + 0.00024071091000164418im, which is not real up to a relative tolerance of 2.220446049250313e-15 and an absolute tolerance of 2.220446049250313e-15. Taking the real part, which may not be accurate.
└ @ ITensorMPS ~/.julia/packages/ITensorMPS/fZDBz/src/abstractmps.jl:1246
┌ Warning: norm² is 2.3860036581000883 - 5.8888264725392286e-15im, which is not real up to a relative tolerance of 2.220446049250313e-15 and an absolute tolerance of 2.220446049250313e-15. Taking the real part, which may not be accurate.
└ @ ITensorMPS ~/.julia/packages/ITensorMPS/fZDBz/src/abstractmps.jl:1246
┌ Warning: norm² is 2.3823565069837453 - 6.7514352987958196e-15im, which is not real up to a relative tolerance of 2.220446049250313e-15 and an absolute tolerance of 2.220446049250313e-15. Taking the real part, which may not be accurate.
└ @ ITensorMPS ~/.julia/packages/ITensorMPS/fZDBz/src/abstractmps.jl:1246
┌ Warning: norm² is 1.1189391562795976e11 - 0.0003168737853769537im, which is not real up to a relative tolerance of 2.220446049250313e-15 and an absolute tolerance of 2.220446049250313e-15. Taking the real part, which may not be accurate.
└ @ ITensorMPS ~/.julia/packages/ITensorMPS/fZDBz/src/abstractmps.jl:1246
┌ Warning: log(norm²) is 0.8667729053828371 - 4.134840890301603e-15im, which is not real up to a relative tolerance of 2.220446049250313e-15 and an absolute tolerance of 2.220446049250313e-15. Taking the real part, which may not be accurate.
└ @ ITensorMPS ~/.julia/packages/ITensorMPS/fZDBz/src/abstractmps.jl:1271
┌ Warning: log(norm²) is 0.879409631073192 + 2.3733747080374487e-15im, which is not real up to a relative tolerance of 2.220446049250313e-15 and an absolute tolerance of 2.220446049250313e-15. Taking the real part, which may not be accurate.
└ @ ITensorMPS ~/.julia/packages/ITensorMPS/fZDBz/src/abstractmps.jl:1271
┌ Warning: norm² is 2.3803636205629086 + 6.921662789641538e-15im, which is not real up to a relative tolerance of 2.220446049250313e-15 and an absolute tolerance of 2.220446049250313e-15. Taking the real part, which may not be accurate.
└ @ ITensorMPS ~/.julia/packages/ITensorMPS/fZDBz/src/abstractmps.jl:1246
┌ Warning: norm² is 8.016748145983257e10 - 0.00017820575333008103im, which is not real up to a relative tolerance of 2.220446049250313e-15 and an absolute tolerance of 2.220446049250313e-15. Taking the real part, which may not be accurate.
└ @ ITensorMPS ~/.julia/packages/ITensorMPS/fZDBz/src/abstractmps.jl:1246
┌ Warning: norm² is 2.386186367234325 - 5.3896673843266776e-15im, which is not real up to a relative tolerance of 2.220446049250313e-15 and an absolute tolerance of 2.220446049250313e-15. Taking the real part, which may not be accurate.
└ @ ITensorMPS ~/.julia/packages/ITensorMPS/fZDBz/src/abstractmps.jl:1246
┌ Warning: log(norm²) is 0.8696473277611735 + 2.3249782413417874e-15im, which is not real up to a relative tolerance of 2.220446049250313e-15 and an absolute tolerance of 2.220446049250313e-15. Taking the real part, which may not be accurate.
└ @ ITensorMPS ~/.julia/packages/ITensorMPS/fZDBz/src/abstractmps.jl:1271
┌ Warning: norm² is 8.619073272301086e10 + 0.00019770970788673774im, which is not real up to a relative tolerance of 2.220446049250313e-15 and an absolute tolerance of 2.220446049250313e-15. Taking the real part, which may not be accurate.
└ @ ITensorMPS ~/.julia/packages/ITensorMPS/fZDBz/src/abstractmps.jl:1246
┌ Warning: norm² is 1.1232158802266504e11 - 0.0004480375819579419im, which is not real up to a relative tolerance of 2.220446049250313e-15 and an absolute tolerance of 2.220446049250313e-15. Taking the real part, which may not be accurate.
└ @ ITensorMPS ~/.julia/packages/ITensorMPS/fZDBz/src/abstractmps.jl:1246
┌ Warning: norm² is 8.018548252566312e10 - 0.00022829313271646666im, which is not real up to a relative tolerance of 2.220446049250313e-15 and an absolute tolerance of 2.220446049250313e-15. Taking the real part, which may not be accurate.
└ @ ITensorMPS ~/.julia/packages/ITensorMPS/fZDBz/src/abstractmps.jl:1246
┌ Warning: log(norm²) is 0.8692178501434797 + 2.3106359494444435e-15im, which is not real up to a relative tolerance of 2.220446049250313e-15 and an absolute tolerance of 2.220446049250313e-15. Taking the real part, which may not be accurate.
└ @ ITensorMPS ~/.julia/packages/ITensorMPS/fZDBz/src/abstractmps.jl:1271
┌ Warning: log(norm²) is 0.8678950634356591 - 2.6441509591346275e-15im, which is not real up to a relative tolerance of 2.220446049250313e-15 and an absolute tolerance of 2.220446049250313e-15. Taking the real part, which may not be accurate.
└ @ ITensorMPS ~/.julia/packages/ITensorMPS/fZDBz/src/abstractmps.jl:1271
┌ Warning: norm² is 1.638113153761302e11 - 0.00045986875599663774im, which is not real up to a relative tolerance of 2.220446049250313e-15 and an absolute tolerance of 2.220446049250313e-15. Taking the real part, which may not be accurate.
└ @ ITensorMPS ~/.julia/packages/ITensorMPS/fZDBz/src/abstractmps.jl:1246
┌ Warning: norm² is 8.024684839939394e10 - 0.00018670076014670766im, which is not real up to a relative tolerance of 2.220446049250313e-15 and an absolute tolerance of 2.220446049250313e-15. Taking the real part, which may not be accurate.
└ @ ITensorMPS ~/.julia/packages/ITensorMPS/fZDBz/src/abstractmps.jl:1246
┌ Warning: norm² is 2.381673745372409 - 6.1870020158309555e-15im, which is not real up to a relative tolerance of 2.220446049250313e-15 and an absolute tolerance of 2.220446049250313e-15. Taking the real part, which may not be accurate.
└ @ ITensorMPS ~/.julia/packages/ITensorMPS/fZDBz/src/abstractmps.jl:1246
┌ Warning: norm² is 8.620952882912163e10 + 0.00025835034549918164im, which is not real up to a relative tolerance of 2.220446049250313e-15 and an absolute tolerance of 2.220446049250313e-15. Taking the real part, which may not be accurate.
└ @ ITensorMPS ~/.julia/packages/ITensorMPS/fZDBz/src/abstractmps.jl:1246
┌ Warning: norm² is 1.1227212024916074e11 - 0.0003323417877732789im, which is not real up to a relative tolerance of 2.220446049250313e-15 and an absolute tolerance of 2.220446049250313e-15. Taking the real part, which may not be accurate.
└ @ ITensorMPS ~/.julia/packages/ITensorMPS/fZDBz/src/abstractmps.jl:1246
┌ Warning: norm² is 2.383528031849035 - 7.16555493921228e-15im, which is not real up to a relative tolerance of 2.220446049250313e-15 and an absolute tolerance of 2.220446049250313e-15. Taking the real part, which may not be accurate.
└ @ ITensorMPS ~/.julia/packages/ITensorMPS/fZDBz/src/abstractmps.jl:1246
┌ Warning: norm² is 2.411716060582229 + 6.1268174057229335e-15im, which is not real up to a relative tolerance of 2.220446049250313e-15 and an absolute tolerance of 2.220446049250313e-15. Taking the real part, which may not be accurate.
└ @ ITensorMPS ~/.julia/packages/ITensorMPS/fZDBz/src/abstractmps.jl:1246
┌ Warning: norm² is 2.3853576919454342 - 5.395034058418046e-15im, which is not real up to a relative tolerance of 2.220446049250313e-15 and an absolute tolerance of 2.220446049250313e-15. Taking the real part, which may not be accurate.
└ @ ITensorMPS ~/.julia/packages/ITensorMPS/fZDBz/src/abstractmps.jl:1246
┌ Warning: log(norm²) is 0.8796307398793799 + 2.4504269149773917e-15im, which is not real up to a relative tolerance of 2.220446049250313e-15 and an absolute tolerance of 2.220446049250313e-15. Taking the real part, which may not be accurate.
└ @ ITensorMPS ~/.julia/packages/ITensorMPS/fZDBz/src/abstractmps.jl:1271
┌ Warning: log(norm²) is 0.8682570971628126 - 2.8245209665976956e-15im, which is not real up to a relative tolerance of 2.220446049250313e-15 and an absolute tolerance of 2.220446049250313e-15. Taking the real part, which may not be accurate.
└ @ ITensorMPS ~/.julia/packages/ITensorMPS/fZDBz/src/abstractmps.jl:1271
┌ Warning: log(norm²) is 0.8692212683147974 + 2.821846279164236e-15im, which is not real up to a relative tolerance of 2.220446049250313e-15 and an absolute tolerance of 2.220446049250313e-15. Taking the real part, which may not be accurate.
└ @ ITensorMPS ~/.julia/packages/ITensorMPS/fZDBz/src/abstractmps.jl:1271
┌ Warning: norm² is 7.986869684887944e10 - 0.00023425762166524438im, which is not real up to a relative tolerance of 2.220446049250313e-15 and an absolute tolerance of 2.220446049250313e-15. Taking the real part, which may not be accurate.
└ @ ITensorMPS ~/.julia/packages/ITensorMPS/fZDBz/src/abstractmps.jl:1246
┌ Warning: norm² is 9.651748526115846e10 + 0.00025201412410120284im, which is not real up to a relative tolerance of 2.220446049250313e-15 and an absolute tolerance of 2.220446049250313e-15. Taking the real part, which may not be accurate.
└ @ ITensorMPS ~/.julia/packages/ITensorMPS/fZDBz/src/abstractmps.jl:1246
┌ Warning: norm² is 7.989306185528523e10 - 0.00023001224772184576im, which is not real up to a relative tolerance of 2.220446049250313e-15 and an absolute tolerance of 2.220446049250313e-15. Taking the real part, which may not be accurate.
└ @ ITensorMPS ~/.julia/packages/ITensorMPS/fZDBz/src/abstractmps.jl:1246
┌ Warning: norm² is 7.989269172681104e10 - 0.00020904017683757238im, which is not real up to a relative tolerance of 2.220446049250313e-15 and an absolute tolerance of 2.220446049250313e-15. Taking the real part, which may not be accurate.
└ @ ITensorMPS ~/.julia/packages/ITensorMPS/fZDBz/src/abstractmps.jl:1246
┌ Warning: norm² is 1.1230810840555258e11 - 0.00028035079180928465im, which is not real up to a relative tolerance of 2.220446049250313e-15 and an absolute tolerance of 2.220446049250313e-15. Taking the real part, which may not be accurate.
└ @ ITensorMPS ~/.julia/packages/ITensorMPS/fZDBz/src/abstractmps.jl:1246
┌ Warning: log(norm²) is 0.8578845919906288 + 2.2297251411283134e-15im, which is not real up to a relative tolerance of 2.220446049250313e-15 and an absolute tolerance of 2.220446049250313e-15. Taking the real part, which may not be accurate.
└ @ ITensorMPS ~/.julia/packages/ITensorMPS/fZDBz/src/abstractmps.jl:1271
┌ Warning: norm² is 2.3842276114190213 - 7.0872730019482245e-15im, which is not real up to a relative tolerance of 2.220446049250313e-15 and an absolute tolerance of 2.220446049250313e-15. Taking the real part, which may not be accurate.
└ @ ITensorMPS ~/.julia/packages/ITensorMPS/fZDBz/src/abstractmps.jl:1246
┌ Warning: log(norm²) is 0.8809145308558014 + 2.2683276504935622e-15im, which is not real up to a relative tolerance of 2.220446049250313e-15 and an absolute tolerance of 2.220446049250313e-15. Taking the real part, which may not be accurate.
└ @ ITensorMPS ~/.julia/packages/ITensorMPS/fZDBz/src/abstractmps.jl:1271
┌ Warning: norm² is 8.023032447856142e10 + 0.00018812855571013774im, which is not real up to a relative tolerance of 2.220446049250313e-15 and an absolute tolerance of 2.220446049250313e-15. Taking the real part, which may not be accurate.
└ @ ITensorMPS ~/.julia/packages/ITensorMPS/fZDBz/src/abstractmps.jl:1246
┌ Warning: norm² is 1.1277272529457822e11 + 0.0002811261292775143im, which is not real up to a relative tolerance of 2.220446049250313e-15 and an absolute tolerance of 2.220446049250313e-15. Taking the real part, which may not be accurate.
└ @ ITensorMPS ~/.julia/packages/ITensorMPS/fZDBz/src/abstractmps.jl:1246
┌ Warning: norm² is 1.1299277664649303e11 - 0.0002581365277336821im, which is not real up to a relative tolerance of 2.220446049250313e-15 and an absolute tolerance of 2.220446049250313e-15. Taking the real part, which may not be accurate.
└ @ ITensorMPS ~/.julia/packages/ITensorMPS/fZDBz/src/abstractmps.jl:1246
┌ Warning: log(norm²) is 0.8665647167063273 - 2.3212033753841738e-15im, which is not real up to a relative tolerance of 2.220446049250313e-15 and an absolute tolerance of 2.220446049250313e-15. Taking the real part, which may not be accurate.
└ @ ITensorMPS ~/.julia/packages/ITensorMPS/fZDBz/src/abstractmps.jl:1271
┌ Warning: norm² is 8.614666325017151e10 + 0.00021048398908805058im, which is not real up to a relative tolerance of 2.220446049250313e-15 and an absolute tolerance of 2.220446049250313e-15. Taking the real part, which may not be accurate.
└ @ ITensorMPS ~/.julia/packages/ITensorMPS/fZDBz/src/abstractmps.jl:1246
┌ Warning: log(norm²) is 0.8676721270589034 - 2.676038316995841e-15im, which is not real up to a relative tolerance of 2.220446049250313e-15 and an absolute tolerance of 2.220446049250313e-15. Taking the real part, which may not be accurate.
└ @ ITensorMPS ~/.julia/packages/ITensorMPS/fZDBz/src/abstractmps.jl:1271
┌ Warning: log(norm²) is 0.8686327751572593 - 2.458097159986349e-15im, which is not real up to a relative tolerance of 2.220446049250313e-15 and an absolute tolerance of 2.220446049250313e-15. Taking the real part, which may not be accurate.
└ @ ITensorMPS ~/.julia/packages/ITensorMPS/fZDBz/src/abstractmps.jl:1271
┌ Warning: log(norm²) is 0.8802066915917668 - 3.092858689215587e-15im, which is not real up to a relative tolerance of 2.220446049250313e-15 and an absolute tolerance of 2.220446049250313e-15. Taking the real part, which may not be accurate.
└ @ ITensorMPS ~/.julia/packages/ITensorMPS/fZDBz/src/abstractmps.jl:1271
┌ Warning: norm² is 8.011015379223059e10 - 0.00022241385785391434im, which is not real up to a relative tolerance of 2.220446049250313e-15 and an absolute tolerance of 2.220446049250313e-15. Taking the real part, which may not be accurate.
└ @ ITensorMPS ~/.julia/packages/ITensorMPS/fZDBz/src/abstractmps.jl:1246
┌ Warning: norm² is 1.1237720211295868e11 - 0.0002511921671834213im, which is not real up to a relative tolerance of 2.220446049250313e-15 and an absolute tolerance of 2.220446049250313e-15. Taking the real part, which may not be accurate.
└ @ ITensorMPS ~/.julia/packages/ITensorMPS/fZDBz/src/abstractmps.jl:1246
┌ Warning: norm² is 1.124295554185425e11 - 0.0003167220609284223im, which is not real up to a relative tolerance of 2.220446049250313e-15 and an absolute tolerance of 2.220446049250313e-15. Taking the real part, which may not be accurate.
└ @ ITensorMPS ~/.julia/packages/ITensorMPS/fZDBz/src/abstractmps.jl:1246
┌ Warning: norm² is 1.3359364971025314e11 + 0.00033183008019822466im, which is not real up to a relative tolerance of 2.220446049250313e-15 and an absolute tolerance of 2.220446049250313e-15. Taking the real part, which may not be accurate.
└ @ ITensorMPS ~/.julia/packages/ITensorMPS/fZDBz/src/abstractmps.jl:1246
┌ Warning: norm² is 8.62415024046876e10 - 0.00019800456634270873im, which is not real up to a relative tolerance of 2.220446049250313e-15 and an absolute tolerance of 2.220446049250313e-15. Taking the real part, which may not be accurate.
└ @ ITensorMPS ~/.julia/packages/ITensorMPS/fZDBz/src/abstractmps.jl:1246
┌ Warning: norm² is 2.4106838616237227 - 7.045706233446493e-15im, which is not real up to a relative tolerance of 2.220446049250313e-15 and an absolute tolerance of 2.220446049250313e-15. Taking the real part, which may not be accurate.
└ @ ITensorMPS ~/.julia/packages/ITensorMPS/fZDBz/src/abstractmps.jl:1246
┌ Warning: norm² is 7.997544237168112e10 + 0.00022969668740071433im, which is not real up to a relative tolerance of 2.220446049250313e-15 and an absolute tolerance of 2.220446049250313e-15. Taking the real part, which may not be accurate.
└ @ ITensorMPS ~/.julia/packages/ITensorMPS/fZDBz/src/abstractmps.jl:1246
┌ Warning: norm² is 1.437712485111651e11 - 0.0003895107337133587im, which is not real up to a relative tolerance of 2.220446049250313e-15 and an absolute tolerance of 2.220446049250313e-15. Taking the real part, which may not be accurate.
└ @ ITensorMPS ~/.julia/packages/ITensorMPS/fZDBz/src/abstractmps.jl:1246
┌ Warning: log(norm²) is 0.8573133482680964 - 2.8435783708249464e-15im, which is not real up to a relative tolerance of 2.220446049250313e-15 and an absolute tolerance of 2.220446049250313e-15. Taking the real part, which may not be accurate.
└ @ ITensorMPS ~/.julia/packages/ITensorMPS/fZDBz/src/abstractmps.jl:1271
┌ Warning: norm² is 8.618230618997295e10 - 0.00020519453771649258im, which is not real up to a relative tolerance of 2.220446049250313e-15 and an absolute tolerance of 2.220446049250313e-15. Taking the real part, which may not be accurate.
└ @ ITensorMPS ~/.julia/packages/ITensorMPS/fZDBz/src/abstractmps.jl:1246
┌ Warning: norm² is 2.380140000375007 - 5.512045381836116e-15im, which is not real up to a relative tolerance of 2.220446049250313e-15 and an absolute tolerance of 2.220446049250313e-15. Taking the real part, which may not be accurate.
└ @ ITensorMPS ~/.julia/packages/ITensorMPS/fZDBz/src/abstractmps.jl:1246
┌ Warning: log(norm²) is 0.8671593096403135 + 2.3161078541270328e-15im, which is not real up to a relative tolerance of 2.220446049250313e-15 and an absolute tolerance of 2.220446049250313e-15. Taking the real part, which may not be accurate.
└ @ ITensorMPS ~/.julia/packages/ITensorMPS/fZDBz/src/abstractmps.jl:1271
┌ Warning: norm² is 1.1230772668052084e11 - 0.0003240987529836272im, which is not real up to a relative tolerance of 2.220446049250313e-15 and an absolute tolerance of 2.220446049250313e-15. Taking the real part, which may not be accurate.
└ @ ITensorMPS ~/.julia/packages/ITensorMPS/fZDBz/src/abstractmps.jl:1246
┌ Warning: log(norm²) is 0.880329919499466 - 2.371394597335552e-15im, which is not real up to a relative tolerance of 2.220446049250313e-15 and an absolute tolerance of 2.220446049250313e-15. Taking the real part, which may not be accurate.
└ @ ITensorMPS ~/.julia/packages/ITensorMPS/fZDBz/src/abstractmps.jl:1271
┌ Warning: norm² is 8.007471949118703e10 + 0.00017863971585404677im, which is not real up to a relative tolerance of 2.220446049250313e-15 and an absolute tolerance of 2.220446049250313e-15. Taking the real part, which may not be accurate.
└ @ ITensorMPS ~/.julia/packages/ITensorMPS/fZDBz/src/abstractmps.jl:1246
┌ Warning: norm² is 1.1304118263071509e11 - 0.0002603561748557991im, which is not real up to a relative tolerance of 2.220446049250313e-15 and an absolute tolerance of 2.220446049250313e-15. Taking the real part, which may not be accurate.
└ @ ITensorMPS ~/.julia/packages/ITensorMPS/fZDBz/src/abstractmps.jl:1246
┌ Warning: log(norm²) is 0.8665389653088098 - 2.7720891698143355e-15im, which is not real up to a relative tolerance of 2.220446049250313e-15 and an absolute tolerance of 2.220446049250313e-15. Taking the real part, which may not be accurate.
└ @ ITensorMPS ~/.julia/packages/ITensorMPS/fZDBz/src/abstractmps.jl:1271
┌ Warning: norm² is 1.1253838547980968e11 + 0.0003265659252014236im, which is not real up to a relative tolerance of 2.220446049250313e-15 and an absolute tolerance of 2.220446049250313e-15. Taking the real part, which may not be accurate.
└ @ ITensorMPS ~/.julia/packages/ITensorMPS/fZDBz/src/abstractmps.jl:1246
┌ Warning: norm² is 8.611919128376523e10 + 0.00023216852129421867im, which is not real up to a relative tolerance of 2.220446049250313e-15 and an absolute tolerance of 2.220446049250313e-15. Taking the real part, which may not be accurate.
└ @ ITensorMPS ~/.julia/packages/ITensorMPS/fZDBz/src/abstractmps.jl:1246
┌ Warning: norm² is 2.3834496619257197 - 5.327650698329254e-15im, which is not real up to a relative tolerance of 2.220446049250313e-15 and an absolute tolerance of 2.220446049250313e-15. Taking the real part, which may not be accurate.
└ @ ITensorMPS ~/.julia/packages/ITensorMPS/fZDBz/src/abstractmps.jl:1246
┌ Warning: norm² is 1.1789708821753194e11 + 0.0003579366240716824im, which is not real up to a relative tolerance of 2.220446049250313e-15 and an absolute tolerance of 2.220446049250313e-15. Taking the real part, which may not be accurate.
└ @ ITensorMPS ~/.julia/packages/ITensorMPS/fZDBz/src/abstractmps.jl:1246
┌ Warning: norm² is 2.377020022216064 + 5.584475818604895e-15im, which is not real up to a relative tolerance of 2.220446049250313e-15 and an absolute tolerance of 2.220446049250313e-15. Taking the real part, which may not be accurate.
└ @ ITensorMPS ~/.julia/packages/ITensorMPS/fZDBz/src/abstractmps.jl:1246
┌ Warning: norm² is 1.122475832425862e11 - 0.00026229141656136304im, which is not real up to a relative tolerance of 2.220446049250313e-15 and an absolute tolerance of 2.220446049250313e-15. Taking the real part, which may not be accurate.
└ @ ITensorMPS ~/.julia/packages/ITensorMPS/fZDBz/src/abstractmps.jl:1246
┌ Warning: norm² is 2.3832333085309303 - 8.698404590885558e-15im, which is not real up to a relative tolerance of 2.220446049250313e-15 and an absolute tolerance of 2.220446049250313e-15. Taking the real part, which may not be accurate.
└ @ ITensorMPS ~/.julia/packages/ITensorMPS/fZDBz/src/abstractmps.jl:1246
┌ Warning: norm² is 1.1271955531415341e11 + 0.0003506127940551241im, which is not real up to a relative tolerance of 2.220446049250313e-15 and an absolute tolerance of 2.220446049250313e-15. Taking the real part, which may not be accurate.
└ @ ITensorMPS ~/.julia/packages/ITensorMPS/fZDBz/src/abstractmps.jl:1246
┌ Warning: norm² is 2.353188921265869 + 5.80329484958185e-15im, which is not real up to a relative tolerance of 2.220446049250313e-15 and an absolute tolerance of 2.220446049250313e-15. Taking the real part, which may not be accurate.
└ @ ITensorMPS ~/.julia/packages/ITensorMPS/fZDBz/src/abstractmps.jl:1246
┌ Warning: norm² is 2.386615860472676 + 5.5881680452204415e-15im, which is not real up to a relative tolerance of 2.220446049250313e-15 and an absolute tolerance of 2.220446049250313e-15. Taking the real part, which may not be accurate.
└ @ ITensorMPS ~/.julia/packages/ITensorMPS/fZDBz/src/abstractmps.jl:1246
┌ Warning: norm² is 1.032051791728318e11 + 0.00023570361402821752im, which is not real up to a relative tolerance of 2.220446049250313e-15 and an absolute tolerance of 2.220446049250313e-15. Taking the real part, which may not be accurate.
└ @ ITensorMPS ~/.julia/packages/ITensorMPS/fZDBz/src/abstractmps.jl:1246
┌ Warning: norm² is 1.1250385896775648e11 + 0.00028881233041811463im, which is not real up to a relative tolerance of 2.220446049250313e-15 and an absolute tolerance of 2.220446049250313e-15. Taking the real part, which may not be accurate.
└ @ ITensorMPS ~/.julia/packages/ITensorMPS/fZDBz/src/abstractmps.jl:1246
┌ Warning: log(norm²) is 0.8799571047223596 + 2.2216748319122643e-15im, which is not real up to a relative tolerance of 2.220446049250313e-15 and an absolute tolerance of 2.220446049250313e-15. Taking the real part, which may not be accurate.
└ @ ITensorMPS ~/.julia/packages/ITensorMPS/fZDBz/src/abstractmps.jl:1271
┌ Warning: log(norm²) is 0.8678916464132986 - 2.653552617792474e-15im, which is not real up to a relative tolerance of 2.220446049250313e-15 and an absolute tolerance of 2.220446049250313e-15. Taking the real part, which may not be accurate.
└ @ ITensorMPS ~/.julia/packages/ITensorMPS/fZDBz/src/abstractmps.jl:1271
┌ Warning: norm² is 2.4074461364403206 - 7.659001115656032e-15im, which is not real up to a relative tolerance of 2.220446049250313e-15 and an absolute tolerance of 2.220446049250313e-15. Taking the real part, which may not be accurate.
└ @ ITensorMPS ~/.julia/packages/ITensorMPS/fZDBz/src/abstractmps.jl:1246
┌ Warning: norm² is 8.616882954167426e10 + 0.00022773204667894057im, which is not real up to a relative tolerance of 2.220446049250313e-15 and an absolute tolerance of 2.220446049250313e-15. Taking the real part, which may not be accurate.
└ @ ITensorMPS ~/.julia/packages/ITensorMPS/fZDBz/src/abstractmps.jl:1246
┌ Warning: norm² is 1.5635297516491324e11 + 0.00043197884797508513im, which is not real up to a relative tolerance of 2.220446049250313e-15 and an absolute tolerance of 2.220446049250313e-15. Taking the real part, which may not be accurate.
└ @ ITensorMPS ~/.julia/packages/ITensorMPS/fZDBz/src/abstractmps.jl:1246
┌ Warning: norm² is 8.610129776007289e10 + 0.00026440294715206203im, which is not real up to a relative tolerance of 2.220446049250313e-15 and an absolute tolerance of 2.220446049250313e-15. Taking the real part, which may not be accurate.
└ @ ITensorMPS ~/.julia/packages/ITensorMPS/fZDBz/src/abstractmps.jl:1246
┌ Warning: log(norm²) is 0.8796341366953032 + 2.344025297050503e-15im, which is not real up to a relative tolerance of 2.220446049250313e-15 and an absolute tolerance of 2.220446049250313e-15. Taking the real part, which may not be accurate.
└ @ ITensorMPS ~/.julia/packages/ITensorMPS/fZDBz/src/abstractmps.jl:1271
┌ Warning: log(norm²) is 0.8792192106673249 - 2.3674507042159402e-15im, which is not real up to a relative tolerance of 2.220446049250313e-15 and an absolute tolerance of 2.220446049250313e-15. Taking the real part, which may not be accurate.
└ @ ITensorMPS ~/.julia/packages/ITensorMPS/fZDBz/src/abstractmps.jl:1271
┌ Warning: norm² is 7.994913412475494e10 + 0.00021027421490108845im, which is not real up to a relative tolerance of 2.220446049250313e-15 and an absolute tolerance of 2.220446049250313e-15. Taking the real part, which may not be accurate.
└ @ ITensorMPS ~/.julia/packages/ITensorMPS/fZDBz/src/abstractmps.jl:1246
┌ Warning: norm² is 8.004632950006683e10 - 0.00020355312266758042im, which is not real up to a relative tolerance of 2.220446049250313e-15 and an absolute tolerance of 2.220446049250313e-15. Taking the real part, which may not be accurate.
└ @ ITensorMPS ~/.julia/packages/ITensorMPS/fZDBz/src/abstractmps.jl:1246
┌ Warning: norm² is 2.3821839149246133 + 5.607582484689072e-15im, which is not real up to a relative tolerance of 2.220446049250313e-15 and an absolute tolerance of 2.220446049250313e-15. Taking the real part, which may not be accurate.
└ @ ITensorMPS ~/.julia/packages/ITensorMPS/fZDBz/src/abstractmps.jl:1246
┌ Warning: norm² is 8.003489005626353e10 - 0.00020765388816584485im, which is not real up to a relative tolerance of 2.220446049250313e-15 and an absolute tolerance of 2.220446049250313e-15. Taking the real part, which may not be accurate.
└ @ ITensorMPS ~/.julia/packages/ITensorMPS/fZDBz/src/abstractmps.jl:1246
┌ Warning: log(norm²) is 0.8567171845034465 - 2.8368369198565318e-15im, which is not real up to a relative tolerance of 2.220446049250313e-15 and an absolute tolerance of 2.220446049250313e-15. Taking the real part, which may not be accurate.
└ @ ITensorMPS ~/.julia/packages/ITensorMPS/fZDBz/src/abstractmps.jl:1271
┌ Warning: log(norm²) is 0.8651272341979717 + 3.649820945359983e-15im, which is not real up to a relative tolerance of 2.220446049250313e-15 and an absolute tolerance of 2.220446049250313e-15. Taking the real part, which may not be accurate.
└ @ ITensorMPS ~/.julia/packages/ITensorMPS/fZDBz/src/abstractmps.jl:1271
┌ Warning: norm² is 2.386600980747085 + 6.27909310507008e-15im, which is not real up to a relative tolerance of 2.220446049250313e-15 and an absolute tolerance of 2.220446049250313e-15. Taking the real part, which may not be accurate.
└ @ ITensorMPS ~/.julia/packages/ITensorMPS/fZDBz/src/abstractmps.jl:1246
┌ Warning: log(norm²) is 0.8801334522852683 - 2.259657254857331e-15im, which is not real up to a relative tolerance of 2.220446049250313e-15 and an absolute tolerance of 2.220446049250313e-15. Taking the real part, which may not be accurate.
└ @ ITensorMPS ~/.julia/packages/ITensorMPS/fZDBz/src/abstractmps.jl:1271
┌ Warning: log(norm²) is 0.8803210553278189 - 2.5571614124710785e-15im, which is not real up to a relative tolerance of 2.220446049250313e-15 and an absolute tolerance of 2.220446049250313e-15. Taking the real part, which may not be accurate.
└ @ ITensorMPS ~/.julia/packages/ITensorMPS/fZDBz/src/abstractmps.jl:1271
┌ Warning: norm² is 1.128573132193739e11 - 0.00025964701846410964im, which is not real up to a relative tolerance of 2.220446049250313e-15 and an absolute tolerance of 2.220446049250313e-15. Taking the real part, which may not be accurate.
└ @ ITensorMPS ~/.julia/packages/ITensorMPS/fZDBz/src/abstractmps.jl:1246
┌ Warning: norm² is 7.988558215482678e10 - 0.00018496432886482385im, which is not real up to a relative tolerance of 2.220446049250313e-15 and an absolute tolerance of 2.220446049250313e-15. Taking the real part, which may not be accurate.
└ @ ITensorMPS ~/.julia/packages/ITensorMPS/fZDBz/src/abstractmps.jl:1246
┌ Warning: norm² is 8.620813407885161e10 - 0.0002469204999781507im, which is not real up to a relative tolerance of 2.220446049250313e-15 and an absolute tolerance of 2.220446049250313e-15. Taking the real part, which may not be accurate.
└ @ ITensorMPS ~/.julia/packages/ITensorMPS/fZDBz/src/abstractmps.jl:1246
┌ Warning: norm² is 1.1282855992848514e11 + 0.0002937220128761621im, which is not real up to a relative tolerance of 2.220446049250313e-15 and an absolute tolerance of 2.220446049250313e-15. Taking the real part, which may not be accurate.
└ @ ITensorMPS ~/.julia/packages/ITensorMPS/fZDBz/src/abstractmps.jl:1246
┌ Warning: norm² is 1.0591383394185194e11 - 0.00040975065909024566im, which is not real up to a relative tolerance of 2.220446049250313e-15 and an absolute tolerance of 2.220446049250313e-15. Taking the real part, which may not be accurate.
└ @ ITensorMPS ~/.julia/packages/ITensorMPS/fZDBz/src/abstractmps.jl:1246
┌ Warning: norm² is 1.1269480746153188e11 + 0.0003420426681449439im, which is not real up to a relative tolerance of 2.220446049250313e-15 and an absolute tolerance of 2.220446049250313e-15. Taking the real part, which may not be accurate.
└ @ ITensorMPS ~/.julia/packages/ITensorMPS/fZDBz/src/abstractmps.jl:1246
┌ Warning: log(norm²) is 0.8810838694065831 + 2.9252316758341105e-15im, which is not real up to a relative tolerance of 2.220446049250313e-15 and an absolute tolerance of 2.220446049250313e-15. Taking the real part, which may not be accurate.
└ @ ITensorMPS ~/.julia/packages/ITensorMPS/fZDBz/src/abstractmps.jl:1271
┌ Warning: norm² is 8.615671648733368e10 - 0.0002035533196372643im, which is not real up to a relative tolerance of 2.220446049250313e-15 and an absolute tolerance of 2.220446049250313e-15. Taking the real part, which may not be accurate.
└ @ ITensorMPS ~/.julia/packages/ITensorMPS/fZDBz/src/abstractmps.jl:1246
┌ Warning: log(norm²) is 0.8696687894346389 + 2.3565410661270385e-15im, which is not real up to a relative tolerance of 2.220446049250313e-15 and an absolute tolerance of 2.220446049250313e-15. Taking the real part, which may not be accurate.
└ @ ITensorMPS ~/.julia/packages/ITensorMPS/fZDBz/src/abstractmps.jl:1271
┌ Warning: log(norm²) is 0.866271308519491 + 2.3929282501785377e-15im, which is not real up to a relative tolerance of 2.220446049250313e-15 and an absolute tolerance of 2.220446049250313e-15. Taking the real part, which may not be accurate.
└ @ ITensorMPS ~/.julia/packages/ITensorMPS/fZDBz/src/abstractmps.jl:1271
┌ Warning: norm² is 1.420687329153891e11 - 0.0003586079151688789im, which is not real up to a relative tolerance of 2.220446049250313e-15 and an absolute tolerance of 2.220446049250313e-15. Taking the real part, which may not be accurate.
└ @ ITensorMPS ~/.julia/packages/ITensorMPS/fZDBz/src/abstractmps.jl:1246
┌ Warning: norm² is 8.616449107877795e10 - 0.00023545482229081838im, which is not real up to a relative tolerance of 2.220446049250313e-15 and an absolute tolerance of 2.220446049250313e-15. Taking the real part, which may not be accurate.
└ @ ITensorMPS ~/.julia/packages/ITensorMPS/fZDBz/src/abstractmps.jl:1246
┌ Warning: log(norm²) is 0.8683268143214837 + 3.2432646008136395e-15im, which is not real up to a relative tolerance of 2.220446049250313e-15 and an absolute tolerance of 2.220446049250313e-15. Taking the real part, which may not be accurate.
└ @ ITensorMPS ~/.julia/packages/ITensorMPS/fZDBz/src/abstractmps.jl:1271
┌ Warning: norm² is 8.616656704167406e10 - 0.0002249897484379773im, which is not real up to a relative tolerance of 2.220446049250313e-15 and an absolute tolerance of 2.220446049250313e-15. Taking the real part, which may not be accurate.
└ @ ITensorMPS ~/.julia/packages/ITensorMPS/fZDBz/src/abstractmps.jl:1246
┌ Warning: log(norm²) is 0.880192570794924 - 2.2967860716269285e-15im, which is not real up to a relative tolerance of 2.220446049250313e-15 and an absolute tolerance of 2.220446049250313e-15. Taking the real part, which may not be accurate.
└ @ ITensorMPS ~/.julia/packages/ITensorMPS/fZDBz/src/abstractmps.jl:1271
┌ Warning: norm² is 1.128809635205029e11 - 0.0003232260208083036im, which is not real up to a relative tolerance of 2.220446049250313e-15 and an absolute tolerance of 2.220446049250313e-15. Taking the real part, which may not be accurate.
└ @ ITensorMPS ~/.julia/packages/ITensorMPS/fZDBz/src/abstractmps.jl:1246
┌ Warning: norm² is 8.617318810388475e10 + 0.00023442825186903514im, which is not real up to a relative tolerance of 2.220446049250313e-15 and an absolute tolerance of 2.220446049250313e-15. Taking the real part, which may not be accurate.
└ @ ITensorMPS ~/.julia/packages/ITensorMPS/fZDBz/src/abstractmps.jl:1246
┌ Warning: norm² is 2.3802058408109787 + 5.5777564988381625e-15im, which is not real up to a relative tolerance of 2.220446049250313e-15 and an absolute tolerance of 2.220446049250313e-15. Taking the real part, which may not be accurate.
└ @ ITensorMPS ~/.julia/packages/ITensorMPS/fZDBz/src/abstractmps.jl:1246
┌ Warning: norm² is 7.99533326606873e10 - 0.0002238768214492976im, which is not real up to a relative tolerance of 2.220446049250313e-15 and an absolute tolerance of 2.220446049250313e-15. Taking the real part, which may not be accurate.
└ @ ITensorMPS ~/.julia/packages/ITensorMPS/fZDBz/src/abstractmps.jl:1246
┌ Warning: log(norm²) is 0.8569642384523845 + 2.9052042285407213e-15im, which is not real up to a relative tolerance of 2.220446049250313e-15 and an absolute tolerance of 2.220446049250313e-15. Taking the real part, which may not be accurate.
└ @ ITensorMPS ~/.julia/packages/ITensorMPS/fZDBz/src/abstractmps.jl:1271
┌ Warning: norm² is 2.409146757381066 + 6.47213471170279e-15im, which is not real up to a relative tolerance of 2.220446049250313e-15 and an absolute tolerance of 2.220446049250313e-15. Taking the real part, which may not be accurate.
└ @ ITensorMPS ~/.julia/packages/ITensorMPS/fZDBz/src/abstractmps.jl:1246
┌ Warning: norm² is 2.383904504920171 + 5.61000394151922e-15im, which is not real up to a relative tolerance of 2.220446049250313e-15 and an absolute tolerance of 2.220446049250313e-15. Taking the real part, which may not be accurate.
└ @ ITensorMPS ~/.julia/packages/ITensorMPS/fZDBz/src/abstractmps.jl:1246
┌ Warning: log(norm²) is 0.8682452574814119 - 2.413968398412141e-15im, which is not real up to a relative tolerance of 2.220446049250313e-15 and an absolute tolerance of 2.220446049250313e-15. Taking the real part, which may not be accurate.
└ @ ITensorMPS ~/.julia/packages/ITensorMPS/fZDBz/src/abstractmps.jl:1271
┌ Warning: norm² is 1.1082395641594092e11 - 0.00027066188441642866im, which is not real up to a relative tolerance of 2.220446049250313e-15 and an absolute tolerance of 2.220446049250313e-15. Taking the real part, which may not be accurate.
└ @ ITensorMPS ~/.julia/packages/ITensorMPS/fZDBz/src/abstractmps.jl:1246
┌ Warning: norm² is 2.410271202542554 + 6.553939374241481e-15im, which is not real up to a relative tolerance of 2.220446049250313e-15 and an absolute tolerance of 2.220446049250313e-15. Taking the real part, which may not be accurate.
└ @ ITensorMPS ~/.julia/packages/ITensorMPS/fZDBz/src/abstractmps.jl:1246
┌ Warning: norm² is 1.1309724883418356e11 + 0.0003083820677026944im, which is not real up to a relative tolerance of 2.220446049250313e-15 and an absolute tolerance of 2.220446049250313e-15. Taking the real part, which may not be accurate.
└ @ ITensorMPS ~/.julia/packages/ITensorMPS/fZDBz/src/abstractmps.jl:1246
┌ Warning: norm² is 1.378656271383404e11 - 0.0003803709266472353im, which is not real up to a relative tolerance of 2.220446049250313e-15 and an absolute tolerance of 2.220446049250313e-15. Taking the real part, which may not be accurate.
└ @ ITensorMPS ~/.julia/packages/ITensorMPS/fZDBz/src/abstractmps.jl:1246
┌ Warning: norm² is 8.620158560826547e10 - 0.0001987764732981028im, which is not real up to a relative tolerance of 2.220446049250313e-15 and an absolute tolerance of 2.220446049250313e-15. Taking the real part, which may not be accurate.
└ @ ITensorMPS ~/.julia/packages/ITensorMPS/fZDBz/src/abstractmps.jl:1246
┌ Warning: log(norm²) is 0.8674520867787525 - 2.2756397460419382e-15im, which is not real up to a relative tolerance of 2.220446049250313e-15 and an absolute tolerance of 2.220446049250313e-15. Taking the real part, which may not be accurate.
└ @ ITensorMPS ~/.julia/packages/ITensorMPS/fZDBz/src/abstractmps.jl:1271
┌ Warning: norm² is 1.0567692069837347e11 - 0.0002406067705495904im, which is not real up to a relative tolerance of 2.220446049250313e-15 and an absolute tolerance of 2.220446049250313e-15. Taking the real part, which may not be accurate.
└ @ ITensorMPS ~/.julia/packages/ITensorMPS/fZDBz/src/abstractmps.jl:1246
┌ Warning: norm² is 2.386658216413147 + 7.024785799415518e-15im, which is not real up to a relative tolerance of 2.220446049250313e-15 and an absolute tolerance of 2.220446049250313e-15. Taking the real part, which may not be accurate.
└ @ ITensorMPS ~/.julia/packages/ITensorMPS/fZDBz/src/abstractmps.jl:1246
┌ Warning: norm² is 2.356737880944814 - 5.896744916250492e-15im, which is not real up to a relative tolerance of 2.220446049250313e-15 and an absolute tolerance of 2.220446049250313e-15. Taking the real part, which may not be accurate.
└ @ ITensorMPS ~/.julia/packages/ITensorMPS/fZDBz/src/abstractmps.jl:1246
┌ Warning: norm² is 2.358387094660432 - 5.6395412216427925e-15im, which is not real up to a relative tolerance of 2.220446049250313e-15 and an absolute tolerance of 2.220446049250313e-15. Taking the real part, which may not be accurate.
└ @ ITensorMPS ~/.julia/packages/ITensorMPS/fZDBz/src/abstractmps.jl:1246
┌ Warning: norm² is 8.620325187536635e10 + 0.00022442665961458055im, which is not real up to a relative tolerance of 2.220446049250313e-15 and an absolute tolerance of 2.220446049250313e-15. Taking the real part, which may not be accurate.
└ @ ITensorMPS ~/.julia/packages/ITensorMPS/fZDBz/src/abstractmps.jl:1246
┌ Warning: log(norm²) is 0.8689602068173036 - 3.1053945048572885e-15im, which is not real up to a relative tolerance of 2.220446049250313e-15 and an absolute tolerance of 2.220446049250313e-15. Taking the real part, which may not be accurate.
└ @ ITensorMPS ~/.julia/packages/ITensorMPS/fZDBz/src/abstractmps.jl:1271
┌ Warning: norm² is 1.1298702211738788e11 + 0.00031263436531132275im, which is not real up to a relative tolerance of 2.220446049250313e-15 and an absolute tolerance of 2.220446049250313e-15. Taking the real part, which may not be accurate.
└ @ ITensorMPS ~/.julia/packages/ITensorMPS/fZDBz/src/abstractmps.jl:1246
┌ Warning: norm² is 1.3181601097575018e11 - 0.0004391961783098908im, which is not real up to a relative tolerance of 2.220446049250313e-15 and an absolute tolerance of 2.220446049250313e-15. Taking the real part, which may not be accurate.
└ @ ITensorMPS ~/.julia/packages/ITensorMPS/fZDBz/src/abstractmps.jl:1246
┌ Warning: norm² is 2.408700622380067 + 6.449306684191103e-15im, which is not real up to a relative tolerance of 2.220446049250313e-15 and an absolute tolerance of 2.220446049250313e-15. Taking the real part, which may not be accurate.
└ @ ITensorMPS ~/.julia/packages/ITensorMPS/fZDBz/src/abstractmps.jl:1246
┌ Warning: norm² is 2.3829392582452216 - 6.300141750976954e-15im, which is not real up to a relative tolerance of 2.220446049250313e-15 and an absolute tolerance of 2.220446049250313e-15. Taking the real part, which may not be accurate.
└ @ ITensorMPS ~/.julia/packages/ITensorMPS/fZDBz/src/abstractmps.jl:1246
┌ Warning: norm² is 8.623241851032117e10 + 0.00021775847830537211im, which is not real up to a relative tolerance of 2.220446049250313e-15 and an absolute tolerance of 2.220446049250313e-15. Taking the real part, which may not be accurate.
└ @ ITensorMPS ~/.julia/packages/ITensorMPS/fZDBz/src/abstractmps.jl:1246
┌ Warning: norm² is 1.1292657259500761e11 + 0.0003754535033381466im, which is not real up to a relative tolerance of 2.220446049250313e-15 and an absolute tolerance of 2.220446049250313e-15. Taking the real part, which may not be accurate.
└ @ ITensorMPS ~/.julia/packages/ITensorMPS/fZDBz/src/abstractmps.jl:1246
┌ Warning: norm² is 8.625492971302632e10 - 0.0002537811926160733im, which is not real up to a relative tolerance of 2.220446049250313e-15 and an absolute tolerance of 2.220446049250313e-15. Taking the real part, which may not be accurate.
└ @ ITensorMPS ~/.julia/packages/ITensorMPS/fZDBz/src/abstractmps.jl:1246
┌ Warning: log(norm²) is 0.8570690543749053 - 2.5767890510156844e-15im, which is not real up to a relative tolerance of 2.220446049250313e-15 and an absolute tolerance of 2.220446049250313e-15. Taking the real part, which may not be accurate.
└ @ ITensorMPS ~/.julia/packages/ITensorMPS/fZDBz/src/abstractmps.jl:1271
┌ Warning: norm² is 7.986239335437181e10 - 0.0002170249845152343im, which is not real up to a relative tolerance of 2.220446049250313e-15 and an absolute tolerance of 2.220446049250313e-15. Taking the real part, which may not be accurate.
└ @ ITensorMPS ~/.julia/packages/ITensorMPS/fZDBz/src/abstractmps.jl:1246
┌ Warning: norm² is 1.1283715209724341e11 - 0.000403839980444399im, which is not real up to a relative tolerance of 2.220446049250313e-15 and an absolute tolerance of 2.220446049250313e-15. Taking the real part, which may not be accurate.
└ @ ITensorMPS ~/.julia/packages/ITensorMPS/fZDBz/src/abstractmps.jl:1246
┌ Warning: norm² is 2.385403685751657 - 6.521212316802365e-15im, which is not real up to a relative tolerance of 2.220446049250313e-15 and an absolute tolerance of 2.220446049250313e-15. Taking the real part, which may not be accurate.
└ @ ITensorMPS ~/.julia/packages/ITensorMPS/fZDBz/src/abstractmps.jl:1246
┌ Warning: log(norm²) is 0.8693683702906303 - 2.4074984259255477e-15im, which is not real up to a relative tolerance of 2.220446049250313e-15 and an absolute tolerance of 2.220446049250313e-15. Taking the real part, which may not be accurate.
└ @ ITensorMPS ~/.julia/packages/ITensorMPS/fZDBz/src/abstractmps.jl:1271
┌ Warning: norm² is 7.991564573223605e10 + 0.00021425545364913456im, which is not real up to a relative tolerance of 2.220446049250313e-15 and an absolute tolerance of 2.220446049250313e-15. Taking the real part, which may not be accurate.
└ @ ITensorMPS ~/.julia/packages/ITensorMPS/fZDBz/src/abstractmps.jl:1246
┌ Warning: log(norm²) is 0.8684037052258979 - 2.534392614271124e-15im, which is not real up to a relative tolerance of 2.220446049250313e-15 and an absolute tolerance of 2.220446049250313e-15. Taking the real part, which may not be accurate.
└ @ ITensorMPS ~/.julia/packages/ITensorMPS/fZDBz/src/abstractmps.jl:1271
┌ Warning: norm² is 2.4097959626358483 + 6.060708005518265e-15im, which is not real up to a relative tolerance of 2.220446049250313e-15 and an absolute tolerance of 2.220446049250313e-15. Taking the real part, which may not be accurate.
└ @ ITensorMPS ~/.julia/packages/ITensorMPS/fZDBz/src/abstractmps.jl:1246
┌ Warning: norm² is 2.4102571472624215 + 6.764045655896909e-15im, which is not real up to a relative tolerance of 2.220446049250313e-15 and an absolute tolerance of 2.220446049250313e-15. Taking the real part, which may not be accurate.
└ @ ITensorMPS ~/.julia/packages/ITensorMPS/fZDBz/src/abstractmps.jl:1246
┌ Warning: norm² is 1.1308866131215355e11 - 0.0003498729583334797im, which is not real up to a relative tolerance of 2.220446049250313e-15 and an absolute tolerance of 2.220446049250313e-15. Taking the real part, which may not be accurate.
└ @ ITensorMPS ~/.julia/packages/ITensorMPS/fZDBz/src/abstractmps.jl:1246
┌ Warning: norm² is 2.3589688781004283 + 5.424991815348994e-15im, which is not real up to a relative tolerance of 2.220446049250313e-15 and an absolute tolerance of 2.220446049250313e-15. Taking the real part, which may not be accurate.
└ @ ITensorMPS ~/.julia/packages/ITensorMPS/fZDBz/src/abstractmps.jl:1246
┌ Warning: norm² is 8.617821846305139e10 - 0.00019927708767455662im, which is not real up to a relative tolerance of 2.220446049250313e-15 and an absolute tolerance of 2.220446049250313e-15. Taking the real part, which may not be accurate.
└ @ ITensorMPS ~/.julia/packages/ITensorMPS/fZDBz/src/abstractmps.jl:1246
┌ Warning: norm² is 2.3561809578971125 - 5.768002951399753e-15im, which is not real up to a relative tolerance of 2.220446049250313e-15 and an absolute tolerance of 2.220446049250313e-15. Taking the real part, which may not be accurate.
└ @ ITensorMPS ~/.julia/packages/ITensorMPS/fZDBz/src/abstractmps.jl:1246
┌ Warning: norm² is 7.996800403618176e10 - 0.00018822330630372967im, which is not real up to a relative tolerance of 2.220446049250313e-15 and an absolute tolerance of 2.220446049250313e-15. Taking the real part, which may not be accurate.
└ @ ITensorMPS ~/.julia/packages/ITensorMPS/fZDBz/src/abstractmps.jl:1246
┌ Warning: norm² is 2.4104828145845225 + 6.498318243617095e-15im, which is not real up to a relative tolerance of 2.220446049250313e-15 and an absolute tolerance of 2.220446049250313e-15. Taking the real part, which may not be accurate.
└ @ ITensorMPS ~/.julia/packages/ITensorMPS/fZDBz/src/abstractmps.jl:1246
┌ Warning: norm² is 8.621030065415067e10 + 0.00022234826517784066im, which is not real up to a relative tolerance of 2.220446049250313e-15 and an absolute tolerance of 2.220446049250313e-15. Taking the real part, which may not be accurate.
└ @ ITensorMPS ~/.julia/packages/ITensorMPS/fZDBz/src/abstractmps.jl:1246
┌ Warning: norm² is 1.1333726022504735e11 - 0.0002834651497711892im, which is not real up to a relative tolerance of 2.220446049250313e-15 and an absolute tolerance of 2.220446049250313e-15. Taking the real part, which may not be accurate.
└ @ ITensorMPS ~/.julia/packages/ITensorMPS/fZDBz/src/abstractmps.jl:1246
┌ Warning: log(norm²) is 0.8687312670139253 - 2.437232072119337e-15im, which is not real up to a relative tolerance of 2.220446049250313e-15 and an absolute tolerance of 2.220446049250313e-15. Taking the real part, which may not be accurate.
└ @ ITensorMPS ~/.julia/packages/ITensorMPS/fZDBz/src/abstractmps.jl:1271
┌ Warning: norm² is 2.381285433906522 + 6.833035772219648e-15im, which is not real up to a relative tolerance of 2.220446049250313e-15 and an absolute tolerance of 2.220446049250313e-15. Taking the real part, which may not be accurate.
└ @ ITensorMPS ~/.julia/packages/ITensorMPS/fZDBz/src/abstractmps.jl:1246
┌ Warning: norm² is 7.986763747893073e10 - 0.00019422905761777172im, which is not real up to a relative tolerance of 2.220446049250313e-15 and an absolute tolerance of 2.220446049250313e-15. Taking the real part, which may not be accurate.
└ @ ITensorMPS ~/.julia/packages/ITensorMPS/fZDBz/src/abstractmps.jl:1246
┌ Warning: norm² is 2.3806791871001525 - 6.040381166167447e-15im, which is not real up to a relative tolerance of 2.220446049250313e-15 and an absolute tolerance of 2.220446049250313e-15. Taking the real part, which may not be accurate.
└ @ ITensorMPS ~/.julia/packages/ITensorMPS/fZDBz/src/abstractmps.jl:1246
┌ Warning: log(norm²) is 0.8579252579449453 + 2.353044429877218e-15im, which is not real up to a relative tolerance of 2.220446049250313e-15 and an absolute tolerance of 2.220446049250313e-15. Taking the real part, which may not be accurate.
└ @ ITensorMPS ~/.julia/packages/ITensorMPS/fZDBz/src/abstractmps.jl:1271
┌ Warning: log(norm²) is 0.8695167559067568 - 2.3359841315282498e-15im, which is not real up to a relative tolerance of 2.220446049250313e-15 and an absolute tolerance of 2.220446049250313e-15. Taking the real part, which may not be accurate.
└ @ ITensorMPS ~/.julia/packages/ITensorMPS/fZDBz/src/abstractmps.jl:1271
┌ Warning: norm² is 7.991580898951515e10 - 0.00021888330666989164im, which is not real up to a relative tolerance of 2.220446049250313e-15 and an absolute tolerance of 2.220446049250313e-15. Taking the real part, which may not be accurate.
└ @ ITensorMPS ~/.julia/packages/ITensorMPS/fZDBz/src/abstractmps.jl:1246
┌ Warning: norm² is 1.132111796284959e11 + 0.0002824599337872708im, which is not real up to a relative tolerance of 2.220446049250313e-15 and an absolute tolerance of 2.220446049250313e-15. Taking the real part, which may not be accurate.
└ @ ITensorMPS ~/.julia/packages/ITensorMPS/fZDBz/src/abstractmps.jl:1246
┌ Warning: norm² is 7.998349060338606e10 + 0.00018224887968931616im, which is not real up to a relative tolerance of 2.220446049250313e-15 and an absolute tolerance of 2.220446049250313e-15. Taking the real part, which may not be accurate.
└ @ ITensorMPS ~/.julia/packages/ITensorMPS/fZDBz/src/abstractmps.jl:1246
┌ Warning: norm² is 1.1308233505471931e11 + 0.0003734165746927707im, which is not real up to a relative tolerance of 2.220446049250313e-15 and an absolute tolerance of 2.220446049250313e-15. Taking the real part, which may not be accurate.
└ @ ITensorMPS ~/.julia/packages/ITensorMPS/fZDBz/src/abstractmps.jl:1246
┌ Warning: norm² is 1.3786051885894818e11 + 0.00041820734730255805im, which is not real up to a relative tolerance of 2.220446049250313e-15 and an absolute tolerance of 2.220446049250313e-15. Taking the real part, which may not be accurate.
└ @ ITensorMPS ~/.julia/packages/ITensorMPS/fZDBz/src/abstractmps.jl:1246
┌ Warning: norm² is 1.132118606765365e11 - 0.0003051209250886178im, which is not real up to a relative tolerance of 2.220446049250313e-15 and an absolute tolerance of 2.220446049250313e-15. Taking the real part, which may not be accurate.
└ @ ITensorMPS ~/.julia/packages/ITensorMPS/fZDBz/src/abstractmps.jl:1246
┌ Warning: norm² is 8.607509309330487e10 + 0.0003097401219778718im, which is not real up to a relative tolerance of 2.220446049250313e-15 and an absolute tolerance of 2.220446049250313e-15. Taking the real part, which may not be accurate.
└ @ ITensorMPS ~/.julia/packages/ITensorMPS/fZDBz/src/abstractmps.jl:1246
┌ Warning: norm² is 1.1320619918417445e11 + 0.0002688024691286632im, which is not real up to a relative tolerance of 2.220446049250313e-15 and an absolute tolerance of 2.220446049250313e-15. Taking the real part, which may not be accurate.
└ @ ITensorMPS ~/.julia/packages/ITensorMPS/fZDBz/src/abstractmps.jl:1246
┌ Warning: norm² is 8.616385978644882e10 + 0.0003211013188103201im, which is not real up to a relative tolerance of 2.220446049250313e-15 and an absolute tolerance of 2.220446049250313e-15. Taking the real part, which may not be accurate.
└ @ ITensorMPS ~/.julia/packages/ITensorMPS/fZDBz/src/abstractmps.jl:1246
┌ Warning: norm² is 7.98399618132637e10 - 0.0001983184153717067im, which is not real up to a relative tolerance of 2.220446049250313e-15 and an absolute tolerance of 2.220446049250313e-15. Taking the real part, which may not be accurate.
└ @ ITensorMPS ~/.julia/packages/ITensorMPS/fZDBz/src/abstractmps.jl:1246
┌ Warning: norm² is 8.629445201138026e10 + 0.00024362162922628793im, which is not real up to a relative tolerance of 2.220446049250313e-15 and an absolute tolerance of 2.220446049250313e-15. Taking the real part, which may not be accurate.
└ @ ITensorMPS ~/.julia/packages/ITensorMPS/fZDBz/src/abstractmps.jl:1246
┌ Warning: norm² is 2.3834495385801118 + 6.467188237699162e-15im, which is not real up to a relative tolerance of 2.220446049250313e-15 and an absolute tolerance of 2.220446049250313e-15. Taking the real part, which may not be accurate.
└ @ ITensorMPS ~/.julia/packages/ITensorMPS/fZDBz/src/abstractmps.jl:1246
┌ Warning: norm² is 2.4090403969961764 - 6.491769580032444e-15im, which is not real up to a relative tolerance of 2.220446049250313e-15 and an absolute tolerance of 2.220446049250313e-15. Taking the real part, which may not be accurate.
└ @ ITensorMPS ~/.julia/packages/ITensorMPS/fZDBz/src/abstractmps.jl:1246
┌ Warning: norm² is 2.381637025686992 + 7.727171521165104e-15im, which is not real up to a relative tolerance of 2.220446049250313e-15 and an absolute tolerance of 2.220446049250313e-15. Taking the real part, which may not be accurate.
└ @ ITensorMPS ~/.julia/packages/ITensorMPS/fZDBz/src/abstractmps.jl:1246
┌ Warning: norm² is 1.1295347030694798e11 + 0.00032902569898678023im, which is not real up to a relative tolerance of 2.220446049250313e-15 and an absolute tolerance of 2.220446049250313e-15. Taking the real part, which may not be accurate.
└ @ ITensorMPS ~/.julia/packages/ITensorMPS/fZDBz/src/abstractmps.jl:1246
┌ Warning: norm² is 1.1325381395360391e11 - 0.0003419064047151584im, which is not real up to a relative tolerance of 2.220446049250313e-15 and an absolute tolerance of 2.220446049250313e-15. Taking the real part, which may not be accurate.
└ @ ITensorMPS ~/.julia/packages/ITensorMPS/fZDBz/src/abstractmps.jl:1246
┌ Warning: log(norm²) is 0.8691604535875465 + 2.4382883891324963e-15im, which is not real up to a relative tolerance of 2.220446049250313e-15 and an absolute tolerance of 2.220446049250313e-15. Taking the real part, which may not be accurate.
└ @ ITensorMPS ~/.julia/packages/ITensorMPS/fZDBz/src/abstractmps.jl:1271
┌ Warning: norm² is 1.1319073691728514e11 + 0.00035347882702103093im, which is not real up to a relative tolerance of 2.220446049250313e-15 and an absolute tolerance of 2.220446049250313e-15. Taking the real part, which may not be accurate.
└ @ ITensorMPS ~/.julia/packages/ITensorMPS/fZDBz/src/abstractmps.jl:1246
┌ Warning: norm² is 8.619459126622894e10 + 0.0002635300982336611im, which is not real up to a relative tolerance of 2.220446049250313e-15 and an absolute tolerance of 2.220446049250313e-15. Taking the real part, which may not be accurate.
└ @ ITensorMPS ~/.julia/packages/ITensorMPS/fZDBz/src/abstractmps.jl:1246
┌ Warning: log(norm²) is 0.8691148702586569 + 2.4134252654987738e-15im, which is not real up to a relative tolerance of 2.220446049250313e-15 and an absolute tolerance of 2.220446049250313e-15. Taking the real part, which may not be accurate.
└ @ ITensorMPS ~/.julia/packages/ITensorMPS/fZDBz/src/abstractmps.jl:1271
┌ Warning: norm² is 9.75121871865442e10 + 0.00021906286607072123im, which is not real up to a relative tolerance of 2.220446049250313e-15 and an absolute tolerance of 2.220446049250313e-15. Taking the real part, which may not be accurate.
└ @ ITensorMPS ~/.julia/packages/ITensorMPS/fZDBz/src/abstractmps.jl:1246
┌ Warning: norm² is 1.13199044232049e11 + 0.00025847981857253055im, which is not real up to a relative tolerance of 2.220446049250313e-15 and an absolute tolerance of 2.220446049250313e-15. Taking the real part, which may not be accurate.
└ @ ITensorMPS ~/.julia/packages/ITensorMPS/fZDBz/src/abstractmps.jl:1246
┌ Warning: log(norm²) is 0.8794236565842689 - 2.4533868503225924e-15im, which is not real up to a relative tolerance of 2.220446049250313e-15 and an absolute tolerance of 2.220446049250313e-15. Taking the real part, which may not be accurate.
└ @ ITensorMPS ~/.julia/packages/ITensorMPS/fZDBz/src/abstractmps.jl:1271
┌ Warning: norm² is 8.619144121053091e10 - 0.0002515374235475419im, which is not real up to a relative tolerance of 2.220446049250313e-15 and an absolute tolerance of 2.220446049250313e-15. Taking the real part, which may not be accurate.
└ @ ITensorMPS ~/.julia/packages/ITensorMPS/fZDBz/src/abstractmps.jl:1246
┌ Warning: norm² is 1.1302425217599808e11 - 0.0003319014035937684im, which is not real up to a relative tolerance of 2.220446049250313e-15 and an absolute tolerance of 2.220446049250313e-15. Taking the real part, which may not be accurate.
└ @ ITensorMPS ~/.julia/packages/ITensorMPS/fZDBz/src/abstractmps.jl:1246
┌ Warning: norm² is 2.3857618288872473 - 6.998866535599356e-15im, which is not real up to a relative tolerance of 2.220446049250313e-15 and an absolute tolerance of 2.220446049250313e-15. Taking the real part, which may not be accurate.
└ @ ITensorMPS ~/.julia/packages/ITensorMPS/fZDBz/src/abstractmps.jl:1246
┌ Warning: log(norm²) is 0.8701757486296566 - 2.3505281464869917e-15im, which is not real up to a relative tolerance of 2.220446049250313e-15 and an absolute tolerance of 2.220446049250313e-15. Taking the real part, which may not be accurate.
└ @ ITensorMPS ~/.julia/packages/ITensorMPS/fZDBz/src/abstractmps.jl:1271
┌ Warning: norm² is 7.996705364338377e10 + 0.0002104987891100127im, which is not real up to a relative tolerance of 2.220446049250313e-15 and an absolute tolerance of 2.220446049250313e-15. Taking the real part, which may not be accurate.
└ @ ITensorMPS ~/.julia/packages/ITensorMPS/fZDBz/src/abstractmps.jl:1246
┌ Warning: norm² is 2.3853353243509257 + 9.727728177396723e-15im, which is not real up to a relative tolerance of 2.220446049250313e-15 and an absolute tolerance of 2.220446049250313e-15. Taking the real part, which may not be accurate.
└ @ ITensorMPS ~/.julia/packages/ITensorMPS/fZDBz/src/abstractmps.jl:1246
┌ Warning: norm² is 2.3831018844875596 - 5.4353038602593994e-15im, which is not real up to a relative tolerance of 2.220446049250313e-15 and an absolute tolerance of 2.220446049250313e-15. Taking the real part, which may not be accurate.
└ @ ITensorMPS ~/.julia/packages/ITensorMPS/fZDBz/src/abstractmps.jl:1246
┌ Warning: norm² is 1.3592575314692256e11 + 0.0004285071570607134im, which is not real up to a relative tolerance of 2.220446049250313e-15 and an absolute tolerance of 2.220446049250313e-15. Taking the real part, which may not be accurate.
└ @ ITensorMPS ~/.julia/packages/ITensorMPS/fZDBz/src/abstractmps.jl:1246
┌ Warning: norm² is 7.989231220202097e10 - 0.00032812634511017734im, which is not real up to a relative tolerance of 2.220446049250313e-15 and an absolute tolerance of 2.220446049250313e-15. Taking the real part, which may not be accurate.
└ @ ITensorMPS ~/.julia/packages/ITensorMPS/fZDBz/src/abstractmps.jl:1246
┌ Warning: norm² is 1.2355381959285268e11 + 0.00027839842667842im, which is not real up to a relative tolerance of 2.220446049250313e-15 and an absolute tolerance of 2.220446049250313e-15. Taking the real part, which may not be accurate.
└ @ ITensorMPS ~/.julia/packages/ITensorMPS/fZDBz/src/abstractmps.jl:1246
┌ Warning: log(norm²) is 0.8573505164071689 + 2.407673743303218e-15im, which is not real up to a relative tolerance of 2.220446049250313e-15 and an absolute tolerance of 2.220446049250313e-15. Taking the real part, which may not be accurate.
└ @ ITensorMPS ~/.julia/packages/ITensorMPS/fZDBz/src/abstractmps.jl:1271
┌ Warning: norm² is 9.923904447200957e10 - 0.00023256844924408497im, which is not real up to a relative tolerance of 2.220446049250313e-15 and an absolute tolerance of 2.220446049250313e-15. Taking the real part, which may not be accurate.
└ @ ITensorMPS ~/.julia/packages/ITensorMPS/fZDBz/src/abstractmps.jl:1246
┌ Warning: log(norm²) is 0.857274620753814 - 2.226741861849475e-15im, which is not real up to a relative tolerance of 2.220446049250313e-15 and an absolute tolerance of 2.220446049250313e-15. Taking the real part, which may not be accurate.
└ @ ITensorMPS ~/.julia/packages/ITensorMPS/fZDBz/src/abstractmps.jl:1271
┌ Warning: norm² is 9.612231138737766e10 + 0.00022126061255697176im, which is not real up to a relative tolerance of 2.220446049250313e-15 and an absolute tolerance of 2.220446049250313e-15. Taking the real part, which may not be accurate.
└ @ ITensorMPS ~/.julia/packages/ITensorMPS/fZDBz/src/abstractmps.jl:1246
┌ Warning: log(norm²) is 0.8667029877502347 + 2.5722210130386015e-15im, which is not real up to a relative tolerance of 2.220446049250313e-15 and an absolute tolerance of 2.220446049250313e-15. Taking the real part, which may not be accurate.
└ @ ITensorMPS ~/.julia/packages/ITensorMPS/fZDBz/src/abstractmps.jl:1271
┌ Warning: norm² is 1.1351590674576973e11 - 0.00031454621527363574im, which is not real up to a relative tolerance of 2.220446049250313e-15 and an absolute tolerance of 2.220446049250313e-15. Taking the real part, which may not be accurate.
└ @ ITensorMPS ~/.julia/packages/ITensorMPS/fZDBz/src/abstractmps.jl:1246
┌ Warning: norm² is 7.986211113139944e10 + 0.00022617166688890554im, which is not real up to a relative tolerance of 2.220446049250313e-15 and an absolute tolerance of 2.220446049250313e-15. Taking the real part, which may not be accurate.
└ @ ITensorMPS ~/.julia/packages/ITensorMPS/fZDBz/src/abstractmps.jl:1246
┌ Warning: norm² is 1.343784297618655e11 - 0.0003117806258396786im, which is not real up to a relative tolerance of 2.220446049250313e-15 and an absolute tolerance of 2.220446049250313e-15. Taking the real part, which may not be accurate.
└ @ ITensorMPS ~/.julia/packages/ITensorMPS/fZDBz/src/abstractmps.jl:1246
┌ Warning: norm² is 8.620623415549397e10 + 0.0002796115854138945im, which is not real up to a relative tolerance of 2.220446049250313e-15 and an absolute tolerance of 2.220446049250313e-15. Taking the real part, which may not be accurate.
└ @ ITensorMPS ~/.julia/packages/ITensorMPS/fZDBz/src/abstractmps.jl:1246
┌ Warning: norm² is 2.376894457529561 - 5.618868693071237e-15im, which is not real up to a relative tolerance of 2.220446049250313e-15 and an absolute tolerance of 2.220446049250313e-15. Taking the real part, which may not be accurate.
└ @ ITensorMPS ~/.julia/packages/ITensorMPS/fZDBz/src/abstractmps.jl:1246
┌ Warning: log(norm²) is 0.8697539804773893 - 2.4558419926860735e-15im, which is not real up to a relative tolerance of 2.220446049250313e-15 and an absolute tolerance of 2.220446049250313e-15. Taking the real part, which may not be accurate.
└ @ ITensorMPS ~/.julia/packages/ITensorMPS/fZDBz/src/abstractmps.jl:1271
┌ Warning: norm² is 7.986047749381529e10 + 0.00020618907281021943im, which is not real up to a relative tolerance of 2.220446049250313e-15 and an absolute tolerance of 2.220446049250313e-15. Taking the real part, which may not be accurate.
└ @ ITensorMPS ~/.julia/packages/ITensorMPS/fZDBz/src/abstractmps.jl:1246
┌ Warning: norm² is 2.3571391533444155 + 5.62369133796869e-15im, which is not real up to a relative tolerance of 2.220446049250313e-15 and an absolute tolerance of 2.220446049250313e-15. Taking the real part, which may not be accurate.
└ @ ITensorMPS ~/.julia/packages/ITensorMPS/fZDBz/src/abstractmps.jl:1246
┌ Warning: norm² is 8.616722330268713e10 + 0.0002592861728360125im, which is not real up to a relative tolerance of 2.220446049250313e-15 and an absolute tolerance of 2.220446049250313e-15. Taking the real part, which may not be accurate.
└ @ ITensorMPS ~/.julia/packages/ITensorMPS/fZDBz/src/abstractmps.jl:1246
┌ Warning: log(norm²) is 0.856692173167376 - 2.63729623719115e-15im, which is not real up to a relative tolerance of 2.220446049250313e-15 and an absolute tolerance of 2.220446049250313e-15. Taking the real part, which may not be accurate.
└ @ ITensorMPS ~/.julia/packages/ITensorMPS/fZDBz/src/abstractmps.jl:1271
┌ Warning: norm² is 7.993757010296512e10 + 0.00019047354785715456im, which is not real up to a relative tolerance of 2.220446049250313e-15 and an absolute tolerance of 2.220446049250313e-15. Taking the real part, which may not be accurate.
└ @ ITensorMPS ~/.julia/packages/ITensorMPS/fZDBz/src/abstractmps.jl:1246
┌ Warning: norm² is 8.609994056504286e10 + 0.00020043719186381426im, which is not real up to a relative tolerance of 2.220446049250313e-15 and an absolute tolerance of 2.220446049250313e-15. Taking the real part, which may not be accurate.
└ @ ITensorMPS ~/.julia/packages/ITensorMPS/fZDBz/src/abstractmps.jl:1246
┌ Warning: log(norm²) is 0.8796217789170908 + 2.7435681715723687e-15im, which is not real up to a relative tolerance of 2.220446049250313e-15 and an absolute tolerance of 2.220446049250313e-15. Taking the real part, which may not be accurate.
└ @ ITensorMPS ~/.julia/packages/ITensorMPS/fZDBz/src/abstractmps.jl:1271
┌ Warning: log(norm²) is 0.8594552629665884 + 2.5056538612951803e-15im, which is not real up to a relative tolerance of 2.220446049250313e-15 and an absolute tolerance of 2.220446049250313e-15. Taking the real part, which may not be accurate.
└ @ ITensorMPS ~/.julia/packages/ITensorMPS/fZDBz/src/abstractmps.jl:1271
┌ Warning: norm² is 2.3816849407740093 + 5.577855065705804e-15im, which is not real up to a relative tolerance of 2.220446049250313e-15 and an absolute tolerance of 2.220446049250313e-15. Taking the real part, which may not be accurate.
└ @ ITensorMPS ~/.julia/packages/ITensorMPS/fZDBz/src/abstractmps.jl:1246
┌ Warning: norm² is 1.1321960380774413e11 + 0.00030272067920572733im, which is not real up to a relative tolerance of 2.220446049250313e-15 and an absolute tolerance of 2.220446049250313e-15. Taking the real part, which may not be accurate.
└ @ ITensorMPS ~/.julia/packages/ITensorMPS/fZDBz/src/abstractmps.jl:1246
┌ Warning: norm² is 8.624858322044887e10 - 0.00019778776085996013im, which is not real up to a relative tolerance of 2.220446049250313e-15 and an absolute tolerance of 2.220446049250313e-15. Taking the real part, which may not be accurate.
└ @ ITensorMPS ~/.julia/packages/ITensorMPS/fZDBz/src/abstractmps.jl:1246
┌ Warning: log(norm²) is 0.8685336068668871 + 3.2167658391893712e-15im, which is not real up to a relative tolerance of 2.220446049250313e-15 and an absolute tolerance of 2.220446049250313e-15. Taking the real part, which may not be accurate.
└ @ ITensorMPS ~/.julia/packages/ITensorMPS/fZDBz/src/abstractmps.jl:1271
┌ Warning: norm² is 7.988697135197429e10 - 0.0001882353607065851im, which is not real up to a relative tolerance of 2.220446049250313e-15 and an absolute tolerance of 2.220446049250313e-15. Taking the real part, which may not be accurate.
└ @ ITensorMPS ~/.julia/packages/ITensorMPS/fZDBz/src/abstractmps.jl:1246
┌ Warning: norm² is 1.13219182533274e11 + 0.0003118832002229755im, which is not real up to a relative tolerance of 2.220446049250313e-15 and an absolute tolerance of 2.220446049250313e-15. Taking the real part, which may not be accurate.
└ @ ITensorMPS ~/.julia/packages/ITensorMPS/fZDBz/src/abstractmps.jl:1246
┌ Warning: norm² is 7.985561073878825e10 - 0.00032236858542571486im, which is not real up to a relative tolerance of 2.220446049250313e-15 and an absolute tolerance of 2.220446049250313e-15. Taking the real part, which may not be accurate.
└ @ ITensorMPS ~/.julia/packages/ITensorMPS/fZDBz/src/abstractmps.jl:1246
┌ Warning: norm² is 8.62044729340025e10 + 0.00019631372103810616im, which is not real up to a relative tolerance of 2.220446049250313e-15 and an absolute tolerance of 2.220446049250313e-15. Taking the real part, which may not be accurate.
└ @ ITensorMPS ~/.julia/packages/ITensorMPS/fZDBz/src/abstractmps.jl:1246
┌ Warning: norm² is 8.619924483338438e10 + 0.00026668345678726007im, which is not real up to a relative tolerance of 2.220446049250313e-15 and an absolute tolerance of 2.220446049250313e-15. Taking the real part, which may not be accurate.
└ @ ITensorMPS ~/.julia/packages/ITensorMPS/fZDBz/src/abstractmps.jl:1246
┌ Warning: norm² is 7.98539034064257e10 + 0.0003061178464618088im, which is not real up to a relative tolerance of 2.220446049250313e-15 and an absolute tolerance of 2.220446049250313e-15. Taking the real part, which may not be accurate.
└ @ ITensorMPS ~/.julia/packages/ITensorMPS/fZDBz/src/abstractmps.jl:1246
┌ Warning: norm² is 1.13104216643336e11 + 0.00030768367573562517im, which is not real up to a relative tolerance of 2.220446049250313e-15 and an absolute tolerance of 2.220446049250313e-15. Taking the real part, which may not be accurate.
└ @ ITensorMPS ~/.julia/packages/ITensorMPS/fZDBz/src/abstractmps.jl:1246
┌ Warning: log(norm²) is 0.8685381950389317 + 2.886667988850295e-15im, which is not real up to a relative tolerance of 2.220446049250313e-15 and an absolute tolerance of 2.220446049250313e-15. Taking the real part, which may not be accurate.
└ @ ITensorMPS ~/.julia/packages/ITensorMPS/fZDBz/src/abstractmps.jl:1271
┌ Warning: norm² is 2.4106844014090685 - 5.5551301993284995e-15im, which is not real up to a relative tolerance of 2.220446049250313e-15 and an absolute tolerance of 2.220446049250313e-15. Taking the real part, which may not be accurate.
└ @ ITensorMPS ~/.julia/packages/ITensorMPS/fZDBz/src/abstractmps.jl:1246
┌ Warning: norm² is 7.988021164023195e10 + 0.0001952870557434821im, which is not real up to a relative tolerance of 2.220446049250313e-15 and an absolute tolerance of 2.220446049250313e-15. Taking the real part, which may not be accurate.
└ @ ITensorMPS ~/.julia/packages/ITensorMPS/fZDBz/src/abstractmps.jl:1246
┌ Warning: norm² is 1.1052149298669356e11 + 0.00026709969383292197im, which is not real up to a relative tolerance of 2.220446049250313e-15 and an absolute tolerance of 2.220446049250313e-15. Taking the real part, which may not be accurate.
└ @ ITensorMPS ~/.julia/packages/ITensorMPS/fZDBz/src/abstractmps.jl:1246
┌ Warning: norm² is 2.3579050528654277 + 5.713368505727374e-15im, which is not real up to a relative tolerance of 2.220446049250313e-15 and an absolute tolerance of 2.220446049250313e-15. Taking the real part, which may not be accurate.
└ @ ITensorMPS ~/.julia/packages/ITensorMPS/fZDBz/src/abstractmps.jl:1246
┌ Warning: norm² is 8.616198143019666e10 - 0.0002629053912429115im, which is not real up to a relative tolerance of 2.220446049250313e-15 and an absolute tolerance of 2.220446049250313e-15. Taking the real part, which may not be accurate.
└ @ ITensorMPS ~/.julia/packages/ITensorMPS/fZDBz/src/abstractmps.jl:1246
┌ Warning: norm² is 1.0625962646284613e11 - 0.00024891959101415407im, which is not real up to a relative tolerance of 2.220446049250313e-15 and an absolute tolerance of 2.220446049250313e-15. Taking the real part, which may not be accurate.
└ @ ITensorMPS ~/.julia/packages/ITensorMPS/fZDBz/src/abstractmps.jl:1246
┌ Warning: norm² is 8.624343171122171e10 - 0.00019673824548844724im, which is not real up to a relative tolerance of 2.220446049250313e-15 and an absolute tolerance of 2.220446049250313e-15. Taking the real part, which may not be accurate.
└ @ ITensorMPS ~/.julia/packages/ITensorMPS/fZDBz/src/abstractmps.jl:1246
┌ Warning: norm² is 2.385080427335306 - 5.983408826382142e-15im, which is not real up to a relative tolerance of 2.220446049250313e-15 and an absolute tolerance of 2.220446049250313e-15. Taking the real part, which may not be accurate.
└ @ ITensorMPS ~/.julia/packages/ITensorMPS/fZDBz/src/abstractmps.jl:1246
┌ Warning: norm² is 2.4127623357823627 - 5.3956684128799575e-15im, which is not real up to a relative tolerance of 2.220446049250313e-15 and an absolute tolerance of 2.220446049250313e-15. Taking the real part, which may not be accurate.
└ @ ITensorMPS ~/.julia/packages/ITensorMPS/fZDBz/src/abstractmps.jl:1246
┌ Warning: norm² is 2.3809620947193237 + 5.492437974663946e-15im, which is not real up to a relative tolerance of 2.220446049250313e-15 and an absolute tolerance of 2.220446049250313e-15. Taking the real part, which may not be accurate.
└ @ ITensorMPS ~/.julia/packages/ITensorMPS/fZDBz/src/abstractmps.jl:1246
┌ Warning: log(norm²) is 0.8675046474785119 - 3.981288530555214e-15im, which is not real up to a relative tolerance of 2.220446049250313e-15 and an absolute tolerance of 2.220446049250313e-15. Taking the real part, which may not be accurate.
└ @ ITensorMPS ~/.julia/packages/ITensorMPS/fZDBz/src/abstractmps.jl:1271
┌ Warning: norm² is 1.1299489731888602e11 + 0.0003949461468457039im, which is not real up to a relative tolerance of 2.220446049250313e-15 and an absolute tolerance of 2.220446049250313e-15. Taking the real part, which may not be accurate.
└ @ ITensorMPS ~/.julia/packages/ITensorMPS/fZDBz/src/abstractmps.jl:1246
┌ Warning: norm² is 2.3556405677991616 - 6.274965246676417e-15im, which is not real up to a relative tolerance of 2.220446049250313e-15 and an absolute tolerance of 2.220446049250313e-15. Taking the real part, which may not be accurate.
└ @ ITensorMPS ~/.julia/packages/ITensorMPS/fZDBz/src/abstractmps.jl:1246
┌ Warning: log(norm²) is 0.8792235052215016 + 2.298277431981246e-15im, which is not real up to a relative tolerance of 2.220446049250313e-15 and an absolute tolerance of 2.220446049250313e-15. Taking the real part, which may not be accurate.
└ @ ITensorMPS ~/.julia/packages/ITensorMPS/fZDBz/src/abstractmps.jl:1271
┌ Warning: norm² is 2.3773989126044843 + 5.499869805954669e-15im, which is not real up to a relative tolerance of 2.220446049250313e-15 and an absolute tolerance of 2.220446049250313e-15. Taking the real part, which may not be accurate.
└ @ ITensorMPS ~/.julia/packages/ITensorMPS/fZDBz/src/abstractmps.jl:1246
┌ Warning: norm² is 2.356311714062995 - 6.0721719600546395e-15im, which is not real up to a relative tolerance of 2.220446049250313e-15 and an absolute tolerance of 2.220446049250313e-15. Taking the real part, which may not be accurate.
└ @ ITensorMPS ~/.julia/packages/ITensorMPS/fZDBz/src/abstractmps.jl:1246
┌ Warning: norm² is 8.624771516580368e10 + 0.0002097941480201927im, which is not real up to a relative tolerance of 2.220446049250313e-15 and an absolute tolerance of 2.220446049250313e-15. Taking the real part, which may not be accurate.
└ @ ITensorMPS ~/.julia/packages/ITensorMPS/fZDBz/src/abstractmps.jl:1246
┌ Warning: norm² is 7.996870149859898e10 - 0.0002476079393728728im, which is not real up to a relative tolerance of 2.220446049250313e-15 and an absolute tolerance of 2.220446049250313e-15. Taking the real part, which may not be accurate.
└ @ ITensorMPS ~/.julia/packages/ITensorMPS/fZDBz/src/abstractmps.jl:1246
┌ Warning: norm² is 1.2741133185470573e11 - 0.00040596367428633235im, which is not real up to a relative tolerance of 2.220446049250313e-15 and an absolute tolerance of 2.220446049250313e-15. Taking the real part, which may not be accurate.
└ @ ITensorMPS ~/.julia/packages/ITensorMPS/fZDBz/src/abstractmps.jl:1246
┌ Warning: norm² is 1.3036824403947438e11 + 0.00031425753316676293im, which is not real up to a relative tolerance of 2.220446049250313e-15 and an absolute tolerance of 2.220446049250313e-15. Taking the real part, which may not be accurate.
└ @ ITensorMPS ~/.julia/packages/ITensorMPS/fZDBz/src/abstractmps.jl:1246
┌ Warning: norm² is 8.612231735046867e10 - 0.0002269232048771739im, which is not real up to a relative tolerance of 2.220446049250313e-15 and an absolute tolerance of 2.220446049250313e-15. Taking the real part, which may not be accurate.
└ @ ITensorMPS ~/.julia/packages/ITensorMPS/fZDBz/src/abstractmps.jl:1246
┌ Warning: norm² is 2.3779018108225594 + 6.0283310129592094e-15im, which is not real up to a relative tolerance of 2.220446049250313e-15 and an absolute tolerance of 2.220446049250313e-15. Taking the real part, which may not be accurate.
└ @ ITensorMPS ~/.julia/packages/ITensorMPS/fZDBz/src/abstractmps.jl:1246
┌ Warning: norm² is 7.99838045184267e10 + 0.00018478512377870758im, which is not real up to a relative tolerance of 2.220446049250313e-15 and an absolute tolerance of 2.220446049250313e-15. Taking the real part, which may not be accurate.
└ @ ITensorMPS ~/.julia/packages/ITensorMPS/fZDBz/src/abstractmps.jl:1246
┌ Warning: norm² is 7.984661516390707e10 + 0.00023094639036869887im, which is not real up to a relative tolerance of 2.220446049250313e-15 and an absolute tolerance of 2.220446049250313e-15. Taking the real part, which may not be accurate.
└ @ ITensorMPS ~/.julia/packages/ITensorMPS/fZDBz/src/abstractmps.jl:1246
┌ Warning: norm² is 1.1293729188754282e11 + 0.00034733363060518587im, which is not real up to a relative tolerance of 2.220446049250313e-15 and an absolute tolerance of 2.220446049250313e-15. Taking the real part, which may not be accurate.
└ @ ITensorMPS ~/.julia/packages/ITensorMPS/fZDBz/src/abstractmps.jl:1246
┌ Warning: log(norm²) is 0.8563813081786549 + 2.766066612243278e-15im, which is not real up to a relative tolerance of 2.220446049250313e-15 and an absolute tolerance of 2.220446049250313e-15. Taking the real part, which may not be accurate.
└ @ ITensorMPS ~/.julia/packages/ITensorMPS/fZDBz/src/abstractmps.jl:1271
┌ Warning: norm² is 2.3871464354100853 + 5.405795757700703e-15im, which is not real up to a relative tolerance of 2.220446049250313e-15 and an absolute tolerance of 2.220446049250313e-15. Taking the real part, which may not be accurate.
└ @ ITensorMPS ~/.julia/packages/ITensorMPS/fZDBz/src/abstractmps.jl:1246
┌ Warning: norm² is 2.385971500357674 + 5.4878108218950555e-15im, which is not real up to a relative tolerance of 2.220446049250313e-15 and an absolute tolerance of 2.220446049250313e-15. Taking the real part, which may not be accurate.
└ @ ITensorMPS ~/.julia/packages/ITensorMPS/fZDBz/src/abstractmps.jl:1246
┌ Warning: norm² is 2.3799350728129665 + 5.338529367460332e-15im, which is not real up to a relative tolerance of 2.220446049250313e-15 and an absolute tolerance of 2.220446049250313e-15. Taking the real part, which may not be accurate.
└ @ ITensorMPS ~/.julia/packages/ITensorMPS/fZDBz/src/abstractmps.jl:1246
┌ Warning: norm² is 1.13074409985638e11 - 0.0003313448865616821im, which is not real up to a relative tolerance of 2.220446049250313e-15 and an absolute tolerance of 2.220446049250313e-15. Taking the real part, which may not be accurate.
└ @ ITensorMPS ~/.julia/packages/ITensorMPS/fZDBz/src/abstractmps.jl:1246
┌ Warning: norm² is 2.3581387062134365 - 5.338270751808249e-15im, which is not real up to a relative tolerance of 2.220446049250313e-15 and an absolute tolerance of 2.220446049250313e-15. Taking the real part, which may not be accurate.
└ @ ITensorMPS ~/.julia/packages/ITensorMPS/fZDBz/src/abstractmps.jl:1246
┌ Warning: log(norm²) is 0.8578726240549581 + 3.1945678988392063e-15im, which is not real up to a relative tolerance of 2.220446049250313e-15 and an absolute tolerance of 2.220446049250313e-15. Taking the real part, which may not be accurate.
└ @ ITensorMPS ~/.julia/packages/ITensorMPS/fZDBz/src/abstractmps.jl:1271
┌ Warning: norm² is 1.0915860146115341e11 + 0.0002519139223344736im, which is not real up to a relative tolerance of 2.220446049250313e-15 and an absolute tolerance of 2.220446049250313e-15. Taking the real part, which may not be accurate.
└ @ ITensorMPS ~/.julia/packages/ITensorMPS/fZDBz/src/abstractmps.jl:1246
┌ Warning: norm² is 1.1306908638098164e11 - 0.00025557819328138727im, which is not real up to a relative tolerance of 2.220446049250313e-15 and an absolute tolerance of 2.220446049250313e-15. Taking the real part, which may not be accurate.
└ @ ITensorMPS ~/.julia/packages/ITensorMPS/fZDBz/src/abstractmps.jl:1246
┌ Warning: norm² is 1.1298047933372466e11 - 0.00032109088748823655im, which is not real up to a relative tolerance of 2.220446049250313e-15 and an absolute tolerance of 2.220446049250313e-15. Taking the real part, which may not be accurate.
└ @ ITensorMPS ~/.julia/packages/ITensorMPS/fZDBz/src/abstractmps.jl:1246
┌ Warning: norm² is 1.1309017273767615e11 + 0.00029307836990026087im, which is not real up to a relative tolerance of 2.220446049250313e-15 and an absolute tolerance of 2.220446049250313e-15. Taking the real part, which may not be accurate.
└ @ ITensorMPS ~/.julia/packages/ITensorMPS/fZDBz/src/abstractmps.jl:1246
┌ Warning: norm² is 8.615792707531363e10 - 0.0002150893186138755im, which is not real up to a relative tolerance of 2.220446049250313e-15 and an absolute tolerance of 2.220446049250313e-15. Taking the real part, which may not be accurate.
└ @ ITensorMPS ~/.julia/packages/ITensorMPS/fZDBz/src/abstractmps.jl:1246
┌ Warning: log(norm²) is 0.8689193143949064 + 2.3310362744481847e-15im, which is not real up to a relative tolerance of 2.220446049250313e-15 and an absolute tolerance of 2.220446049250313e-15. Taking the real part, which may not be accurate.
└ @ ITensorMPS ~/.julia/packages/ITensorMPS/fZDBz/src/abstractmps.jl:1271
┌ Warning: norm² is 2.3563670643139485 - 6.2210786460032875e-15im, which is not real up to a relative tolerance of 2.220446049250313e-15 and an absolute tolerance of 2.220446049250313e-15. Taking the real part, which may not be accurate.
└ @ ITensorMPS ~/.julia/packages/ITensorMPS/fZDBz/src/abstractmps.jl:1246
┌ Warning: norm² is 8.610831411777533e10 + 0.00020325055535880317im, which is not real up to a relative tolerance of 2.220446049250313e-15 and an absolute tolerance of 2.220446049250313e-15. Taking the real part, which may not be accurate.
└ @ ITensorMPS ~/.julia/packages/ITensorMPS/fZDBz/src/abstractmps.jl:1246
┌ Warning: norm² is 1.130387821770079e11 - 0.0002569849285501588im, which is not real up to a relative tolerance of 2.220446049250313e-15 and an absolute tolerance of 2.220446049250313e-15. Taking the real part, which may not be accurate.
└ @ ITensorMPS ~/.julia/packages/ITensorMPS/fZDBz/src/abstractmps.jl:1246
┌ Warning: norm² is 2.383104292016879 + 5.472041001622686e-15im, which is not real up to a relative tolerance of 2.220446049250313e-15 and an absolute tolerance of 2.220446049250313e-15. Taking the real part, which may not be accurate.
└ @ ITensorMPS ~/.julia/packages/ITensorMPS/fZDBz/src/abstractmps.jl:1246
┌ Warning: norm² is 1.1310698532595407e11 + 0.0003574393308732625im, which is not real up to a relative tolerance of 2.220446049250313e-15 and an absolute tolerance of 2.220446049250313e-15. Taking the real part, which may not be accurate.
└ @ ITensorMPS ~/.julia/packages/ITensorMPS/fZDBz/src/abstractmps.jl:1246
┌ Warning: norm² is 2.358075122924687 + 5.367197086161029e-15im, which is not real up to a relative tolerance of 2.220446049250313e-15 and an absolute tolerance of 2.220446049250313e-15. Taking the real part, which may not be accurate.
└ @ ITensorMPS ~/.julia/packages/ITensorMPS/fZDBz/src/abstractmps.jl:1246
┌ Warning: norm² is 8.619280109393448e10 - 0.00025121125112886124im, which is not real up to a relative tolerance of 2.220446049250313e-15 and an absolute tolerance of 2.220446049250313e-15. Taking the real part, which may not be accurate.
└ @ ITensorMPS ~/.julia/packages/ITensorMPS/fZDBz/src/abstractmps.jl:1246
┌ Warning: norm² is 8.616339400944635e10 - 0.0002689381334628742im, which is not real up to a relative tolerance of 2.220446049250313e-15 and an absolute tolerance of 2.220446049250313e-15. Taking the real part, which may not be accurate.
└ @ ITensorMPS ~/.julia/packages/ITensorMPS/fZDBz/src/abstractmps.jl:1246
┌ Warning: log(norm²) is 0.8697431957997667 + 2.929881820015545e-15im, which is not real up to a relative tolerance of 2.220446049250313e-15 and an absolute tolerance of 2.220446049250313e-15. Taking the real part, which may not be accurate.
└ @ ITensorMPS ~/.julia/packages/ITensorMPS/fZDBz/src/abstractmps.jl:1271
┌ Warning: log(norm²) is 0.8800952196533551 - 2.5002256706946946e-15im, which is not real up to a relative tolerance of 2.220446049250313e-15 and an absolute tolerance of 2.220446049250313e-15. Taking the real part, which may not be accurate.
└ @ ITensorMPS ~/.julia/packages/ITensorMPS/fZDBz/src/abstractmps.jl:1271
┌ Warning: norm² is 7.989801956706348e10 - 0.00020317739566725715im, which is not real up to a relative tolerance of 2.220446049250313e-15 and an absolute tolerance of 2.220446049250313e-15. Taking the real part, which may not be accurate.
└ @ ITensorMPS ~/.julia/packages/ITensorMPS/fZDBz/src/abstractmps.jl:1246
┌ Warning: norm² is 8.620759050341856e10 - 0.00020511150907350523im, which is not real up to a relative tolerance of 2.220446049250313e-15 and an absolute tolerance of 2.220446049250313e-15. Taking the real part, which may not be accurate.
└ @ ITensorMPS ~/.julia/packages/ITensorMPS/fZDBz/src/abstractmps.jl:1246
┌ Warning: norm² is 2.4109727511846386 + 5.814322503031356e-15im, which is not real up to a relative tolerance of 2.220446049250313e-15 and an absolute tolerance of 2.220446049250313e-15. Taking the real part, which may not be accurate.
└ @ ITensorMPS ~/.julia/packages/ITensorMPS/fZDBz/src/abstractmps.jl:1246
┌ Warning: norm² is 8.618533752817982e10 + 0.00020608550954201552im, which is not real up to a relative tolerance of 2.220446049250313e-15 and an absolute tolerance of 2.220446049250313e-15. Taking the real part, which may not be accurate.
└ @ ITensorMPS ~/.julia/packages/ITensorMPS/fZDBz/src/abstractmps.jl:1246
┌ Warning: log(norm²) is 0.8668456687978089 - 2.3552607923923274e-15im, which is not real up to a relative tolerance of 2.220446049250313e-15 and an absolute tolerance of 2.220446049250313e-15. Taking the real part, which may not be accurate.
└ @ ITensorMPS ~/.julia/packages/ITensorMPS/fZDBz/src/abstractmps.jl:1271
┌ Warning: norm² is 1.1327646559799551e11 - 0.00028942804654254125im, which is not real up to a relative tolerance of 2.220446049250313e-15 and an absolute tolerance of 2.220446049250313e-15. Taking the real part, which may not be accurate.
└ @ ITensorMPS ~/.julia/packages/ITensorMPS/fZDBz/src/abstractmps.jl:1246
┌ Warning: norm² is 8.616010702000194e10 - 0.00027520244399141243im, which is not real up to a relative tolerance of 2.220446049250313e-15 and an absolute tolerance of 2.220446049250313e-15. Taking the real part, which may not be accurate.
└ @ ITensorMPS ~/.julia/packages/ITensorMPS/fZDBz/src/abstractmps.jl:1246
┌ Warning: norm² is 2.3837661762605498 - 6.733371632348042e-15im, which is not real up to a relative tolerance of 2.220446049250313e-15 and an absolute tolerance of 2.220446049250313e-15. Taking the real part, which may not be accurate.
└ @ ITensorMPS ~/.julia/packages/ITensorMPS/fZDBz/src/abstractmps.jl:1246
┌ Warning: norm² is 1.2283975666398839e11 + 0.00040237702116214776im, which is not real up to a relative tolerance of 2.220446049250313e-15 and an absolute tolerance of 2.220446049250313e-15. Taking the real part, which may not be accurate.
└ @ ITensorMPS ~/.julia/packages/ITensorMPS/fZDBz/src/abstractmps.jl:1246
┌ Warning: log(norm²) is 0.8690407422175341 - 2.2932711614730318e-15im, which is not real up to a relative tolerance of 2.220446049250313e-15 and an absolute tolerance of 2.220446049250313e-15. Taking the real part, which may not be accurate.
└ @ ITensorMPS ~/.julia/packages/ITensorMPS/fZDBz/src/abstractmps.jl:1271
┌ Warning: norm² is 8.631504066795209e10 + 0.0002580929009770599im, which is not real up to a relative tolerance of 2.220446049250313e-15 and an absolute tolerance of 2.220446049250313e-15. Taking the real part, which may not be accurate.
└ @ ITensorMPS ~/.julia/packages/ITensorMPS/fZDBz/src/abstractmps.jl:1246
┌ Warning: norm² is 7.989018648046869e10 + 0.00023371107739320526im, which is not real up to a relative tolerance of 2.220446049250313e-15 and an absolute tolerance of 2.220446049250313e-15. Taking the real part, which may not be accurate.
└ @ ITensorMPS ~/.julia/packages/ITensorMPS/fZDBz/src/abstractmps.jl:1246
┌ Warning: norm² is 2.3573437677129903 + 6.1462149127787776e-15im, which is not real up to a relative tolerance of 2.220446049250313e-15 and an absolute tolerance of 2.220446049250313e-15. Taking the real part, which may not be accurate.
└ @ ITensorMPS ~/.julia/packages/ITensorMPS/fZDBz/src/abstractmps.jl:1246
┌ Warning: log(norm²) is 0.8790360417369179 + 2.331971710152891e-15im, which is not real up to a relative tolerance of 2.220446049250313e-15 and an absolute tolerance of 2.220446049250313e-15. Taking the real part, which may not be accurate.
└ @ ITensorMPS ~/.julia/packages/ITensorMPS/fZDBz/src/abstractmps.jl:1271
┌ Warning: norm² is 7.993005194974086e10 - 0.0001943568822710894im, which is not real up to a relative tolerance of 2.220446049250313e-15 and an absolute tolerance of 2.220446049250313e-15. Taking the real part, which may not be accurate.
└ @ ITensorMPS ~/.julia/packages/ITensorMPS/fZDBz/src/abstractmps.jl:1246
┌ Warning: log(norm²) is 0.8679896221234129 + 2.9487915230690358e-15im, which is not real up to a relative tolerance of 2.220446049250313e-15 and an absolute tolerance of 2.220446049250313e-15. Taking the real part, which may not be accurate.
└ @ ITensorMPS ~/.julia/packages/ITensorMPS/fZDBz/src/abstractmps.jl:1271
┌ Warning: norm² is 1.1326807732686162e11 - 0.00027310580340999575im, which is not real up to a relative tolerance of 2.220446049250313e-15 and an absolute tolerance of 2.220446049250313e-15. Taking the real part, which may not be accurate.
└ @ ITensorMPS ~/.julia/packages/ITensorMPS/fZDBz/src/abstractmps.jl:1246
┌ Warning: norm² is 7.990224168803194e10 - 0.00028502316048149205im, which is not real up to a relative tolerance of 2.220446049250313e-15 and an absolute tolerance of 2.220446049250313e-15. Taking the real part, which may not be accurate.
└ @ ITensorMPS ~/.julia/packages/ITensorMPS/fZDBz/src/abstractmps.jl:1246
┌ Warning: norm² is 1.1341920397618e11 - 0.00028366386377204im, which is not real up to a relative tolerance of 2.220446049250313e-15 and an absolute tolerance of 2.220446049250313e-15. Taking the real part, which may not be accurate.
└ @ ITensorMPS ~/.julia/packages/ITensorMPS/fZDBz/src/abstractmps.jl:1246
┌ Warning: norm² is 7.991592016568785e10 - 0.00023880950762430024im, which is not real up to a relative tolerance of 2.220446049250313e-15 and an absolute tolerance of 2.220446049250313e-15. Taking the real part, which may not be accurate.
└ @ ITensorMPS ~/.julia/packages/ITensorMPS/fZDBz/src/abstractmps.jl:1246
┌ Warning: norm² is 2.3856360654261555 + 5.83357897533938e-15im, which is not real up to a relative tolerance of 2.220446049250313e-15 and an absolute tolerance of 2.220446049250313e-15. Taking the real part, which may not be accurate.
└ @ ITensorMPS ~/.julia/packages/ITensorMPS/fZDBz/src/abstractmps.jl:1246
┌ Warning: norm² is 2.3846781084776265 + 6.79274283146072e-15im, which is not real up to a relative tolerance of 2.220446049250313e-15 and an absolute tolerance of 2.220446049250313e-15. Taking the real part, which may not be accurate.
└ @ ITensorMPS ~/.julia/packages/ITensorMPS/fZDBz/src/abstractmps.jl:1246
┌ Warning: log(norm²) is 0.866073304024486 + 2.687309091153504e-15im, which is not real up to a relative tolerance of 2.220446049250313e-15 and an absolute tolerance of 2.220446049250313e-15. Taking the real part, which may not be accurate.
└ @ ITensorMPS ~/.julia/packages/ITensorMPS/fZDBz/src/abstractmps.jl:1271
┌ Warning: norm² is 2.3843601703092534 - 6.6275772367393476e-15im, which is not real up to a relative tolerance of 2.220446049250313e-15 and an absolute tolerance of 2.220446049250313e-15. Taking the real part, which may not be accurate.
└ @ ITensorMPS ~/.julia/packages/ITensorMPS/fZDBz/src/abstractmps.jl:1246
┌ Warning: norm² is 1.1315933889825746e11 - 0.0002607026116993506im, which is not real up to a relative tolerance of 2.220446049250313e-15 and an absolute tolerance of 2.220446049250313e-15. Taking the real part, which may not be accurate.
└ @ ITensorMPS ~/.julia/packages/ITensorMPS/fZDBz/src/abstractmps.jl:1246
┌ Warning: norm² is 1.1320214783501967e11 + 0.00034568977056062956im, which is not real up to a relative tolerance of 2.220446049250313e-15 and an absolute tolerance of 2.220446049250313e-15. Taking the real part, which may not be accurate.
└ @ ITensorMPS ~/.julia/packages/ITensorMPS/fZDBz/src/abstractmps.jl:1246
┌ Warning: norm² is 2.3796617799794553 - 5.545886500935215e-15im, which is not real up to a relative tolerance of 2.220446049250313e-15 and an absolute tolerance of 2.220446049250313e-15. Taking the real part, which may not be accurate.
└ @ ITensorMPS ~/.julia/packages/ITensorMPS/fZDBz/src/abstractmps.jl:1246
┌ Warning: norm² is 1.1309802175381837e11 + 0.00030555359322299137im, which is not real up to a relative tolerance of 2.220446049250313e-15 and an absolute tolerance of 2.220446049250313e-15. Taking the real part, which may not be accurate.
└ @ ITensorMPS ~/.julia/packages/ITensorMPS/fZDBz/src/abstractmps.jl:1246
┌ Warning: norm² is 1.1305999368785133e11 + 0.00028446217323970993im, which is not real up to a relative tolerance of 2.220446049250313e-15 and an absolute tolerance of 2.220446049250313e-15. Taking the real part, which may not be accurate.
└ @ ITensorMPS ~/.julia/packages/ITensorMPS/fZDBz/src/abstractmps.jl:1246
┌ Warning: norm² is 7.996854920818227e10 - 0.00018191551201973986im, which is not real up to a relative tolerance of 2.220446049250313e-15 and an absolute tolerance of 2.220446049250313e-15. Taking the real part, which may not be accurate.
└ @ ITensorMPS ~/.julia/packages/ITensorMPS/fZDBz/src/abstractmps.jl:1246
┌ Warning: norm² is 9.96473069113341e10 - 0.000406568821644245im, which is not real up to a relative tolerance of 2.220446049250313e-15 and an absolute tolerance of 2.220446049250313e-15. Taking the real part, which may not be accurate.
└ @ ITensorMPS ~/.julia/packages/ITensorMPS/fZDBz/src/abstractmps.jl:1246
┌ Warning: log(norm²) is 0.8681305365961979 - 2.8398573726932725e-15im, which is not real up to a relative tolerance of 2.220446049250313e-15 and an absolute tolerance of 2.220446049250313e-15. Taking the real part, which may not be accurate.
└ @ ITensorMPS ~/.julia/packages/ITensorMPS/fZDBz/src/abstractmps.jl:1271
┌ Warning: log(norm²) is 0.8684371415947063 - 2.382801086454587e-15im, which is not real up to a relative tolerance of 2.220446049250313e-15 and an absolute tolerance of 2.220446049250313e-15. Taking the real part, which may not be accurate.
└ @ ITensorMPS ~/.julia/packages/ITensorMPS/fZDBz/src/abstractmps.jl:1271
┌ Warning: log(norm²) is 0.8576869032404364 - 2.3779294968511166e-15im, which is not real up to a relative tolerance of 2.220446049250313e-15 and an absolute tolerance of 2.220446049250313e-15. Taking the real part, which may not be accurate.
└ @ ITensorMPS ~/.julia/packages/ITensorMPS/fZDBz/src/abstractmps.jl:1271
┌ Warning: norm² is 2.3783774971775404 + 7.612288219936639e-15im, which is not real up to a relative tolerance of 2.220446049250313e-15 and an absolute tolerance of 2.220446049250313e-15. Taking the real part, which may not be accurate.
└ @ ITensorMPS ~/.julia/packages/ITensorMPS/fZDBz/src/abstractmps.jl:1246
┌ Warning: norm² is 1.1290899451456664e11 + 0.00035869766046065535im, which is not real up to a relative tolerance of 2.220446049250313e-15 and an absolute tolerance of 2.220446049250313e-15. Taking the real part, which may not be accurate.
└ @ ITensorMPS ~/.julia/packages/ITensorMPS/fZDBz/src/abstractmps.jl:1246
┌ Warning: norm² is 7.991514372389882e10 - 0.00021574676251300597im, which is not real up to a relative tolerance of 2.220446049250313e-15 and an absolute tolerance of 2.220446049250313e-15. Taking the real part, which may not be accurate.
└ @ ITensorMPS ~/.julia/packages/ITensorMPS/fZDBz/src/abstractmps.jl:1246
┌ Warning: log(norm²) is 0.869044948086449 - 2.5615399789876684e-15im, which is not real up to a relative tolerance of 2.220446049250313e-15 and an absolute tolerance of 2.220446049250313e-15. Taking the real part, which may not be accurate.
└ @ ITensorMPS ~/.julia/packages/ITensorMPS/fZDBz/src/abstractmps.jl:1271
┌ Warning: norm² is 8.612835086902025e10 + 0.00026133048632410316im, which is not real up to a relative tolerance of 2.220446049250313e-15 and an absolute tolerance of 2.220446049250313e-15. Taking the real part, which may not be accurate.
└ @ ITensorMPS ~/.julia/packages/ITensorMPS/fZDBz/src/abstractmps.jl:1246
┌ Warning: log(norm²) is 0.8690181258383172 - 2.3154984243888613e-15im, which is not real up to a relative tolerance of 2.220446049250313e-15 and an absolute tolerance of 2.220446049250313e-15. Taking the real part, which may not be accurate.
└ @ ITensorMPS ~/.julia/packages/ITensorMPS/fZDBz/src/abstractmps.jl:1271
┌ Warning: norm² is 1.1342131017577887e11 - 0.0003395736110234623im, which is not real up to a relative tolerance of 2.220446049250313e-15 and an absolute tolerance of 2.220446049250313e-15. Taking the real part, which may not be accurate.
└ @ ITensorMPS ~/.julia/packages/ITensorMPS/fZDBz/src/abstractmps.jl:1246
┌ Warning: norm² is 2.3531928454866744 - 5.620349510113925e-15im, which is not real up to a relative tolerance of 2.220446049250313e-15 and an absolute tolerance of 2.220446049250313e-15. Taking the real part, which may not be accurate.
└ @ ITensorMPS ~/.julia/packages/ITensorMPS/fZDBz/src/abstractmps.jl:1246
┌ Warning: norm² is 2.384294121368748 + 5.692369044724559e-15im, which is not real up to a relative tolerance of 2.220446049250313e-15 and an absolute tolerance of 2.220446049250313e-15. Taking the real part, which may not be accurate.
└ @ ITensorMPS ~/.julia/packages/ITensorMPS/fZDBz/src/abstractmps.jl:1246
┌ Warning: norm² is 7.998792861343478e10 + 0.00021223958405305627im, which is not real up to a relative tolerance of 2.220446049250313e-15 and an absolute tolerance of 2.220446049250313e-15. Taking the real part, which may not be accurate.
└ @ ITensorMPS ~/.julia/packages/ITensorMPS/fZDBz/src/abstractmps.jl:1246
┌ Warning: log(norm²) is 0.8792500181479909 - 2.5517179942819567e-15im, which is not real up to a relative tolerance of 2.220446049250313e-15 and an absolute tolerance of 2.220446049250313e-15. Taking the real part, which may not be accurate.
└ @ ITensorMPS ~/.julia/packages/ITensorMPS/fZDBz/src/abstractmps.jl:1271
┌ Warning: norm² is 9.711500162068008e10 + 0.000300930832317095im, which is not real up to a relative tolerance of 2.220446049250313e-15 and an absolute tolerance of 2.220446049250313e-15. Taking the real part, which may not be accurate.
└ @ ITensorMPS ~/.julia/packages/ITensorMPS/fZDBz/src/abstractmps.jl:1246
┌ Warning: norm² is 1.1298726231712306e11 + 0.00032087809725478796im, which is not real up to a relative tolerance of 2.220446049250313e-15 and an absolute tolerance of 2.220446049250313e-15. Taking the real part, which may not be accurate.
└ @ ITensorMPS ~/.julia/packages/ITensorMPS/fZDBz/src/abstractmps.jl:1246
┌ Warning: norm² is 8.62309010166211e10 - 0.00021660178319966378im, which is not real up to a relative tolerance of 2.220446049250313e-15 and an absolute tolerance of 2.220446049250313e-15. Taking the real part, which may not be accurate.
└ @ ITensorMPS ~/.julia/packages/ITensorMPS/fZDBz/src/abstractmps.jl:1246
┌ Warning: log(norm²) is 0.868890166037891 + 2.581050574904822e-15im, which is not real up to a relative tolerance of 2.220446049250313e-15 and an absolute tolerance of 2.220446049250313e-15. Taking the real part, which may not be accurate.
└ @ ITensorMPS ~/.julia/packages/ITensorMPS/fZDBz/src/abstractmps.jl:1271
┌ Warning: log(norm²) is 0.8691258452220991 + 2.318824161598323e-15im, which is not real up to a relative tolerance of 2.220446049250313e-15 and an absolute tolerance of 2.220446049250313e-15. Taking the real part, which may not be accurate.
└ @ ITensorMPS ~/.julia/packages/ITensorMPS/fZDBz/src/abstractmps.jl:1271
┌ Warning: norm² is 1.131779894023364e11 + 0.0002713543729227612im, which is not real up to a relative tolerance of 2.220446049250313e-15 and an absolute tolerance of 2.220446049250313e-15. Taking the real part, which may not be accurate.
└ @ ITensorMPS ~/.julia/packages/ITensorMPS/fZDBz/src/abstractmps.jl:1246
┌ Warning: norm² is 1.1333478959116309e11 - 0.00027143478122691316im, which is not real up to a relative tolerance of 2.220446049250313e-15 and an absolute tolerance of 2.220446049250313e-15. Taking the real part, which may not be accurate.
└ @ ITensorMPS ~/.julia/packages/ITensorMPS/fZDBz/src/abstractmps.jl:1246
┌ Warning: norm² is 2.382877588517344 - 6.172620265596336e-15im, which is not real up to a relative tolerance of 2.220446049250313e-15 and an absolute tolerance of 2.220446049250313e-15. Taking the real part, which may not be accurate.
└ @ ITensorMPS ~/.julia/packages/ITensorMPS/fZDBz/src/abstractmps.jl:1246
┌ Warning: norm² is 2.38225812663854 - 7.0711730140316e-15im, which is not real up to a relative tolerance of 2.220446049250313e-15 and an absolute tolerance of 2.220446049250313e-15. Taking the real part, which may not be accurate.
└ @ ITensorMPS ~/.julia/packages/ITensorMPS/fZDBz/src/abstractmps.jl:1246
┌ Warning: log(norm²) is 0.8558983476180464 - 2.6870483186032875e-15im, which is not real up to a relative tolerance of 2.220446049250313e-15 and an absolute tolerance of 2.220446049250313e-15. Taking the real part, which may not be accurate.
└ @ ITensorMPS ~/.julia/packages/ITensorMPS/fZDBz/src/abstractmps.jl:1271
┌ Warning: norm² is 1.1297677111862535e11 - 0.0002705985708064882im, which is not real up to a relative tolerance of 2.220446049250313e-15 and an absolute tolerance of 2.220446049250313e-15. Taking the real part, which may not be accurate.
└ @ ITensorMPS ~/.julia/packages/ITensorMPS/fZDBz/src/abstractmps.jl:1246
┌ Warning: log(norm²) is 0.8556045567605741 + 3.1417371278681485e-15im, which is not real up to a relative tolerance of 2.220446049250313e-15 and an absolute tolerance of 2.220446049250313e-15. Taking the real part, which may not be accurate.
└ @ ITensorMPS ~/.julia/packages/ITensorMPS/fZDBz/src/abstractmps.jl:1271
┌ Warning: norm² is 7.997605555676799e10 + 0.0002662672742152586im, which is not real up to a relative tolerance of 2.220446049250313e-15 and an absolute tolerance of 2.220446049250313e-15. Taking the real part, which may not be accurate.
└ @ ITensorMPS ~/.julia/packages/ITensorMPS/fZDBz/src/abstractmps.jl:1246
┌ Warning: log(norm²) is 0.8799681117293287 - 2.9881956344397296e-15im, which is not real up to a relative tolerance of 2.220446049250313e-15 and an absolute tolerance of 2.220446049250313e-15. Taking the real part, which may not be accurate.
└ @ ITensorMPS ~/.julia/packages/ITensorMPS/fZDBz/src/abstractmps.jl:1271
┌ Warning: norm² is 9.75869819014137e10 + 0.00022864063348693398im, which is not real up to a relative tolerance of 2.220446049250313e-15 and an absolute tolerance of 2.220446049250313e-15. Taking the real part, which may not be accurate.
└ @ ITensorMPS ~/.julia/packages/ITensorMPS/fZDBz/src/abstractmps.jl:1246
┌ Warning: norm² is 2.409162929746985 + 6.230030731990544e-15im, which is not real up to a relative tolerance of 2.220446049250313e-15 and an absolute tolerance of 2.220446049250313e-15. Taking the real part, which may not be accurate.
└ @ ITensorMPS ~/.julia/packages/ITensorMPS/fZDBz/src/abstractmps.jl:1246
┌ Warning: log(norm²) is 0.8797010042692326 - 2.865792483557412e-15im, which is not real up to a relative tolerance of 2.220446049250313e-15 and an absolute tolerance of 2.220446049250313e-15. Taking the real part, which may not be accurate.
└ @ ITensorMPS ~/.julia/packages/ITensorMPS/fZDBz/src/abstractmps.jl:1271
┌ Warning: log(norm²) is 0.8686742874450881 + 2.2436312739019907e-15im, which is not real up to a relative tolerance of 2.220446049250313e-15 and an absolute tolerance of 2.220446049250313e-15. Taking the real part, which may not be accurate.
└ @ ITensorMPS ~/.julia/packages/ITensorMPS/fZDBz/src/abstractmps.jl:1271
┌ Warning: norm² is 1.1308775062745361e11 - 0.00030070469582934103im, which is not real up to a relative tolerance of 2.220446049250313e-15 and an absolute tolerance of 2.220446049250313e-15. Taking the real part, which may not be accurate.
└ @ ITensorMPS ~/.julia/packages/ITensorMPS/fZDBz/src/abstractmps.jl:1246
[ Info: [cut_tight] T=10.0  converged@1079  |θ0|=1.5526  peak=0.7068  r=[5.3e-06,4.6e-06,5.5e-06,4.9e-06]  16576s
