load JULIA/1.12.0 (PATH, LD_LIBRARY_PATH, LIBRARY_PATH, C_INCLUDE_PATH,
CPLUS_INCLUDE_PATH, MANPATH) 
Precompiling packages...
    MKL_jll Being precompiled by another machine (hostname: gs03r2b16, pid: 3364626, pidfile: /home/bsc/bsc948371/.julia/compiled/v1.12/MKL_jll/DHEix_3NBx9.ji.pidfile)
  21100.5 ms  ✓ MKL_jll
    MKL Being precompiled by another machine (hostname: gs24r2b71, pid: 623282, pidfile: /home/bsc/bsc948371/.julia/compiled/v1.12/MKL/tDGGv_3NBx9.ji.pidfile)
  10030.4 ms  ✓ MKL
  2 dependencies successfully precompiled in 32 seconds. 31 already precompiled.
[ Info: Checking symmetry MPO tensor on physical(space) => bond(time) indices
┌ Warning: Tensor *not* symmetric (dim=2|id=427|"S=1/2,Site") <-> (dim=2|id=427|"S=1/2,Site")', normdiff = 0.2034249757191385
└ @ ITransverse ~/.julia/packages/ITransverse/8pmYI/src/ITenUtils/itensor_utils.jl:93
[ Info: Checking symmetry MPO tensor on bond(space) => phys(time) indices
┌ Warning: Tensor *not* symmetric (dim=7|id=191|"Link,l=1") <-> (dim=7|id=548|"Link,l=2"), normdiff = 1.1566412865695994
└ @ ITransverse ~/.julia/packages/ITransverse/8pmYI/src/ITenUtils/itensor_utils.jl:93
[ Info: Checking symmetry MPO tensor on physical(space) => bond(time) indices
┌ Warning: Tensor *not* symmetric (dim=2|id=229|"S=1/2,Site") <-> (dim=2|id=229|"S=1/2,Site")', normdiff = 0.2034249757191385
└ @ ITransverse ~/.julia/packages/ITransverse/8pmYI/src/ITenUtils/itensor_utils.jl:93
[ Info: Checking symmetry MPO tensor on bond(space) => phys(time) indices
┌ Warning: Tensor *not* symmetric (dim=7|id=399|"Link,l=1") <-> (dim=7|id=964|"Link,l=2"), normdiff = 1.4350175351861996
└ @ ITransverse ~/.julia/packages/ITransverse/8pmYI/src/ITenUtils/itensor_utils.jl:93
┌ Warning: norm² is 2.337322217409353e15 - 5.817265998812218im, which is not real up to a relative tolerance of 2.220446049250313e-15 and an absolute tolerance of 2.220446049250313e-15. Taking the real part, which may not be accurate.
└ @ ITensorMPS ~/.julia/packages/ITensorMPS/fZDBz/src/abstractmps.jl:1246
┌ Warning: norm² is 8.75939478227633e14 + 2.0968188660017404im, which is not real up to a relative tolerance of 2.220446049250313e-15 and an absolute tolerance of 2.220446049250313e-15. Taking the real part, which may not be accurate.
└ @ ITensorMPS ~/.julia/packages/ITensorMPS/fZDBz/src/abstractmps.jl:1246
┌ Warning: norm² is 1.469311920274908e15 + 3.733241647059913im, which is not real up to a relative tolerance of 2.220446049250313e-15 and an absolute tolerance of 2.220446049250313e-15. Taking the real part, which may not be accurate.
└ @ ITensorMPS ~/.julia/packages/ITensorMPS/fZDBz/src/abstractmps.jl:1246
┌ Warning: norm² is 1.0136146751185269e15 + 2.5430854362795117im, which is not real up to a relative tolerance of 2.220446049250313e-15 and an absolute tolerance of 2.220446049250313e-15. Taking the real part, which may not be accurate.
└ @ ITensorMPS ~/.julia/packages/ITensorMPS/fZDBz/src/abstractmps.jl:1246
┌ Warning: log(norm²) is -0.1800025035507073 - 2.7854992927256045e-15im, which is not real up to a relative tolerance of 2.220446049250313e-15 and an absolute tolerance of 2.220446049250313e-15. Taking the real part, which may not be accurate.
└ @ ITensorMPS ~/.julia/packages/ITensorMPS/fZDBz/src/abstractmps.jl:1271
┌ Warning: norm² is 1.316455600276256e17 + 415.72839858708903im, which is not real up to a relative tolerance of 2.220446049250313e-15 and an absolute tolerance of 2.220446049250313e-15. Taking the real part, which may not be accurate.
└ @ ITensorMPS ~/.julia/packages/ITensorMPS/fZDBz/src/abstractmps.jl:1246
┌ Warning: norm² is 5.4339555797164175e14 - 1.6445291595783829im, which is not real up to a relative tolerance of 2.220446049250313e-15 and an absolute tolerance of 2.220446049250313e-15. Taking the real part, which may not be accurate.
└ @ ITensorMPS ~/.julia/packages/ITensorMPS/fZDBz/src/abstractmps.jl:1246
┌ Warning: norm² is 2.2789124792391312e14 + 0.5699151390131321im, which is not real up to a relative tolerance of 2.220446049250313e-15 and an absolute tolerance of 2.220446049250313e-15. Taking the real part, which may not be accurate.
└ @ ITensorMPS ~/.julia/packages/ITensorMPS/fZDBz/src/abstractmps.jl:1246
┌ Warning: norm² is 1.8966801068048092e16 + 43.8926038736181im, which is not real up to a relative tolerance of 2.220446049250313e-15 and an absolute tolerance of 2.220446049250313e-15. Taking the real part, which may not be accurate.
└ @ ITensorMPS ~/.julia/packages/ITensorMPS/fZDBz/src/abstractmps.jl:1246
┌ Warning: norm² is 2.5983499179338947e14 + 0.6078409038881678im, which is not real up to a relative tolerance of 2.220446049250313e-15 and an absolute tolerance of 2.220446049250313e-15. Taking the real part, which may not be accurate.
└ @ ITensorMPS ~/.julia/packages/ITensorMPS/fZDBz/src/abstractmps.jl:1246
┌ Warning: log(norm²) is 0.04394838830619241 - 2.684209754575833e-15im, which is not real up to a relative tolerance of 2.220446049250313e-15 and an absolute tolerance of 2.220446049250313e-15. Taking the real part, which may not be accurate.
└ @ ITensorMPS ~/.julia/packages/ITensorMPS/fZDBz/src/abstractmps.jl:1271
┌ Warning: norm² is 1.9652177108215353e14 + 0.947423503885167im, which is not real up to a relative tolerance of 2.220446049250313e-15 and an absolute tolerance of 2.220446049250313e-15. Taking the real part, which may not be accurate.
└ @ ITensorMPS ~/.julia/packages/ITensorMPS/fZDBz/src/abstractmps.jl:1246
┌ Warning: norm² is 4.151708502900441e14 + 0.9618808048898453im, which is not real up to a relative tolerance of 2.220446049250313e-15 and an absolute tolerance of 2.220446049250313e-15. Taking the real part, which may not be accurate.
└ @ ITensorMPS ~/.julia/packages/ITensorMPS/fZDBz/src/abstractmps.jl:1246
┌ Warning: norm² is 1.0474440834909729e15 - 2.441834839928031im, which is not real up to a relative tolerance of 2.220446049250313e-15 and an absolute tolerance of 2.220446049250313e-15. Taking the real part, which may not be accurate.
└ @ ITensorMPS ~/.julia/packages/ITensorMPS/fZDBz/src/abstractmps.jl:1246
┌ Warning: norm² is 1.0513020214814559e15 + 2.743378036288566im, which is not real up to a relative tolerance of 2.220446049250313e-15 and an absolute tolerance of 2.220446049250313e-15. Taking the real part, which may not be accurate.
└ @ ITensorMPS ~/.julia/packages/ITensorMPS/fZDBz/src/abstractmps.jl:1246
┌ Warning: norm² is 4.687567454878772e14 - 1.4797402702347449im, which is not real up to a relative tolerance of 2.220446049250313e-15 and an absolute tolerance of 2.220446049250313e-15. Taking the real part, which may not be accurate.
└ @ ITensorMPS ~/.julia/packages/ITensorMPS/fZDBz/src/abstractmps.jl:1246
┌ Warning: norm² is 4.8639351839456125e13 + 0.12030205781956349im, which is not real up to a relative tolerance of 2.220446049250313e-15 and an absolute tolerance of 2.220446049250313e-15. Taking the real part, which may not be accurate.
└ @ ITensorMPS ~/.julia/packages/ITensorMPS/fZDBz/src/abstractmps.jl:1246
┌ Warning: norm² is 1.5913206121928989 - 4.471900704150185e-15im, which is not real up to a relative tolerance of 2.220446049250313e-15 and an absolute tolerance of 2.220446049250313e-15. Taking the real part, which may not be accurate.
└ @ ITensorMPS ~/.julia/packages/ITensorMPS/fZDBz/src/abstractmps.jl:1246
┌ Warning: norm² is 6.205420972994671e13 + 0.2602274265678943im, which is not real up to a relative tolerance of 2.220446049250313e-15 and an absolute tolerance of 2.220446049250313e-15. Taking the real part, which may not be accurate.
└ @ ITensorMPS ~/.julia/packages/ITensorMPS/fZDBz/src/abstractmps.jl:1246
┌ Warning: norm² is 1.4579116278042275e14 + 0.40102624308724444im, which is not real up to a relative tolerance of 2.220446049250313e-15 and an absolute tolerance of 2.220446049250313e-15. Taking the real part, which may not be accurate.
└ @ ITensorMPS ~/.julia/packages/ITensorMPS/fZDBz/src/abstractmps.jl:1246
┌ Warning: norm² is 1.9385646965666306e14 + 0.571808891830301im, which is not real up to a relative tolerance of 2.220446049250313e-15 and an absolute tolerance of 2.220446049250313e-15. Taking the real part, which may not be accurate.
└ @ ITensorMPS ~/.julia/packages/ITensorMPS/fZDBz/src/abstractmps.jl:1246
┌ Warning: norm² is 1.013639279842053e14 - 0.2832348950663004im, which is not real up to a relative tolerance of 2.220446049250313e-15 and an absolute tolerance of 2.220446049250313e-15. Taking the real part, which may not be accurate.
└ @ ITensorMPS ~/.julia/packages/ITensorMPS/fZDBz/src/abstractmps.jl:1246
┌ Warning: norm² is 3.178840237660051e14 + 1.089165190244219im, which is not real up to a relative tolerance of 2.220446049250313e-15 and an absolute tolerance of 2.220446049250313e-15. Taking the real part, which may not be accurate.
└ @ ITensorMPS ~/.julia/packages/ITensorMPS/fZDBz/src/abstractmps.jl:1246
┌ Warning: norm² is 5.451866133907989e13 + 0.14434002203235552im, which is not real up to a relative tolerance of 2.220446049250313e-15 and an absolute tolerance of 2.220446049250313e-15. Taking the real part, which may not be accurate.
└ @ ITensorMPS ~/.julia/packages/ITensorMPS/fZDBz/src/abstractmps.jl:1246
┌ Warning: norm² is 1.617889584249738e15 - 4.701308885186076im, which is not real up to a relative tolerance of 2.220446049250313e-15 and an absolute tolerance of 2.220446049250313e-15. Taking the real part, which may not be accurate.
└ @ ITensorMPS ~/.julia/packages/ITensorMPS/fZDBz/src/abstractmps.jl:1246
┌ Warning: norm² is 7.393791165811931e14 + 2.8646915304063163im, which is not real up to a relative tolerance of 2.220446049250313e-15 and an absolute tolerance of 2.220446049250313e-15. Taking the real part, which may not be accurate.
└ @ ITensorMPS ~/.julia/packages/ITensorMPS/fZDBz/src/abstractmps.jl:1246
┌ Warning: log(norm²) is 0.2667980831025425 - 2.7850256235527753e-15im, which is not real up to a relative tolerance of 2.220446049250313e-15 and an absolute tolerance of 2.220446049250313e-15. Taking the real part, which may not be accurate.
└ @ ITensorMPS ~/.julia/packages/ITensorMPS/fZDBz/src/abstractmps.jl:1271
┌ Warning: log(norm²) is -0.4260869705722844 + 2.4994905957094946e-15im, which is not real up to a relative tolerance of 2.220446049250313e-15 and an absolute tolerance of 2.220446049250313e-15. Taking the real part, which may not be accurate.
└ @ ITensorMPS ~/.julia/packages/ITensorMPS/fZDBz/src/abstractmps.jl:1271
┌ Warning: norm² is 1.3975967330204835 - 5.387464784502801e-15im, which is not real up to a relative tolerance of 2.220446049250313e-15 and an absolute tolerance of 2.220446049250313e-15. Taking the real part, which may not be accurate.
└ @ ITensorMPS ~/.julia/packages/ITensorMPS/fZDBz/src/abstractmps.jl:1246
┌ Warning: log(norm²) is 0.33475414227092765 + 2.8469513341352897e-15im, which is not real up to a relative tolerance of 2.220446049250313e-15 and an absolute tolerance of 2.220446049250313e-15. Taking the real part, which may not be accurate.
└ @ ITensorMPS ~/.julia/packages/ITensorMPS/fZDBz/src/abstractmps.jl:1271
┌ Warning: norm² is 2.565667349622308 + 7.56346968926783e-15im, which is not real up to a relative tolerance of 2.220446049250313e-15 and an absolute tolerance of 2.220446049250313e-15. Taking the real part, which may not be accurate.
└ @ ITensorMPS ~/.julia/packages/ITensorMPS/fZDBz/src/abstractmps.jl:1246
┌ Warning: norm² is 1.4701256011858506 + 3.9083797280722944e-15im, which is not real up to a relative tolerance of 2.220446049250313e-15 and an absolute tolerance of 2.220446049250313e-15. Taking the real part, which may not be accurate.
└ @ ITensorMPS ~/.julia/packages/ITensorMPS/fZDBz/src/abstractmps.jl:1246
┌ Warning: norm² is 1.5494252214862771 + 3.679702152790524e-15im, which is not real up to a relative tolerance of 2.220446049250313e-15 and an absolute tolerance of 2.220446049250313e-15. Taking the real part, which may not be accurate.
└ @ ITensorMPS ~/.julia/packages/ITensorMPS/fZDBz/src/abstractmps.jl:1246
┌ Warning: norm² is 1.5996583893609734e13 - 0.03758593666273197im, which is not real up to a relative tolerance of 2.220446049250313e-15 and an absolute tolerance of 2.220446049250313e-15. Taking the real part, which may not be accurate.
└ @ ITensorMPS ~/.julia/packages/ITensorMPS/fZDBz/src/abstractmps.jl:1246
┌ Warning: norm² is 1.3005598614241174 + 3.466280198796278e-15im, which is not real up to a relative tolerance of 2.220446049250313e-15 and an absolute tolerance of 2.220446049250313e-15. Taking the real part, which may not be accurate.
└ @ ITensorMPS ~/.julia/packages/ITensorMPS/fZDBz/src/abstractmps.jl:1246
┌ Warning: norm² is 1.6236299598042137 - 3.926329355529879e-15im, which is not real up to a relative tolerance of 2.220446049250313e-15 and an absolute tolerance of 2.220446049250313e-15. Taking the real part, which may not be accurate.
└ @ ITensorMPS ~/.julia/packages/ITensorMPS/fZDBz/src/abstractmps.jl:1246
┌ Warning: norm² is 5.367580841441612e12 - 0.01575047411991603im, which is not real up to a relative tolerance of 2.220446049250313e-15 and an absolute tolerance of 2.220446049250313e-15. Taking the real part, which may not be accurate.
└ @ ITensorMPS ~/.julia/packages/ITensorMPS/fZDBz/src/abstractmps.jl:1246
┌ Warning: log(norm²) is 0.29173415967630273 - 2.668968035232507e-15im, which is not real up to a relative tolerance of 2.220446049250313e-15 and an absolute tolerance of 2.220446049250313e-15. Taking the real part, which may not be accurate.
└ @ ITensorMPS ~/.julia/packages/ITensorMPS/fZDBz/src/abstractmps.jl:1271
┌ Warning: norm² is 4.938580721233178e12 + 0.014289940038919265im, which is not real up to a relative tolerance of 2.220446049250313e-15 and an absolute tolerance of 2.220446049250313e-15. Taking the real part, which may not be accurate.
└ @ ITensorMPS ~/.julia/packages/ITensorMPS/fZDBz/src/abstractmps.jl:1246
┌ Warning: log(norm²) is 0.8177596755242134 + 3.3851503747261715e-15im, which is not real up to a relative tolerance of 2.220446049250313e-15 and an absolute tolerance of 2.220446049250313e-15. Taking the real part, which may not be accurate.
└ @ ITensorMPS ~/.julia/packages/ITensorMPS/fZDBz/src/abstractmps.jl:1271
┌ Warning: norm² is 7.031244815838728e13 + 0.20965054010287332im, which is not real up to a relative tolerance of 2.220446049250313e-15 and an absolute tolerance of 2.220446049250313e-15. Taking the real part, which may not be accurate.
└ @ ITensorMPS ~/.julia/packages/ITensorMPS/fZDBz/src/abstractmps.jl:1246
┌ Warning: norm² is 1.1213974438755484e13 + 0.0421905059176495im, which is not real up to a relative tolerance of 2.220446049250313e-15 and an absolute tolerance of 2.220446049250313e-15. Taking the real part, which may not be accurate.
└ @ ITensorMPS ~/.julia/packages/ITensorMPS/fZDBz/src/abstractmps.jl:1246
┌ Warning: norm² is 2.5950530478135434 - 7.682116106148236e-15im, which is not real up to a relative tolerance of 2.220446049250313e-15 and an absolute tolerance of 2.220446049250313e-15. Taking the real part, which may not be accurate.
└ @ ITensorMPS ~/.julia/packages/ITensorMPS/fZDBz/src/abstractmps.jl:1246
┌ Warning: norm² is 6.058674325628929e13 - 0.16097651763873166im, which is not real up to a relative tolerance of 2.220446049250313e-15 and an absolute tolerance of 2.220446049250313e-15. Taking the real part, which may not be accurate.
└ @ ITensorMPS ~/.julia/packages/ITensorMPS/fZDBz/src/abstractmps.jl:1246
┌ Warning: log(norm²) is 0.8200019777223058 - 3.2650329939344765e-15im, which is not real up to a relative tolerance of 2.220446049250313e-15 and an absolute tolerance of 2.220446049250313e-15. Taking the real part, which may not be accurate.
└ @ ITensorMPS ~/.julia/packages/ITensorMPS/fZDBz/src/abstractmps.jl:1271
┌ Warning: norm² is 3.5374988873758516e13 - 0.1790185906576221im, which is not real up to a relative tolerance of 2.220446049250313e-15 and an absolute tolerance of 2.220446049250313e-15. Taking the real part, which may not be accurate.
└ @ ITensorMPS ~/.julia/packages/ITensorMPS/fZDBz/src/abstractmps.jl:1246
┌ Warning: norm² is 1.0086577538956745 + 3.17874169843605e-15im, which is not real up to a relative tolerance of 2.220446049250313e-15 and an absolute tolerance of 2.220446049250313e-15. Taking the real part, which may not be accurate.
└ @ ITensorMPS ~/.julia/packages/ITensorMPS/fZDBz/src/abstractmps.jl:1246
┌ Warning: log(norm²) is 0.8766792974506099 - 2.9337954199028637e-15im, which is not real up to a relative tolerance of 2.220446049250313e-15 and an absolute tolerance of 2.220446049250313e-15. Taking the real part, which may not be accurate.
└ @ ITensorMPS ~/.julia/packages/ITensorMPS/fZDBz/src/abstractmps.jl:1271
┌ Warning: norm² is 6.498638342122042e12 - 0.020945487098247388im, which is not real up to a relative tolerance of 2.220446049250313e-15 and an absolute tolerance of 2.220446049250313e-15. Taking the real part, which may not be accurate.
└ @ ITensorMPS ~/.julia/packages/ITensorMPS/fZDBz/src/abstractmps.jl:1246
┌ Warning: norm² is 2.274959314963444 - 6.231761671201248e-15im, which is not real up to a relative tolerance of 2.220446049250313e-15 and an absolute tolerance of 2.220446049250313e-15. Taking the real part, which may not be accurate.
└ @ ITensorMPS ~/.julia/packages/ITensorMPS/fZDBz/src/abstractmps.jl:1246
┌ Warning: norm² is 2.302742218793235e13 - 0.11632458636549475im, which is not real up to a relative tolerance of 2.220446049250313e-15 and an absolute tolerance of 2.220446049250313e-15. Taking the real part, which may not be accurate.
└ @ ITensorMPS ~/.julia/packages/ITensorMPS/fZDBz/src/abstractmps.jl:1246
┌ Warning: norm² is 8.227986221804965e12 + 0.03077903947024449im, which is not real up to a relative tolerance of 2.220446049250313e-15 and an absolute tolerance of 2.220446049250313e-15. Taking the real part, which may not be accurate.
└ @ ITensorMPS ~/.julia/packages/ITensorMPS/fZDBz/src/abstractmps.jl:1246
┌ Warning: log(norm²) is 0.1921283703792529 + 2.8245827313800295e-15im, which is not real up to a relative tolerance of 2.220446049250313e-15 and an absolute tolerance of 2.220446049250313e-15. Taking the real part, which may not be accurate.
└ @ ITensorMPS ~/.julia/packages/ITensorMPS/fZDBz/src/abstractmps.jl:1271
┌ Warning: norm² is 1.4686602549642867e13 - 0.03415116423328049im, which is not real up to a relative tolerance of 2.220446049250313e-15 and an absolute tolerance of 2.220446049250313e-15. Taking the real part, which may not be accurate.
└ @ ITensorMPS ~/.julia/packages/ITensorMPS/fZDBz/src/abstractmps.jl:1246
┌ Warning: log(norm²) is 0.9259753091767775 - 3.292409414474145e-15im, which is not real up to a relative tolerance of 2.220446049250313e-15 and an absolute tolerance of 2.220446049250313e-15. Taking the real part, which may not be accurate.
└ @ ITensorMPS ~/.julia/packages/ITensorMPS/fZDBz/src/abstractmps.jl:1271
┌ Warning: norm² is 8.061877893901092e12 + 0.021360596189360467im, which is not real up to a relative tolerance of 2.220446049250313e-15 and an absolute tolerance of 2.220446049250313e-15. Taking the real part, which may not be accurate.
└ @ ITensorMPS ~/.julia/packages/ITensorMPS/fZDBz/src/abstractmps.jl:1246
┌ Warning: norm² is 6.87152657662226e12 - 0.02149906740722033im, which is not real up to a relative tolerance of 2.220446049250313e-15 and an absolute tolerance of 2.220446049250313e-15. Taking the real part, which may not be accurate.
└ @ ITensorMPS ~/.julia/packages/ITensorMPS/fZDBz/src/abstractmps.jl:1246
┌ Warning: norm² is 2.1581967078525155 - 5.749881207943624e-15im, which is not real up to a relative tolerance of 2.220446049250313e-15 and an absolute tolerance of 2.220446049250313e-15. Taking the real part, which may not be accurate.
└ @ ITensorMPS ~/.julia/packages/ITensorMPS/fZDBz/src/abstractmps.jl:1246
┌ Warning: norm² is 8.808240416470912e12 + 0.02307923044846824im, which is not real up to a relative tolerance of 2.220446049250313e-15 and an absolute tolerance of 2.220446049250313e-15. Taking the real part, which may not be accurate.
└ @ ITensorMPS ~/.julia/packages/ITensorMPS/fZDBz/src/abstractmps.jl:1246
┌ Warning: log(norm²) is 0.7975897433238109 + 2.9967506854975637e-15im, which is not real up to a relative tolerance of 2.220446049250313e-15 and an absolute tolerance of 2.220446049250313e-15. Taking the real part, which may not be accurate.
└ @ ITensorMPS ~/.julia/packages/ITensorMPS/fZDBz/src/abstractmps.jl:1271
┌ Warning: log(norm²) is 0.6759020785275478 - 2.367326961996212e-15im, which is not real up to a relative tolerance of 2.220446049250313e-15 and an absolute tolerance of 2.220446049250313e-15. Taking the real part, which may not be accurate.
└ @ ITensorMPS ~/.julia/packages/ITensorMPS/fZDBz/src/abstractmps.jl:1271
┌ Warning: norm² is 5.522586545026641e12 + 0.024007764597369377im, which is not real up to a relative tolerance of 2.220446049250313e-15 and an absolute tolerance of 2.220446049250313e-15. Taking the real part, which may not be accurate.
└ @ ITensorMPS ~/.julia/packages/ITensorMPS/fZDBz/src/abstractmps.jl:1246
┌ Warning: norm² is 4.053056187181014e13 - 0.17697168044729977im, which is not real up to a relative tolerance of 2.220446049250313e-15 and an absolute tolerance of 2.220446049250313e-15. Taking the real part, which may not be accurate.
└ @ ITensorMPS ~/.julia/packages/ITensorMPS/fZDBz/src/abstractmps.jl:1246
┌ Warning: norm² is 2.0227972453400742e13 + 0.04817055196288349im, which is not real up to a relative tolerance of 2.220446049250313e-15 and an absolute tolerance of 2.220446049250313e-15. Taking the real part, which may not be accurate.
└ @ ITensorMPS ~/.julia/packages/ITensorMPS/fZDBz/src/abstractmps.jl:1246
┌ Warning: log(norm²) is 1.0100592627973004 - 2.7975583286913373e-15im, which is not real up to a relative tolerance of 2.220446049250313e-15 and an absolute tolerance of 2.220446049250313e-15. Taking the real part, which may not be accurate.
└ @ ITensorMPS ~/.julia/packages/ITensorMPS/fZDBz/src/abstractmps.jl:1271
┌ Warning: norm² is 4.274772341259116e12 + 0.010755889816026772im, which is not real up to a relative tolerance of 2.220446049250313e-15 and an absolute tolerance of 2.220446049250313e-15. Taking the real part, which may not be accurate.
└ @ ITensorMPS ~/.julia/packages/ITensorMPS/fZDBz/src/abstractmps.jl:1246
┌ Warning: norm² is 2.7585950269364434 - 6.362392140778233e-15im, which is not real up to a relative tolerance of 2.220446049250313e-15 and an absolute tolerance of 2.220446049250313e-15. Taking the real part, which may not be accurate.
└ @ ITensorMPS ~/.julia/packages/ITensorMPS/fZDBz/src/abstractmps.jl:1246
┌ Warning: norm² is 2.446867646575228e14 - 0.7004052777919935im, which is not real up to a relative tolerance of 2.220446049250313e-15 and an absolute tolerance of 2.220446049250313e-15. Taking the real part, which may not be accurate.
└ @ ITensorMPS ~/.julia/packages/ITensorMPS/fZDBz/src/abstractmps.jl:1246
┌ Warning: norm² is 2.601624314529437 + 8.144047110187903e-15im, which is not real up to a relative tolerance of 2.220446049250313e-15 and an absolute tolerance of 2.220446049250313e-15. Taking the real part, which may not be accurate.
└ @ ITensorMPS ~/.julia/packages/ITensorMPS/fZDBz/src/abstractmps.jl:1246
┌ Warning: log(norm²) is 0.9389091403627412 - 2.293245924152701e-15im, which is not real up to a relative tolerance of 2.220446049250313e-15 and an absolute tolerance of 2.220446049250313e-15. Taking the real part, which may not be accurate.
└ @ ITensorMPS ~/.julia/packages/ITensorMPS/fZDBz/src/abstractmps.jl:1271
┌ Warning: log(norm²) is 0.8192917616123646 + 3.6755300417842424e-15im, which is not real up to a relative tolerance of 2.220446049250313e-15 and an absolute tolerance of 2.220446049250313e-15. Taking the real part, which may not be accurate.
└ @ ITensorMPS ~/.julia/packages/ITensorMPS/fZDBz/src/abstractmps.jl:1271
┌ Warning: norm² is 7.301818170292822e12 - 0.02029054291386368im, which is not real up to a relative tolerance of 2.220446049250313e-15 and an absolute tolerance of 2.220446049250313e-15. Taking the real part, which may not be accurate.
└ @ ITensorMPS ~/.julia/packages/ITensorMPS/fZDBz/src/abstractmps.jl:1246
┌ Warning: log(norm²) is 0.8246111240079023 - 4.375755900907328e-15im, which is not real up to a relative tolerance of 2.220446049250313e-15 and an absolute tolerance of 2.220446049250313e-15. Taking the real part, which may not be accurate.
└ @ ITensorMPS ~/.julia/packages/ITensorMPS/fZDBz/src/abstractmps.jl:1271
┌ Warning: norm² is 3.5007063122420582e13 + 0.09386584319606292im, which is not real up to a relative tolerance of 2.220446049250313e-15 and an absolute tolerance of 2.220446049250313e-15. Taking the real part, which may not be accurate.
└ @ ITensorMPS ~/.julia/packages/ITensorMPS/fZDBz/src/abstractmps.jl:1246
┌ Warning: norm² is 4.911928979663618e13 + 0.1757123346524534im, which is not real up to a relative tolerance of 2.220446049250313e-15 and an absolute tolerance of 2.220446049250313e-15. Taking the real part, which may not be accurate.
└ @ ITensorMPS ~/.julia/packages/ITensorMPS/fZDBz/src/abstractmps.jl:1246
┌ Warning: norm² is 1.2973495778020945 - 3.3577449206728225e-15im, which is not real up to a relative tolerance of 2.220446049250313e-15 and an absolute tolerance of 2.220446049250313e-15. Taking the real part, which may not be accurate.
└ @ ITensorMPS ~/.julia/packages/ITensorMPS/fZDBz/src/abstractmps.jl:1246
┌ Warning: norm² is 5.544733155459546e12 + 0.019110953055565476im, which is not real up to a relative tolerance of 2.220446049250313e-15 and an absolute tolerance of 2.220446049250313e-15. Taking the real part, which may not be accurate.
└ @ ITensorMPS ~/.julia/packages/ITensorMPS/fZDBz/src/abstractmps.jl:1246
┌ Warning: norm² is 1.2373623178037647e14 - 0.49506863540632207im, which is not real up to a relative tolerance of 2.220446049250313e-15 and an absolute tolerance of 2.220446049250313e-15. Taking the real part, which may not be accurate.
└ @ ITensorMPS ~/.julia/packages/ITensorMPS/fZDBz/src/abstractmps.jl:1246
┌ Warning: norm² is 0.7446798155789613 + 3.450735285280831e-15im, which is not real up to a relative tolerance of 2.220446049250313e-15 and an absolute tolerance of 2.220446049250313e-15. Taking the real part, which may not be accurate.
└ @ ITensorMPS ~/.julia/packages/ITensorMPS/fZDBz/src/abstractmps.jl:1246
┌ Warning: norm² is 4.11409797418429e12 + 0.009262742464989688im, which is not real up to a relative tolerance of 2.220446049250313e-15 and an absolute tolerance of 2.220446049250313e-15. Taking the real part, which may not be accurate.
└ @ ITensorMPS ~/.julia/packages/ITensorMPS/fZDBz/src/abstractmps.jl:1246
┌ Warning: norm² is 8.692427229328139e13 - 0.2249242910948448im, which is not real up to a relative tolerance of 2.220446049250313e-15 and an absolute tolerance of 2.220446049250313e-15. Taking the real part, which may not be accurate.
└ @ ITensorMPS ~/.julia/packages/ITensorMPS/fZDBz/src/abstractmps.jl:1246
┌ Warning: log(norm²) is 0.7437682466190623 - 3.0330848438371124e-15im, which is not real up to a relative tolerance of 2.220446049250313e-15 and an absolute tolerance of 2.220446049250313e-15. Taking the real part, which may not be accurate.
└ @ ITensorMPS ~/.julia/packages/ITensorMPS/fZDBz/src/abstractmps.jl:1271
┌ Warning: log(norm²) is 0.849074107441429 + 3.284199607890952e-15im, which is not real up to a relative tolerance of 2.220446049250313e-15 and an absolute tolerance of 2.220446049250313e-15. Taking the real part, which may not be accurate.
└ @ ITensorMPS ~/.julia/packages/ITensorMPS/fZDBz/src/abstractmps.jl:1271
┌ Warning: norm² is 4.098166549193492e12 - 0.010590816628497575im, which is not real up to a relative tolerance of 2.220446049250313e-15 and an absolute tolerance of 2.220446049250313e-15. Taking the real part, which may not be accurate.
└ @ ITensorMPS ~/.julia/packages/ITensorMPS/fZDBz/src/abstractmps.jl:1246
┌ Warning: norm² is 1.9189628468186541 + 5.558316465191709e-15im, which is not real up to a relative tolerance of 2.220446049250313e-15 and an absolute tolerance of 2.220446049250313e-15. Taking the real part, which may not be accurate.
└ @ ITensorMPS ~/.julia/packages/ITensorMPS/fZDBz/src/abstractmps.jl:1246
┌ Warning: norm² is 7.827542402102651e12 - 0.029450917806321888im, which is not real up to a relative tolerance of 2.220446049250313e-15 and an absolute tolerance of 2.220446049250313e-15. Taking the real part, which may not be accurate.
└ @ ITensorMPS ~/.julia/packages/ITensorMPS/fZDBz/src/abstractmps.jl:1246
┌ Warning: norm² is 8.459489344392947e13 - 0.2024553951611803im, which is not real up to a relative tolerance of 2.220446049250313e-15 and an absolute tolerance of 2.220446049250313e-15. Taking the real part, which may not be accurate.
└ @ ITensorMPS ~/.julia/packages/ITensorMPS/fZDBz/src/abstractmps.jl:1246
┌ Warning: norm² is 1.1151205462939383e13 - 0.038069966166942706im, which is not real up to a relative tolerance of 2.220446049250313e-15 and an absolute tolerance of 2.220446049250313e-15. Taking the real part, which may not be accurate.
└ @ ITensorMPS ~/.julia/packages/ITensorMPS/fZDBz/src/abstractmps.jl:1246
┌ Warning: log(norm²) is 0.8724294425649597 - 2.3282021651067745e-15im, which is not real up to a relative tolerance of 2.220446049250313e-15 and an absolute tolerance of 2.220446049250313e-15. Taking the real part, which may not be accurate.
└ @ ITensorMPS ~/.julia/packages/ITensorMPS/fZDBz/src/abstractmps.jl:1271
┌ Warning: log(norm²) is 0.8684473013850206 - 3.4520646374267967e-15im, which is not real up to a relative tolerance of 2.220446049250313e-15 and an absolute tolerance of 2.220446049250313e-15. Taking the real part, which may not be accurate.
└ @ ITensorMPS ~/.julia/packages/ITensorMPS/fZDBz/src/abstractmps.jl:1271
┌ Warning: norm² is 4.680713746172523e12 - 0.01273845030109051im, which is not real up to a relative tolerance of 2.220446049250313e-15 and an absolute tolerance of 2.220446049250313e-15. Taking the real part, which may not be accurate.
└ @ ITensorMPS ~/.julia/packages/ITensorMPS/fZDBz/src/abstractmps.jl:1246
┌ Warning: norm² is 6.675973397160301e12 + 0.01601418698795407im, which is not real up to a relative tolerance of 2.220446049250313e-15 and an absolute tolerance of 2.220446049250313e-15. Taking the real part, which may not be accurate.
└ @ ITensorMPS ~/.julia/packages/ITensorMPS/fZDBz/src/abstractmps.jl:1246
┌ Warning: log(norm²) is -0.36204572321045736 - 2.3204720909661417e-15im, which is not real up to a relative tolerance of 2.220446049250313e-15 and an absolute tolerance of 2.220446049250313e-15. Taking the real part, which may not be accurate.
└ @ ITensorMPS ~/.julia/packages/ITensorMPS/fZDBz/src/abstractmps.jl:1271
┌ Warning: norm² is 3.462883692305496e13 + 0.0912531433319751im, which is not real up to a relative tolerance of 2.220446049250313e-15 and an absolute tolerance of 2.220446049250313e-15. Taking the real part, which may not be accurate.
└ @ ITensorMPS ~/.julia/packages/ITensorMPS/fZDBz/src/abstractmps.jl:1246
┌ Warning: log(norm²) is 0.4259333307872093 + 2.2562129681065274e-15im, which is not real up to a relative tolerance of 2.220446049250313e-15 and an absolute tolerance of 2.220446049250313e-15. Taking the real part, which may not be accurate.
└ @ ITensorMPS ~/.julia/packages/ITensorMPS/fZDBz/src/abstractmps.jl:1271
┌ Warning: log(norm²) is 0.7877432025516429 - 2.7395410373795498e-15im, which is not real up to a relative tolerance of 2.220446049250313e-15 and an absolute tolerance of 2.220446049250313e-15. Taking the real part, which may not be accurate.
└ @ ITensorMPS ~/.julia/packages/ITensorMPS/fZDBz/src/abstractmps.jl:1271
┌ Warning: norm² is 1.941644690099494e13 - 0.061345320929681105im, which is not real up to a relative tolerance of 2.220446049250313e-15 and an absolute tolerance of 2.220446049250313e-15. Taking the real part, which may not be accurate.
└ @ ITensorMPS ~/.julia/packages/ITensorMPS/fZDBz/src/abstractmps.jl:1246
┌ Warning: log(norm²) is 0.5802109341788866 - 2.4994063302902996e-15im, which is not real up to a relative tolerance of 2.220446049250313e-15 and an absolute tolerance of 2.220446049250313e-15. Taking the real part, which may not be accurate.
└ @ ITensorMPS ~/.julia/packages/ITensorMPS/fZDBz/src/abstractmps.jl:1271
┌ Warning: norm² is 1.3522056287667161 + 3.2325897687177744e-15im, which is not real up to a relative tolerance of 2.220446049250313e-15 and an absolute tolerance of 2.220446049250313e-15. Taking the real part, which may not be accurate.
└ @ ITensorMPS ~/.julia/packages/ITensorMPS/fZDBz/src/abstractmps.jl:1246
┌ Warning: norm² is 8.030202700089685e12 + 0.018781567379988415im, which is not real up to a relative tolerance of 2.220446049250313e-15 and an absolute tolerance of 2.220446049250313e-15. Taking the real part, which may not be accurate.
└ @ ITensorMPS ~/.julia/packages/ITensorMPS/fZDBz/src/abstractmps.jl:1246
┌ Warning: log(norm²) is 0.8579417157521552 - 2.594952333160779e-15im, which is not real up to a relative tolerance of 2.220446049250313e-15 and an absolute tolerance of 2.220446049250313e-15. Taking the real part, which may not be accurate.
└ @ ITensorMPS ~/.julia/packages/ITensorMPS/fZDBz/src/abstractmps.jl:1271
┌ Warning: norm² is 4.541302236535514e12 - 0.010964119359490753im, which is not real up to a relative tolerance of 2.220446049250313e-15 and an absolute tolerance of 2.220446049250313e-15. Taking the real part, which may not be accurate.
└ @ ITensorMPS ~/.julia/packages/ITensorMPS/fZDBz/src/abstractmps.jl:1246
┌ Warning: norm² is 2.119804087393658 - 4.878107192821707e-15im, which is not real up to a relative tolerance of 2.220446049250313e-15 and an absolute tolerance of 2.220446049250313e-15. Taking the real part, which may not be accurate.
└ @ ITensorMPS ~/.julia/packages/ITensorMPS/fZDBz/src/abstractmps.jl:1246
┌ Warning: norm² is 2.425834483142238 + 5.969261406138662e-15im, which is not real up to a relative tolerance of 2.220446049250313e-15 and an absolute tolerance of 2.220446049250313e-15. Taking the real part, which may not be accurate.
└ @ ITensorMPS ~/.julia/packages/ITensorMPS/fZDBz/src/abstractmps.jl:1246
┌ Warning: norm² is 1.4565628863969569 - 4.1585120205690695e-15im, which is not real up to a relative tolerance of 2.220446049250313e-15 and an absolute tolerance of 2.220446049250313e-15. Taking the real part, which may not be accurate.
└ @ ITensorMPS ~/.julia/packages/ITensorMPS/fZDBz/src/abstractmps.jl:1246
┌ Warning: norm² is 1.9419848617764888e12 - 0.006501961174069624im, which is not real up to a relative tolerance of 2.220446049250313e-15 and an absolute tolerance of 2.220446049250313e-15. Taking the real part, which may not be accurate.
└ @ ITensorMPS ~/.julia/packages/ITensorMPS/fZDBz/src/abstractmps.jl:1246
┌ Warning: norm² is 1.3965468962078475e13 + 0.0327633748141295im, which is not real up to a relative tolerance of 2.220446049250313e-15 and an absolute tolerance of 2.220446049250313e-15. Taking the real part, which may not be accurate.
└ @ ITensorMPS ~/.julia/packages/ITensorMPS/fZDBz/src/abstractmps.jl:1246
┌ Warning: norm² is 3.844651362083447e12 - 0.014182139234452829im, which is not real up to a relative tolerance of 2.220446049250313e-15 and an absolute tolerance of 2.220446049250313e-15. Taking the real part, which may not be accurate.
└ @ ITensorMPS ~/.julia/packages/ITensorMPS/fZDBz/src/abstractmps.jl:1246
┌ Warning: log(norm²) is 0.9298081008665807 - 2.5608839750049962e-15im, which is not real up to a relative tolerance of 2.220446049250313e-15 and an absolute tolerance of 2.220446049250313e-15. Taking the real part, which may not be accurate.
└ @ ITensorMPS ~/.julia/packages/ITensorMPS/fZDBz/src/abstractmps.jl:1271
┌ Warning: norm² is 2.7306659679388813e12 + 0.0062574004906022105im, which is not real up to a relative tolerance of 2.220446049250313e-15 and an absolute tolerance of 2.220446049250313e-15. Taking the real part, which may not be accurate.
└ @ ITensorMPS ~/.julia/packages/ITensorMPS/fZDBz/src/abstractmps.jl:1246
┌ Warning: norm² is 2.4841391462070015e12 + 0.006903386741768444im, which is not real up to a relative tolerance of 2.220446049250313e-15 and an absolute tolerance of 2.220446049250313e-15. Taking the real part, which may not be accurate.
└ @ ITensorMPS ~/.julia/packages/ITensorMPS/fZDBz/src/abstractmps.jl:1246
┌ Warning: log(norm²) is 0.45577591462649214 + 2.7909080273217638e-15im, which is not real up to a relative tolerance of 2.220446049250313e-15 and an absolute tolerance of 2.220446049250313e-15. Taking the real part, which may not be accurate.
└ @ ITensorMPS ~/.julia/packages/ITensorMPS/fZDBz/src/abstractmps.jl:1271
┌ Warning: log(norm²) is 0.9288207331486753 + 2.7040520678683742e-15im, which is not real up to a relative tolerance of 2.220446049250313e-15 and an absolute tolerance of 2.220446049250313e-15. Taking the real part, which may not be accurate.
└ @ ITensorMPS ~/.julia/packages/ITensorMPS/fZDBz/src/abstractmps.jl:1271
┌ Warning: norm² is 2.329058754289106 - 5.339858272495951e-15im, which is not real up to a relative tolerance of 2.220446049250313e-15 and an absolute tolerance of 2.220446049250313e-15. Taking the real part, which may not be accurate.
└ @ ITensorMPS ~/.julia/packages/ITensorMPS/fZDBz/src/abstractmps.jl:1246
┌ Warning: log(norm²) is 0.3579957128823816 - 2.3870632697909215e-15im, which is not real up to a relative tolerance of 2.220446049250313e-15 and an absolute tolerance of 2.220446049250313e-15. Taking the real part, which may not be accurate.
└ @ ITensorMPS ~/.julia/packages/ITensorMPS/fZDBz/src/abstractmps.jl:1271
┌ Warning: log(norm²) is 0.9315668354985334 - 3.9812737842052804e-15im, which is not real up to a relative tolerance of 2.220446049250313e-15 and an absolute tolerance of 2.220446049250313e-15. Taking the real part, which may not be accurate.
└ @ ITensorMPS ~/.julia/packages/ITensorMPS/fZDBz/src/abstractmps.jl:1271
┌ Warning: norm² is 2.0141820797765617 - 4.7648467533444136e-15im, which is not real up to a relative tolerance of 2.220446049250313e-15 and an absolute tolerance of 2.220446049250313e-15. Taking the real part, which may not be accurate.
└ @ ITensorMPS ~/.julia/packages/ITensorMPS/fZDBz/src/abstractmps.jl:1246
┌ Warning: norm² is 2.421205092216851 - 6.4742235830441415e-15im, which is not real up to a relative tolerance of 2.220446049250313e-15 and an absolute tolerance of 2.220446049250313e-15. Taking the real part, which may not be accurate.
└ @ ITensorMPS ~/.julia/packages/ITensorMPS/fZDBz/src/abstractmps.jl:1246
┌ Warning: norm² is 1.815659099938692e12 + 0.005692248443965069im, which is not real up to a relative tolerance of 2.220446049250313e-15 and an absolute tolerance of 2.220446049250313e-15. Taking the real part, which may not be accurate.
└ @ ITensorMPS ~/.julia/packages/ITensorMPS/fZDBz/src/abstractmps.jl:1246
┌ Warning: log(norm²) is 0.9474079445826213 + 3.2524245680711283e-15im, which is not real up to a relative tolerance of 2.220446049250313e-15 and an absolute tolerance of 2.220446049250313e-15. Taking the real part, which may not be accurate.
└ @ ITensorMPS ~/.julia/packages/ITensorMPS/fZDBz/src/abstractmps.jl:1271
┌ Warning: norm² is 5.571807073508314e12 - 0.018105388755714606im, which is not real up to a relative tolerance of 2.220446049250313e-15 and an absolute tolerance of 2.220446049250313e-15. Taking the real part, which may not be accurate.
└ @ ITensorMPS ~/.julia/packages/ITensorMPS/fZDBz/src/abstractmps.jl:1246
┌ Warning: norm² is 2.8543958180624203 + 8.913754592432397e-15im, which is not real up to a relative tolerance of 2.220446049250313e-15 and an absolute tolerance of 2.220446049250313e-15. Taking the real part, which may not be accurate.
└ @ ITensorMPS ~/.julia/packages/ITensorMPS/fZDBz/src/abstractmps.jl:1246
┌ Warning: norm² is 1.865303828545142e13 - 0.06844438583595516im, which is not real up to a relative tolerance of 2.220446049250313e-15 and an absolute tolerance of 2.220446049250313e-15. Taking the real part, which may not be accurate.
└ @ ITensorMPS ~/.julia/packages/ITensorMPS/fZDBz/src/abstractmps.jl:1246
┌ Warning: norm² is 1.0690639975048288 + 3.3237254182611298e-15im, which is not real up to a relative tolerance of 2.220446049250313e-15 and an absolute tolerance of 2.220446049250313e-15. Taking the real part, which may not be accurate.
└ @ ITensorMPS ~/.julia/packages/ITensorMPS/fZDBz/src/abstractmps.jl:1246
┌ Warning: log(norm²) is 1.1266179403453844 - 2.6502574274644617e-15im, which is not real up to a relative tolerance of 2.220446049250313e-15 and an absolute tolerance of 2.220446049250313e-15. Taking the real part, which may not be accurate.
└ @ ITensorMPS ~/.julia/packages/ITensorMPS/fZDBz/src/abstractmps.jl:1271
┌ Warning: norm² is 6.750198569112123e12 - 0.020231274667556143im, which is not real up to a relative tolerance of 2.220446049250313e-15 and an absolute tolerance of 2.220446049250313e-15. Taking the real part, which may not be accurate.
└ @ ITensorMPS ~/.julia/packages/ITensorMPS/fZDBz/src/abstractmps.jl:1246
┌ Warning: norm² is 2.0201777234602205 + 4.48840779901384e-15im, which is not real up to a relative tolerance of 2.220446049250313e-15 and an absolute tolerance of 2.220446049250313e-15. Taking the real part, which may not be accurate.
└ @ ITensorMPS ~/.julia/packages/ITensorMPS/fZDBz/src/abstractmps.jl:1246
┌ Warning: norm² is 9.488402487856191e12 - 0.03495306165777613im, which is not real up to a relative tolerance of 2.220446049250313e-15 and an absolute tolerance of 2.220446049250313e-15. Taking the real part, which may not be accurate.
└ @ ITensorMPS ~/.julia/packages/ITensorMPS/fZDBz/src/abstractmps.jl:1246
┌ Warning: norm² is 3.7348244372690664 - 9.3374644208719e-15im, which is not real up to a relative tolerance of 2.220446049250313e-15 and an absolute tolerance of 2.220446049250313e-15. Taking the real part, which may not be accurate.
└ @ ITensorMPS ~/.julia/packages/ITensorMPS/fZDBz/src/abstractmps.jl:1246
┌ Warning: norm² is 1.1461725404449027e13 - 0.028203651011811125im, which is not real up to a relative tolerance of 2.220446049250313e-15 and an absolute tolerance of 2.220446049250313e-15. Taking the real part, which may not be accurate.
└ @ ITensorMPS ~/.julia/packages/ITensorMPS/fZDBz/src/abstractmps.jl:1246
┌ Warning: log(norm²) is 0.5719417257522945 - 2.4798994274344855e-15im, which is not real up to a relative tolerance of 2.220446049250313e-15 and an absolute tolerance of 2.220446049250313e-15. Taking the real part, which may not be accurate.
└ @ ITensorMPS ~/.julia/packages/ITensorMPS/fZDBz/src/abstractmps.jl:1271
┌ Warning: norm² is 9.491535932514379e12 - 0.02411672461793283im, which is not real up to a relative tolerance of 2.220446049250313e-15 and an absolute tolerance of 2.220446049250313e-15. Taking the real part, which may not be accurate.
└ @ ITensorMPS ~/.julia/packages/ITensorMPS/fZDBz/src/abstractmps.jl:1246
┌ Warning: norm² is 1.7057465691487292e12 + 0.004056741319185281im, which is not real up to a relative tolerance of 2.220446049250313e-15 and an absolute tolerance of 2.220446049250313e-15. Taking the real part, which may not be accurate.
└ @ ITensorMPS ~/.julia/packages/ITensorMPS/fZDBz/src/abstractmps.jl:1246
┌ Warning: norm² is 7.23017802355188e13 - 0.3560924883430566im, which is not real up to a relative tolerance of 2.220446049250313e-15 and an absolute tolerance of 2.220446049250313e-15. Taking the real part, which may not be accurate.
└ @ ITensorMPS ~/.julia/packages/ITensorMPS/fZDBz/src/abstractmps.jl:1246
┌ Warning: log(norm²) is 0.6241755628632498 - 3.2545558504065073e-15im, which is not real up to a relative tolerance of 2.220446049250313e-15 and an absolute tolerance of 2.220446049250313e-15. Taking the real part, which may not be accurate.
└ @ ITensorMPS ~/.julia/packages/ITensorMPS/fZDBz/src/abstractmps.jl:1271
┌ Warning: norm² is 4.933980826793265e13 + 0.14018668241737542im, which is not real up to a relative tolerance of 2.220446049250313e-15 and an absolute tolerance of 2.220446049250313e-15. Taking the real part, which may not be accurate.
└ @ ITensorMPS ~/.julia/packages/ITensorMPS/fZDBz/src/abstractmps.jl:1246
┌ Warning: norm² is 1.7786259448894006e12 + 0.004138809461032889im, which is not real up to a relative tolerance of 2.220446049250313e-15 and an absolute tolerance of 2.220446049250313e-15. Taking the real part, which may not be accurate.
└ @ ITensorMPS ~/.julia/packages/ITensorMPS/fZDBz/src/abstractmps.jl:1246
┌ Warning: norm² is 1.552987690926342 - 6.243194008612493e-15im, which is not real up to a relative tolerance of 2.220446049250313e-15 and an absolute tolerance of 2.220446049250313e-15. Taking the real part, which may not be accurate.
└ @ ITensorMPS ~/.julia/packages/ITensorMPS/fZDBz/src/abstractmps.jl:1246
┌ Warning: log(norm²) is 0.7943773572501613 - 2.4963809329847684e-15im, which is not real up to a relative tolerance of 2.220446049250313e-15 and an absolute tolerance of 2.220446049250313e-15. Taking the real part, which may not be accurate.
└ @ ITensorMPS ~/.julia/packages/ITensorMPS/fZDBz/src/abstractmps.jl:1271
┌ Warning: log(norm²) is 0.8885650052224665 + 2.730531553061476e-15im, which is not real up to a relative tolerance of 2.220446049250313e-15 and an absolute tolerance of 2.220446049250313e-15. Taking the real part, which may not be accurate.
└ @ ITensorMPS ~/.julia/packages/ITensorMPS/fZDBz/src/abstractmps.jl:1271
┌ Warning: log(norm²) is 1.0071057544542716 - 2.990309886800171e-15im, which is not real up to a relative tolerance of 2.220446049250313e-15 and an absolute tolerance of 2.220446049250313e-15. Taking the real part, which may not be accurate.
└ @ ITensorMPS ~/.julia/packages/ITensorMPS/fZDBz/src/abstractmps.jl:1271
┌ Warning: norm² is 4.296035060972014e13 - 0.12710105156212614im, which is not real up to a relative tolerance of 2.220446049250313e-15 and an absolute tolerance of 2.220446049250313e-15. Taking the real part, which may not be accurate.
└ @ ITensorMPS ~/.julia/packages/ITensorMPS/fZDBz/src/abstractmps.jl:1246
┌ Warning: log(norm²) is 0.8699847960671003 - 2.250912725360144e-15im, which is not real up to a relative tolerance of 2.220446049250313e-15 and an absolute tolerance of 2.220446049250313e-15. Taking the real part, which may not be accurate.
└ @ ITensorMPS ~/.julia/packages/ITensorMPS/fZDBz/src/abstractmps.jl:1271
┌ Warning: norm² is 1.833925342644444e12 - 0.007761799629320104im, which is not real up to a relative tolerance of 2.220446049250313e-15 and an absolute tolerance of 2.220446049250313e-15. Taking the real part, which may not be accurate.
└ @ ITensorMPS ~/.julia/packages/ITensorMPS/fZDBz/src/abstractmps.jl:1246
┌ Warning: log(norm²) is 0.6964002936640876 + 2.529915912141414e-15im, which is not real up to a relative tolerance of 2.220446049250313e-15 and an absolute tolerance of 2.220446049250313e-15. Taking the real part, which may not be accurate.
└ @ ITensorMPS ~/.julia/packages/ITensorMPS/fZDBz/src/abstractmps.jl:1271
┌ Warning: norm² is 2.5038888669867197e12 + 0.005676347381932276im, which is not real up to a relative tolerance of 2.220446049250313e-15 and an absolute tolerance of 2.220446049250313e-15. Taking the real part, which may not be accurate.
└ @ ITensorMPS ~/.julia/packages/ITensorMPS/fZDBz/src/abstractmps.jl:1246
┌ Warning: norm² is 6.045289364932191e12 - 0.014866793778846804im, which is not real up to a relative tolerance of 2.220446049250313e-15 and an absolute tolerance of 2.220446049250313e-15. Taking the real part, which may not be accurate.
└ @ ITensorMPS ~/.julia/packages/ITensorMPS/fZDBz/src/abstractmps.jl:1246
┌ Warning: norm² is 1.7115376546715095 + 6.2826852517168205e-15im, which is not real up to a relative tolerance of 2.220446049250313e-15 and an absolute tolerance of 2.220446049250313e-15. Taking the real part, which may not be accurate.
└ @ ITensorMPS ~/.julia/packages/ITensorMPS/fZDBz/src/abstractmps.jl:1246
┌ Warning: norm² is 2.753264155810407e12 - 0.006569687894177743im, which is not real up to a relative tolerance of 2.220446049250313e-15 and an absolute tolerance of 2.220446049250313e-15. Taking the real part, which may not be accurate.
└ @ ITensorMPS ~/.julia/packages/ITensorMPS/fZDBz/src/abstractmps.jl:1246
┌ Warning: norm² is 2.625503722905921 - 6.231631129692878e-15im, which is not real up to a relative tolerance of 2.220446049250313e-15 and an absolute tolerance of 2.220446049250313e-15. Taking the real part, which may not be accurate.
└ @ ITensorMPS ~/.julia/packages/ITensorMPS/fZDBz/src/abstractmps.jl:1246
┌ Warning: norm² is 2.3795104714177215 - 7.42161029831431e-15im, which is not real up to a relative tolerance of 2.220446049250313e-15 and an absolute tolerance of 2.220446049250313e-15. Taking the real part, which may not be accurate.
└ @ ITensorMPS ~/.julia/packages/ITensorMPS/fZDBz/src/abstractmps.jl:1246
┌ Warning: norm² is 1.1948864146857545e13 - 0.03811027095324651im, which is not real up to a relative tolerance of 2.220446049250313e-15 and an absolute tolerance of 2.220446049250313e-15. Taking the real part, which may not be accurate.
└ @ ITensorMPS ~/.julia/packages/ITensorMPS/fZDBz/src/abstractmps.jl:1246
┌ Warning: norm² is 2.1079426786737495e12 + 0.005880652209580937im, which is not real up to a relative tolerance of 2.220446049250313e-15 and an absolute tolerance of 2.220446049250313e-15. Taking the real part, which may not be accurate.
└ @ ITensorMPS ~/.julia/packages/ITensorMPS/fZDBz/src/abstractmps.jl:1246
┌ Warning: norm² is 2.2600006775581103 + 5.239205781889113e-15im, which is not real up to a relative tolerance of 2.220446049250313e-15 and an absolute tolerance of 2.220446049250313e-15. Taking the real part, which may not be accurate.
└ @ ITensorMPS ~/.julia/packages/ITensorMPS/fZDBz/src/abstractmps.jl:1246
┌ Warning: norm² is 2.143686766490804 + 4.9682452691314565e-15im, which is not real up to a relative tolerance of 2.220446049250313e-15 and an absolute tolerance of 2.220446049250313e-15. Taking the real part, which may not be accurate.
└ @ ITensorMPS ~/.julia/packages/ITensorMPS/fZDBz/src/abstractmps.jl:1246
┌ Warning: norm² is 9.827171251789406e12 - 0.038623041412034376im, which is not real up to a relative tolerance of 2.220446049250313e-15 and an absolute tolerance of 2.220446049250313e-15. Taking the real part, which may not be accurate.
└ @ ITensorMPS ~/.julia/packages/ITensorMPS/fZDBz/src/abstractmps.jl:1246
┌ Warning: norm² is 2.298487728669994 - 6.6118771326767796e-15im, which is not real up to a relative tolerance of 2.220446049250313e-15 and an absolute tolerance of 2.220446049250313e-15. Taking the real part, which may not be accurate.
└ @ ITensorMPS ~/.julia/packages/ITensorMPS/fZDBz/src/abstractmps.jl:1246
┌ Warning: norm² is 5.190609719317107e12 + 0.01382676966906667im, which is not real up to a relative tolerance of 2.220446049250313e-15 and an absolute tolerance of 2.220446049250313e-15. Taking the real part, which may not be accurate.
└ @ ITensorMPS ~/.julia/packages/ITensorMPS/fZDBz/src/abstractmps.jl:1246
┌ Warning: norm² is 1.8505105126618828 + 4.3697016308630545e-15im, which is not real up to a relative tolerance of 2.220446049250313e-15 and an absolute tolerance of 2.220446049250313e-15. Taking the real part, which may not be accurate.
└ @ ITensorMPS ~/.julia/packages/ITensorMPS/fZDBz/src/abstractmps.jl:1246
┌ Warning: norm² is 1.7873287694458058 + 4.286053034845612e-15im, which is not real up to a relative tolerance of 2.220446049250313e-15 and an absolute tolerance of 2.220446049250313e-15. Taking the real part, which may not be accurate.
└ @ ITensorMPS ~/.julia/packages/ITensorMPS/fZDBz/src/abstractmps.jl:1246
┌ Warning: log(norm²) is 0.8510687613364338 - 2.412474096858005e-15im, which is not real up to a relative tolerance of 2.220446049250313e-15 and an absolute tolerance of 2.220446049250313e-15. Taking the real part, which may not be accurate.
└ @ ITensorMPS ~/.julia/packages/ITensorMPS/fZDBz/src/abstractmps.jl:1271
┌ Warning: log(norm²) is 0.802010062033084 - 2.2913802572742037e-15im, which is not real up to a relative tolerance of 2.220446049250313e-15 and an absolute tolerance of 2.220446049250313e-15. Taking the real part, which may not be accurate.
└ @ ITensorMPS ~/.julia/packages/ITensorMPS/fZDBz/src/abstractmps.jl:1271
┌ Warning: log(norm²) is 0.9799194419536019 - 2.7836571147380908e-15im, which is not real up to a relative tolerance of 2.220446049250313e-15 and an absolute tolerance of 2.220446049250313e-15. Taking the real part, which may not be accurate.
└ @ ITensorMPS ~/.julia/packages/ITensorMPS/fZDBz/src/abstractmps.jl:1271
┌ Warning: norm² is 1.1575548704200056e12 + 0.0029277868489420615im, which is not real up to a relative tolerance of 2.220446049250313e-15 and an absolute tolerance of 2.220446049250313e-15. Taking the real part, which may not be accurate.
└ @ ITensorMPS ~/.julia/packages/ITensorMPS/fZDBz/src/abstractmps.jl:1246
┌ Warning: norm² is 3.112749421270803e12 + 0.007366137885951571im, which is not real up to a relative tolerance of 2.220446049250313e-15 and an absolute tolerance of 2.220446049250313e-15. Taking the real part, which may not be accurate.
└ @ ITensorMPS ~/.julia/packages/ITensorMPS/fZDBz/src/abstractmps.jl:1246
┌ Warning: norm² is 2.2711550733214917e12 - 0.006730374637577673im, which is not real up to a relative tolerance of 2.220446049250313e-15 and an absolute tolerance of 2.220446049250313e-15. Taking the real part, which may not be accurate.
└ @ ITensorMPS ~/.julia/packages/ITensorMPS/fZDBz/src/abstractmps.jl:1246
┌ Warning: log(norm²) is 0.6381223017757386 - 3.2055881614193813e-15im, which is not real up to a relative tolerance of 2.220446049250313e-15 and an absolute tolerance of 2.220446049250313e-15. Taking the real part, which may not be accurate.
└ @ ITensorMPS ~/.julia/packages/ITensorMPS/fZDBz/src/abstractmps.jl:1271
┌ Warning: norm² is 1.9307748508634897 + 6.142398591742359e-15im, which is not real up to a relative tolerance of 2.220446049250313e-15 and an absolute tolerance of 2.220446049250313e-15. Taking the real part, which may not be accurate.
└ @ ITensorMPS ~/.julia/packages/ITensorMPS/fZDBz/src/abstractmps.jl:1246
┌ Warning: norm² is 2.3458249517609158 - 7.755931363246431e-15im, which is not real up to a relative tolerance of 2.220446049250313e-15 and an absolute tolerance of 2.220446049250313e-15. Taking the real part, which may not be accurate.
└ @ ITensorMPS ~/.julia/packages/ITensorMPS/fZDBz/src/abstractmps.jl:1246
┌ Warning: norm² is 1.8784817618011158 - 4.718035499124498e-15im, which is not real up to a relative tolerance of 2.220446049250313e-15 and an absolute tolerance of 2.220446049250313e-15. Taking the real part, which may not be accurate.
└ @ ITensorMPS ~/.julia/packages/ITensorMPS/fZDBz/src/abstractmps.jl:1246
┌ Warning: norm² is 1.7095429344185557e12 - 0.004260166414938232im, which is not real up to a relative tolerance of 2.220446049250313e-15 and an absolute tolerance of 2.220446049250313e-15. Taking the real part, which may not be accurate.
└ @ ITensorMPS ~/.julia/packages/ITensorMPS/fZDBz/src/abstractmps.jl:1246
┌ Warning: norm² is 2.2830352303044625 + 8.159712386204982e-15im, which is not real up to a relative tolerance of 2.220446049250313e-15 and an absolute tolerance of 2.220446049250313e-15. Taking the real part, which may not be accurate.
└ @ ITensorMPS ~/.julia/packages/ITensorMPS/fZDBz/src/abstractmps.jl:1246
┌ Warning: norm² is 1.4840435088280579e12 + 0.003989079804510572im, which is not real up to a relative tolerance of 2.220446049250313e-15 and an absolute tolerance of 2.220446049250313e-15. Taking the real part, which may not be accurate.
└ @ ITensorMPS ~/.julia/packages/ITensorMPS/fZDBz/src/abstractmps.jl:1246
┌ Warning: norm² is 2.565328402967522e12 - 0.006564988437052779im, which is not real up to a relative tolerance of 2.220446049250313e-15 and an absolute tolerance of 2.220446049250313e-15. Taking the real part, which may not be accurate.
└ @ ITensorMPS ~/.julia/packages/ITensorMPS/fZDBz/src/abstractmps.jl:1246
┌ Warning: norm² is 2.5651947110155304 - 6.64756520405179e-15im, which is not real up to a relative tolerance of 2.220446049250313e-15 and an absolute tolerance of 2.220446049250313e-15. Taking the real part, which may not be accurate.
└ @ ITensorMPS ~/.julia/packages/ITensorMPS/fZDBz/src/abstractmps.jl:1246
┌ Warning: norm² is 2.258848611195933 - 5.115716908531202e-15im, which is not real up to a relative tolerance of 2.220446049250313e-15 and an absolute tolerance of 2.220446049250313e-15. Taking the real part, which may not be accurate.
└ @ ITensorMPS ~/.julia/packages/ITensorMPS/fZDBz/src/abstractmps.jl:1246
┌ Warning: log(norm²) is 0.288110089184783 + 2.521606003896254e-15im, which is not real up to a relative tolerance of 2.220446049250313e-15 and an absolute tolerance of 2.220446049250313e-15. Taking the real part, which may not be accurate.
└ @ ITensorMPS ~/.julia/packages/ITensorMPS/fZDBz/src/abstractmps.jl:1271
┌ Warning: norm² is 6.64350591282797e12 + 0.015355085327504424im, which is not real up to a relative tolerance of 2.220446049250313e-15 and an absolute tolerance of 2.220446049250313e-15. Taking the real part, which may not be accurate.
└ @ ITensorMPS ~/.julia/packages/ITensorMPS/fZDBz/src/abstractmps.jl:1246
┌ Warning: norm² is 6.353258248409095e12 - 0.02046533417190951im, which is not real up to a relative tolerance of 2.220446049250313e-15 and an absolute tolerance of 2.220446049250313e-15. Taking the real part, which may not be accurate.
└ @ ITensorMPS ~/.julia/packages/ITensorMPS/fZDBz/src/abstractmps.jl:1246
┌ Warning: log(norm²) is 0.8816925907165104 + 3.4114503939125814e-15im, which is not real up to a relative tolerance of 2.220446049250313e-15 and an absolute tolerance of 2.220446049250313e-15. Taking the real part, which may not be accurate.
└ @ ITensorMPS ~/.julia/packages/ITensorMPS/fZDBz/src/abstractmps.jl:1271
┌ Warning: norm² is 1.654323169811588 - 3.682263814463436e-15im, which is not real up to a relative tolerance of 2.220446049250313e-15 and an absolute tolerance of 2.220446049250313e-15. Taking the real part, which may not be accurate.
└ @ ITensorMPS ~/.julia/packages/ITensorMPS/fZDBz/src/abstractmps.jl:1246
┌ Warning: norm² is 4.680703454745368e12 + 0.011173307868019514im, which is not real up to a relative tolerance of 2.220446049250313e-15 and an absolute tolerance of 2.220446049250313e-15. Taking the real part, which may not be accurate.
└ @ ITensorMPS ~/.julia/packages/ITensorMPS/fZDBz/src/abstractmps.jl:1246
┌ Warning: norm² is 0.8810706018424029 - 2.919980529078513e-15im, which is not real up to a relative tolerance of 2.220446049250313e-15 and an absolute tolerance of 2.220446049250313e-15. Taking the real part, which may not be accurate.
└ @ ITensorMPS ~/.julia/packages/ITensorMPS/fZDBz/src/abstractmps.jl:1246
┌ Warning: norm² is 1.2074615446969824e12 + 0.003036358924424274im, which is not real up to a relative tolerance of 2.220446049250313e-15 and an absolute tolerance of 2.220446049250313e-15. Taking the real part, which may not be accurate.
└ @ ITensorMPS ~/.julia/packages/ITensorMPS/fZDBz/src/abstractmps.jl:1246
┌ Warning: norm² is 1.5666634950600513e12 - 0.0036245812738849386im, which is not real up to a relative tolerance of 2.220446049250313e-15 and an absolute tolerance of 2.220446049250313e-15. Taking the real part, which may not be accurate.
└ @ ITensorMPS ~/.julia/packages/ITensorMPS/fZDBz/src/abstractmps.jl:1246
┌ Warning: log(norm²) is 0.8514327550874174 - 2.265938130110249e-15im, which is not real up to a relative tolerance of 2.220446049250313e-15 and an absolute tolerance of 2.220446049250313e-15. Taking the real part, which may not be accurate.
└ @ ITensorMPS ~/.julia/packages/ITensorMPS/fZDBz/src/abstractmps.jl:1271
┌ Warning: norm² is 1.173207947676774e12 - 0.0027663287188730073im, which is not real up to a relative tolerance of 2.220446049250313e-15 and an absolute tolerance of 2.220446049250313e-15. Taking the real part, which may not be accurate.
└ @ ITensorMPS ~/.julia/packages/ITensorMPS/fZDBz/src/abstractmps.jl:1246
┌ Warning: log(norm²) is 0.8176414730534238 - 2.437427988178731e-15im, which is not real up to a relative tolerance of 2.220446049250313e-15 and an absolute tolerance of 2.220446049250313e-15. Taking the real part, which may not be accurate.
└ @ ITensorMPS ~/.julia/packages/ITensorMPS/fZDBz/src/abstractmps.jl:1271
┌ Warning: norm² is 1.0243147828999412e12 + 0.0025639511610329123im, which is not real up to a relative tolerance of 2.220446049250313e-15 and an absolute tolerance of 2.220446049250313e-15. Taking the real part, which may not be accurate.
└ @ ITensorMPS ~/.julia/packages/ITensorMPS/fZDBz/src/abstractmps.jl:1246
┌ Warning: log(norm²) is 1.0060370712184012 + 2.2893373034375982e-15im, which is not real up to a relative tolerance of 2.220446049250313e-15 and an absolute tolerance of 2.220446049250313e-15. Taking the real part, which may not be accurate.
└ @ ITensorMPS ~/.julia/packages/ITensorMPS/fZDBz/src/abstractmps.jl:1271
┌ Warning: norm² is 1.0170856665146312e12 + 0.0031098517924984053im, which is not real up to a relative tolerance of 2.220446049250313e-15 and an absolute tolerance of 2.220446049250313e-15. Taking the real part, which may not be accurate.
└ @ ITensorMPS ~/.julia/packages/ITensorMPS/fZDBz/src/abstractmps.jl:1246
┌ Warning: norm² is 2.4219126973682825 - 5.908432738836271e-15im, which is not real up to a relative tolerance of 2.220446049250313e-15 and an absolute tolerance of 2.220446049250313e-15. Taking the real part, which may not be accurate.
└ @ ITensorMPS ~/.julia/packages/ITensorMPS/fZDBz/src/abstractmps.jl:1246
┌ Warning: log(norm²) is 0.8352322332149366 - 2.8889613150902355e-15im, which is not real up to a relative tolerance of 2.220446049250313e-15 and an absolute tolerance of 2.220446049250313e-15. Taking the real part, which may not be accurate.
└ @ ITensorMPS ~/.julia/packages/ITensorMPS/fZDBz/src/abstractmps.jl:1271
┌ Warning: norm² is 2.1460277981403171e12 + 0.005745363827010221im, which is not real up to a relative tolerance of 2.220446049250313e-15 and an absolute tolerance of 2.220446049250313e-15. Taking the real part, which may not be accurate.
└ @ ITensorMPS ~/.julia/packages/ITensorMPS/fZDBz/src/abstractmps.jl:1246
┌ Warning: norm² is 2.1155632550667476 + 7.574450687899918e-15im, which is not real up to a relative tolerance of 2.220446049250313e-15 and an absolute tolerance of 2.220446049250313e-15. Taking the real part, which may not be accurate.
└ @ ITensorMPS ~/.julia/packages/ITensorMPS/fZDBz/src/abstractmps.jl:1246
┌ Warning: norm² is 2.3307584374802305e12 + 0.006290077769676734im, which is not real up to a relative tolerance of 2.220446049250313e-15 and an absolute tolerance of 2.220446049250313e-15. Taking the real part, which may not be accurate.
└ @ ITensorMPS ~/.julia/packages/ITensorMPS/fZDBz/src/abstractmps.jl:1246
┌ Warning: norm² is 2.324484957085992 + 6.177457384962306e-15im, which is not real up to a relative tolerance of 2.220446049250313e-15 and an absolute tolerance of 2.220446049250313e-15. Taking the real part, which may not be accurate.
└ @ ITensorMPS ~/.julia/packages/ITensorMPS/fZDBz/src/abstractmps.jl:1246
┌ Warning: norm² is 1.127544664434535e12 + 0.0034698679579041277im, which is not real up to a relative tolerance of 2.220446049250313e-15 and an absolute tolerance of 2.220446049250313e-15. Taking the real part, which may not be accurate.
└ @ ITensorMPS ~/.julia/packages/ITensorMPS/fZDBz/src/abstractmps.jl:1246
┌ Warning: norm² is 1.6776573619291801 + 3.815334169501871e-15im, which is not real up to a relative tolerance of 2.220446049250313e-15 and an absolute tolerance of 2.220446049250313e-15. Taking the real part, which may not be accurate.
└ @ ITensorMPS ~/.julia/packages/ITensorMPS/fZDBz/src/abstractmps.jl:1246
┌ Warning: log(norm²) is 0.5735928656614975 - 3.114821338857138e-15im, which is not real up to a relative tolerance of 2.220446049250313e-15 and an absolute tolerance of 2.220446049250313e-15. Taking the real part, which may not be accurate.
└ @ ITensorMPS ~/.julia/packages/ITensorMPS/fZDBz/src/abstractmps.jl:1271
┌ Warning: log(norm²) is 0.910080811317108 - 3.668930668591088e-15im, which is not real up to a relative tolerance of 2.220446049250313e-15 and an absolute tolerance of 2.220446049250313e-15. Taking the real part, which may not be accurate.
└ @ ITensorMPS ~/.julia/packages/ITensorMPS/fZDBz/src/abstractmps.jl:1271
┌ Warning: norm² is 7.305952135227539e12 - 0.020780359125620044im, which is not real up to a relative tolerance of 2.220446049250313e-15 and an absolute tolerance of 2.220446049250313e-15. Taking the real part, which may not be accurate.
└ @ ITensorMPS ~/.julia/packages/ITensorMPS/fZDBz/src/abstractmps.jl:1246
┌ Warning: norm² is 2.472219686507347 + 6.33534023457821e-15im, which is not real up to a relative tolerance of 2.220446049250313e-15 and an absolute tolerance of 2.220446049250313e-15. Taking the real part, which may not be accurate.
└ @ ITensorMPS ~/.julia/packages/ITensorMPS/fZDBz/src/abstractmps.jl:1246
┌ Warning: log(norm²) is 0.8653736390006219 - 2.7684756710269458e-15im, which is not real up to a relative tolerance of 2.220446049250313e-15 and an absolute tolerance of 2.220446049250313e-15. Taking the real part, which may not be accurate.
└ @ ITensorMPS ~/.julia/packages/ITensorMPS/fZDBz/src/abstractmps.jl:1271
┌ Warning: norm² is 1.0642632309714177e12 + 0.0026729714216647367im, which is not real up to a relative tolerance of 2.220446049250313e-15 and an absolute tolerance of 2.220446049250313e-15. Taking the real part, which may not be accurate.
└ @ ITensorMPS ~/.julia/packages/ITensorMPS/fZDBz/src/abstractmps.jl:1246
┌ Warning: norm² is 5.517415516537733e12 - 0.019953252790659865im, which is not real up to a relative tolerance of 2.220446049250313e-15 and an absolute tolerance of 2.220446049250313e-15. Taking the real part, which may not be accurate.
└ @ ITensorMPS ~/.julia/packages/ITensorMPS/fZDBz/src/abstractmps.jl:1246
┌ Warning: norm² is 2.436084165613316 + 5.450150740608394e-15im, which is not real up to a relative tolerance of 2.220446049250313e-15 and an absolute tolerance of 2.220446049250313e-15. Taking the real part, which may not be accurate.
└ @ ITensorMPS ~/.julia/packages/ITensorMPS/fZDBz/src/abstractmps.jl:1246
┌ Warning: norm² is 3.8232126793166846e12 + 0.010757461586355852im, which is not real up to a relative tolerance of 2.220446049250313e-15 and an absolute tolerance of 2.220446049250313e-15. Taking the real part, which may not be accurate.
└ @ ITensorMPS ~/.julia/packages/ITensorMPS/fZDBz/src/abstractmps.jl:1246
┌ Warning: log(norm²) is 0.5701923534607481 - 3.370929602694893e-15im, which is not real up to a relative tolerance of 2.220446049250313e-15 and an absolute tolerance of 2.220446049250313e-15. Taking the real part, which may not be accurate.
└ @ ITensorMPS ~/.julia/packages/ITensorMPS/fZDBz/src/abstractmps.jl:1271
┌ Warning: norm² is 1.9257062325593008 - 5.4242271286259225e-15im, which is not real up to a relative tolerance of 2.220446049250313e-15 and an absolute tolerance of 2.220446049250313e-15. Taking the real part, which may not be accurate.
└ @ ITensorMPS ~/.julia/packages/ITensorMPS/fZDBz/src/abstractmps.jl:1246
┌ Warning: norm² is 2.8296004057324355e12 + 0.0073412208811577465im, which is not real up to a relative tolerance of 2.220446049250313e-15 and an absolute tolerance of 2.220446049250313e-15. Taking the real part, which may not be accurate.
└ @ ITensorMPS ~/.julia/packages/ITensorMPS/fZDBz/src/abstractmps.jl:1246
┌ Warning: norm² is 1.5865132658434709 + 4.428677016583792e-15im, which is not real up to a relative tolerance of 2.220446049250313e-15 and an absolute tolerance of 2.220446049250313e-15. Taking the real part, which may not be accurate.
└ @ ITensorMPS ~/.julia/packages/ITensorMPS/fZDBz/src/abstractmps.jl:1246
┌ Warning: log(norm²) is 0.3513773523882157 + 2.4686594840137068e-15im, which is not real up to a relative tolerance of 2.220446049250313e-15 and an absolute tolerance of 2.220446049250313e-15. Taking the real part, which may not be accurate.
└ @ ITensorMPS ~/.julia/packages/ITensorMPS/fZDBz/src/abstractmps.jl:1271
┌ Warning: log(norm²) is 0.6468671683208724 + 2.480306676696492e-15im, which is not real up to a relative tolerance of 2.220446049250313e-15 and an absolute tolerance of 2.220446049250313e-15. Taking the real part, which may not be accurate.
└ @ ITensorMPS ~/.julia/packages/ITensorMPS/fZDBz/src/abstractmps.jl:1271
┌ Warning: norm² is 2.283974507369017e12 + 0.0074743834574902135im, which is not real up to a relative tolerance of 2.220446049250313e-15 and an absolute tolerance of 2.220446049250313e-15. Taking the real part, which may not be accurate.
└ @ ITensorMPS ~/.julia/packages/ITensorMPS/fZDBz/src/abstractmps.jl:1246
┌ Warning: norm² is 2.0692853527149424e12 - 0.004693443690995939im, which is not real up to a relative tolerance of 2.220446049250313e-15 and an absolute tolerance of 2.220446049250313e-15. Taking the real part, which may not be accurate.
└ @ ITensorMPS ~/.julia/packages/ITensorMPS/fZDBz/src/abstractmps.jl:1246
┌ Warning: log(norm²) is 0.24281110982726334 - 2.4548205104102864e-15im, which is not real up to a relative tolerance of 2.220446049250313e-15 and an absolute tolerance of 2.220446049250313e-15. Taking the real part, which may not be accurate.
└ @ ITensorMPS ~/.julia/packages/ITensorMPS/fZDBz/src/abstractmps.jl:1271
┌ Warning: norm² is 9.891029030494396e11 - 0.002514783188443241im, which is not real up to a relative tolerance of 2.220446049250313e-15 and an absolute tolerance of 2.220446049250313e-15. Taking the real part, which may not be accurate.
└ @ ITensorMPS ~/.julia/packages/ITensorMPS/fZDBz/src/abstractmps.jl:1246
┌ Warning: norm² is 1.4079002585734277e12 - 0.0036324851553444395im, which is not real up to a relative tolerance of 2.220446049250313e-15 and an absolute tolerance of 2.220446049250313e-15. Taking the real part, which may not be accurate.
└ @ ITensorMPS ~/.julia/packages/ITensorMPS/fZDBz/src/abstractmps.jl:1246
┌ Warning: norm² is 8.823318561120355e12 - 0.02031232128322097im, which is not real up to a relative tolerance of 2.220446049250313e-15 and an absolute tolerance of 2.220446049250313e-15. Taking the real part, which may not be accurate.
└ @ ITensorMPS ~/.julia/packages/ITensorMPS/fZDBz/src/abstractmps.jl:1246
┌ Warning: norm² is 2.6255886545693503 - 6.244691623305584e-15im, which is not real up to a relative tolerance of 2.220446049250313e-15 and an absolute tolerance of 2.220446049250313e-15. Taking the real part, which may not be accurate.
└ @ ITensorMPS ~/.julia/packages/ITensorMPS/fZDBz/src/abstractmps.jl:1246
┌ Warning: log(norm²) is 0.9144379904954693 - 2.7390976332439407e-15im, which is not real up to a relative tolerance of 2.220446049250313e-15 and an absolute tolerance of 2.220446049250313e-15. Taking the real part, which may not be accurate.
└ @ ITensorMPS ~/.julia/packages/ITensorMPS/fZDBz/src/abstractmps.jl:1271
┌ Warning: norm² is 1.0254596415433676e12 + 0.002388669422676349im, which is not real up to a relative tolerance of 2.220446049250313e-15 and an absolute tolerance of 2.220446049250313e-15. Taking the real part, which may not be accurate.
└ @ ITensorMPS ~/.julia/packages/ITensorMPS/fZDBz/src/abstractmps.jl:1246
┌ Warning: norm² is 2.188764174572727 - 7.36308025031471e-15im, which is not real up to a relative tolerance of 2.220446049250313e-15 and an absolute tolerance of 2.220446049250313e-15. Taking the real part, which may not be accurate.
└ @ ITensorMPS ~/.julia/packages/ITensorMPS/fZDBz/src/abstractmps.jl:1246
┌ Warning: log(norm²) is -0.086332054904255 + 2.667535913753093e-15im, which is not real up to a relative tolerance of 2.220446049250313e-15 and an absolute tolerance of 2.220446049250313e-15. Taking the real part, which may not be accurate.
└ @ ITensorMPS ~/.julia/packages/ITensorMPS/fZDBz/src/abstractmps.jl:1271
┌ Warning: norm² is 1.3658567690903281e12 + 0.0041803404928554486im, which is not real up to a relative tolerance of 2.220446049250313e-15 and an absolute tolerance of 2.220446049250313e-15. Taking the real part, which may not be accurate.
└ @ ITensorMPS ~/.julia/packages/ITensorMPS/fZDBz/src/abstractmps.jl:1246
┌ Warning: norm² is 2.4218270176822703 - 6.233079623971353e-15im, which is not real up to a relative tolerance of 2.220446049250313e-15 and an absolute tolerance of 2.220446049250313e-15. Taking the real part, which may not be accurate.
└ @ ITensorMPS ~/.julia/packages/ITensorMPS/fZDBz/src/abstractmps.jl:1246
┌ Warning: norm² is 1.0623103334944329e12 + 0.003150141727981897im, which is not real up to a relative tolerance of 2.220446049250313e-15 and an absolute tolerance of 2.220446049250313e-15. Taking the real part, which may not be accurate.
└ @ ITensorMPS ~/.julia/packages/ITensorMPS/fZDBz/src/abstractmps.jl:1246
┌ Warning: norm² is 2.432139786992956 + 5.438197323171034e-15im, which is not real up to a relative tolerance of 2.220446049250313e-15 and an absolute tolerance of 2.220446049250313e-15. Taking the real part, which may not be accurate.
└ @ ITensorMPS ~/.julia/packages/ITensorMPS/fZDBz/src/abstractmps.jl:1246
┌ Warning: log(norm²) is 0.8887714406564485 - 2.32980431874174e-15im, which is not real up to a relative tolerance of 2.220446049250313e-15 and an absolute tolerance of 2.220446049250313e-15. Taking the real part, which may not be accurate.
└ @ ITensorMPS ~/.julia/packages/ITensorMPS/fZDBz/src/abstractmps.jl:1271
┌ Warning: norm² is 1.070179503421305e12 + 0.0036087259355706836im, which is not real up to a relative tolerance of 2.220446049250313e-15 and an absolute tolerance of 2.220446049250313e-15. Taking the real part, which may not be accurate.
└ @ ITensorMPS ~/.julia/packages/ITensorMPS/fZDBz/src/abstractmps.jl:1246
┌ Warning: norm² is 2.5260042457612163e12 + 0.009959799285338675im, which is not real up to a relative tolerance of 2.220446049250313e-15 and an absolute tolerance of 2.220446049250313e-15. Taking the real part, which may not be accurate.
└ @ ITensorMPS ~/.julia/packages/ITensorMPS/fZDBz/src/abstractmps.jl:1246
┌ Warning: log(norm²) is 0.8645582854080777 + 2.783953093616459e-15im, which is not real up to a relative tolerance of 2.220446049250313e-15 and an absolute tolerance of 2.220446049250313e-15. Taking the real part, which may not be accurate.
└ @ ITensorMPS ~/.julia/packages/ITensorMPS/fZDBz/src/abstractmps.jl:1271
┌ Warning: norm² is 1.0222663843746251e12 + 0.002665999103170383im, which is not real up to a relative tolerance of 2.220446049250313e-15 and an absolute tolerance of 2.220446049250313e-15. Taking the real part, which may not be accurate.
└ @ ITensorMPS ~/.julia/packages/ITensorMPS/fZDBz/src/abstractmps.jl:1246
┌ Warning: norm² is 2.3670155920313185 - 5.4413496261163794e-15im, which is not real up to a relative tolerance of 2.220446049250313e-15 and an absolute tolerance of 2.220446049250313e-15. Taking the real part, which may not be accurate.
└ @ ITensorMPS ~/.julia/packages/ITensorMPS/fZDBz/src/abstractmps.jl:1246
┌ Warning: norm² is 1.0208072563735062e12 + 0.004753830517795566im, which is not real up to a relative tolerance of 2.220446049250313e-15 and an absolute tolerance of 2.220446049250313e-15. Taking the real part, which may not be accurate.
└ @ ITensorMPS ~/.julia/packages/ITensorMPS/fZDBz/src/abstractmps.jl:1246
┌ Warning: log(norm²) is 0.8739091474159787 + 2.369272598658216e-15im, which is not real up to a relative tolerance of 2.220446049250313e-15 and an absolute tolerance of 2.220446049250313e-15. Taking the real part, which may not be accurate.
└ @ ITensorMPS ~/.julia/packages/ITensorMPS/fZDBz/src/abstractmps.jl:1271
┌ Warning: norm² is 1.7851228540441794e12 + 0.009457229208282278im, which is not real up to a relative tolerance of 2.220446049250313e-15 and an absolute tolerance of 2.220446049250313e-15. Taking the real part, which may not be accurate.
└ @ ITensorMPS ~/.julia/packages/ITensorMPS/fZDBz/src/abstractmps.jl:1246
┌ Warning: norm² is 1.0228988709274108e12 + 0.00260260060851483im, which is not real up to a relative tolerance of 2.220446049250313e-15 and an absolute tolerance of 2.220446049250313e-15. Taking the real part, which may not be accurate.
└ @ ITensorMPS ~/.julia/packages/ITensorMPS/fZDBz/src/abstractmps.jl:1246
┌ Warning: norm² is 2.7647331756461484 - 6.8239283650317295e-15im, which is not real up to a relative tolerance of 2.220446049250313e-15 and an absolute tolerance of 2.220446049250313e-15. Taking the real part, which may not be accurate.
└ @ ITensorMPS ~/.julia/packages/ITensorMPS/fZDBz/src/abstractmps.jl:1246
┌ Warning: log(norm²) is 0.8858832325310697 - 2.3090501828916867e-15im, which is not real up to a relative tolerance of 2.220446049250313e-15 and an absolute tolerance of 2.220446049250313e-15. Taking the real part, which may not be accurate.
└ @ ITensorMPS ~/.julia/packages/ITensorMPS/fZDBz/src/abstractmps.jl:1271
┌ Warning: norm² is 2.508360272517114e12 - 0.005636425200923705im, which is not real up to a relative tolerance of 2.220446049250313e-15 and an absolute tolerance of 2.220446049250313e-15. Taking the real part, which may not be accurate.
└ @ ITensorMPS ~/.julia/packages/ITensorMPS/fZDBz/src/abstractmps.jl:1246
┌ Warning: norm² is 5.471924821323037e12 + 0.017288916033899468im, which is not real up to a relative tolerance of 2.220446049250313e-15 and an absolute tolerance of 2.220446049250313e-15. Taking the real part, which may not be accurate.
└ @ ITensorMPS ~/.julia/packages/ITensorMPS/fZDBz/src/abstractmps.jl:1246
┌ Warning: norm² is 2.385041998457586 + 5.611195622826669e-15im, which is not real up to a relative tolerance of 2.220446049250313e-15 and an absolute tolerance of 2.220446049250313e-15. Taking the real part, which may not be accurate.
└ @ ITensorMPS ~/.julia/packages/ITensorMPS/fZDBz/src/abstractmps.jl:1246
┌ Warning: norm² is 2.4686338324258604e12 + 0.00680735135530458im, which is not real up to a relative tolerance of 2.220446049250313e-15 and an absolute tolerance of 2.220446049250313e-15. Taking the real part, which may not be accurate.
└ @ ITensorMPS ~/.julia/packages/ITensorMPS/fZDBz/src/abstractmps.jl:1246
┌ Warning: log(norm²) is 0.27771888121810734 + 3.664150443851858e-15im, which is not real up to a relative tolerance of 2.220446049250313e-15 and an absolute tolerance of 2.220446049250313e-15. Taking the real part, which may not be accurate.
└ @ ITensorMPS ~/.julia/packages/ITensorMPS/fZDBz/src/abstractmps.jl:1271
┌ Warning: norm² is 4.2398745737262227e12 + 0.013208954996891398im, which is not real up to a relative tolerance of 2.220446049250313e-15 and an absolute tolerance of 2.220446049250313e-15. Taking the real part, which may not be accurate.
└ @ ITensorMPS ~/.julia/packages/ITensorMPS/fZDBz/src/abstractmps.jl:1246
┌ Warning: norm² is 1.96265148415363e12 - 0.004438700327291354im, which is not real up to a relative tolerance of 2.220446049250313e-15 and an absolute tolerance of 2.220446049250313e-15. Taking the real part, which may not be accurate.
└ @ ITensorMPS ~/.julia/packages/ITensorMPS/fZDBz/src/abstractmps.jl:1246
┌ Warning: norm² is 2.7133410227585146e12 - 0.006176418241022555im, which is not real up to a relative tolerance of 2.220446049250313e-15 and an absolute tolerance of 2.220446049250313e-15. Taking the real part, which may not be accurate.
└ @ ITensorMPS ~/.julia/packages/ITensorMPS/fZDBz/src/abstractmps.jl:1246
┌ Warning: norm² is 1.799478722868857 + 4.330252506658145e-15im, which is not real up to a relative tolerance of 2.220446049250313e-15 and an absolute tolerance of 2.220446049250313e-15. Taking the real part, which may not be accurate.
└ @ ITensorMPS ~/.julia/packages/ITensorMPS/fZDBz/src/abstractmps.jl:1246
┌ Warning: log(norm²) is 0.6353532519888544 + 3.127360139607535e-15im, which is not real up to a relative tolerance of 2.220446049250313e-15 and an absolute tolerance of 2.220446049250313e-15. Taking the real part, which may not be accurate.
└ @ ITensorMPS ~/.julia/packages/ITensorMPS/fZDBz/src/abstractmps.jl:1271
┌ Warning: norm² is 1.7058722719022717e12 + 0.003841626733898474im, which is not real up to a relative tolerance of 2.220446049250313e-15 and an absolute tolerance of 2.220446049250313e-15. Taking the real part, which may not be accurate.
└ @ ITensorMPS ~/.julia/packages/ITensorMPS/fZDBz/src/abstractmps.jl:1246
┌ Warning: norm² is 2.42500942255757 + 6.327844225742955e-15im, which is not real up to a relative tolerance of 2.220446049250313e-15 and an absolute tolerance of 2.220446049250313e-15. Taking the real part, which may not be accurate.
└ @ ITensorMPS ~/.julia/packages/ITensorMPS/fZDBz/src/abstractmps.jl:1246
┌ Warning: norm² is 2.426883861349117 - 5.764824401829395e-15im, which is not real up to a relative tolerance of 2.220446049250313e-15 and an absolute tolerance of 2.220446049250313e-15. Taking the real part, which may not be accurate.
└ @ ITensorMPS ~/.julia/packages/ITensorMPS/fZDBz/src/abstractmps.jl:1246
┌ Warning: norm² is 2.3177273593968626 + 5.607464335961865e-15im, which is not real up to a relative tolerance of 2.220446049250313e-15 and an absolute tolerance of 2.220446049250313e-15. Taking the real part, which may not be accurate.
└ @ ITensorMPS ~/.julia/packages/ITensorMPS/fZDBz/src/abstractmps.jl:1246
┌ Warning: norm² is 1.8491743291855942e12 - 0.00628372041430446im, which is not real up to a relative tolerance of 2.220446049250313e-15 and an absolute tolerance of 2.220446049250313e-15. Taking the real part, which may not be accurate.
└ @ ITensorMPS ~/.julia/packages/ITensorMPS/fZDBz/src/abstractmps.jl:1246
┌ Warning: norm² is 1.0372119465022385e12 - 0.003341353095695683im, which is not real up to a relative tolerance of 2.220446049250313e-15 and an absolute tolerance of 2.220446049250313e-15. Taking the real part, which may not be accurate.
└ @ ITensorMPS ~/.julia/packages/ITensorMPS/fZDBz/src/abstractmps.jl:1246
┌ Warning: norm² is 2.4032823000423886 + 5.546721960869605e-15im, which is not real up to a relative tolerance of 2.220446049250313e-15 and an absolute tolerance of 2.220446049250313e-15. Taking the real part, which may not be accurate.
└ @ ITensorMPS ~/.julia/packages/ITensorMPS/fZDBz/src/abstractmps.jl:1246
┌ Warning: norm² is 1.1036671972892732e12 - 0.0036110852016279027im, which is not real up to a relative tolerance of 2.220446049250313e-15 and an absolute tolerance of 2.220446049250313e-15. Taking the real part, which may not be accurate.
└ @ ITensorMPS ~/.julia/packages/ITensorMPS/fZDBz/src/abstractmps.jl:1246
┌ Warning: norm² is 1.3459751758950366e12 - 0.0035904389923372467im, which is not real up to a relative tolerance of 2.220446049250313e-15 and an absolute tolerance of 2.220446049250313e-15. Taking the real part, which may not be accurate.
└ @ ITensorMPS ~/.julia/packages/ITensorMPS/fZDBz/src/abstractmps.jl:1246
┌ Warning: norm² is 2.242659308122581 - 7.505969225416938e-15im, which is not real up to a relative tolerance of 2.220446049250313e-15 and an absolute tolerance of 2.220446049250313e-15. Taking the real part, which may not be accurate.
└ @ ITensorMPS ~/.julia/packages/ITensorMPS/fZDBz/src/abstractmps.jl:1246
┌ Warning: log(norm²) is 0.6841356778575927 + 2.285736712733704e-15im, which is not real up to a relative tolerance of 2.220446049250313e-15 and an absolute tolerance of 2.220446049250313e-15. Taking the real part, which may not be accurate.
└ @ ITensorMPS ~/.julia/packages/ITensorMPS/fZDBz/src/abstractmps.jl:1271
┌ Warning: log(norm²) is 0.8751556225828777 - 3.116005739159498e-15im, which is not real up to a relative tolerance of 2.220446049250313e-15 and an absolute tolerance of 2.220446049250313e-15. Taking the real part, which may not be accurate.
└ @ ITensorMPS ~/.julia/packages/ITensorMPS/fZDBz/src/abstractmps.jl:1271
┌ Warning: norm² is 2.341687863586432 + 5.764336090610098e-15im, which is not real up to a relative tolerance of 2.220446049250313e-15 and an absolute tolerance of 2.220446049250313e-15. Taking the real part, which may not be accurate.
└ @ ITensorMPS ~/.julia/packages/ITensorMPS/fZDBz/src/abstractmps.jl:1246
┌ Warning: log(norm²) is 0.8508719785761072 + 2.6479978727444467e-15im, which is not real up to a relative tolerance of 2.220446049250313e-15 and an absolute tolerance of 2.220446049250313e-15. Taking the real part, which may not be accurate.
└ @ ITensorMPS ~/.julia/packages/ITensorMPS/fZDBz/src/abstractmps.jl:1271
┌ Warning: log(norm²) is 0.8982958541371142 + 2.4389323625683595e-15im, which is not real up to a relative tolerance of 2.220446049250313e-15 and an absolute tolerance of 2.220446049250313e-15. Taking the real part, which may not be accurate.
└ @ ITensorMPS ~/.julia/packages/ITensorMPS/fZDBz/src/abstractmps.jl:1271
┌ Warning: log(norm²) is 0.894957377192318 + 2.3366405964135393e-15im, which is not real up to a relative tolerance of 2.220446049250313e-15 and an absolute tolerance of 2.220446049250313e-15. Taking the real part, which may not be accurate.
└ @ ITensorMPS ~/.julia/packages/ITensorMPS/fZDBz/src/abstractmps.jl:1271
┌ Warning: norm² is 4.0691648269342026e12 + 0.01062612091271279im, which is not real up to a relative tolerance of 2.220446049250313e-15 and an absolute tolerance of 2.220446049250313e-15. Taking the real part, which may not be accurate.
└ @ ITensorMPS ~/.julia/packages/ITensorMPS/fZDBz/src/abstractmps.jl:1246
┌ Warning: norm² is 2.4220941553053614 - 1.1548122074136576e-14im, which is not real up to a relative tolerance of 2.220446049250313e-15 and an absolute tolerance of 2.220446049250313e-15. Taking the real part, which may not be accurate.
└ @ ITensorMPS ~/.julia/packages/ITensorMPS/fZDBz/src/abstractmps.jl:1246
┌ Warning: norm² is 1.0185369584295096e12 + 0.002345973059028848im, which is not real up to a relative tolerance of 2.220446049250313e-15 and an absolute tolerance of 2.220446049250313e-15. Taking the real part, which may not be accurate.
└ @ ITensorMPS ~/.julia/packages/ITensorMPS/fZDBz/src/abstractmps.jl:1246
┌ Warning: norm² is 2.644495667885622e12 - 0.006345362092692094im, which is not real up to a relative tolerance of 2.220446049250313e-15 and an absolute tolerance of 2.220446049250313e-15. Taking the real part, which may not be accurate.
└ @ ITensorMPS ~/.julia/packages/ITensorMPS/fZDBz/src/abstractmps.jl:1246
┌ Warning: norm² is 2.727849979908126e12 - 0.008816247733652458im, which is not real up to a relative tolerance of 2.220446049250313e-15 and an absolute tolerance of 2.220446049250313e-15. Taking the real part, which may not be accurate.
└ @ ITensorMPS ~/.julia/packages/ITensorMPS/fZDBz/src/abstractmps.jl:1246
┌ Warning: norm² is 1.0228656921996136e12 + 0.0027468158552526748im, which is not real up to a relative tolerance of 2.220446049250313e-15 and an absolute tolerance of 2.220446049250313e-15. Taking the real part, which may not be accurate.
└ @ ITensorMPS ~/.julia/packages/ITensorMPS/fZDBz/src/abstractmps.jl:1246
┌ Warning: log(norm²) is 0.8774634960980809 - 3.2116772725146455e-15im, which is not real up to a relative tolerance of 2.220446049250313e-15 and an absolute tolerance of 2.220446049250313e-15. Taking the real part, which may not be accurate.
└ @ ITensorMPS ~/.julia/packages/ITensorMPS/fZDBz/src/abstractmps.jl:1271
┌ Warning: norm² is 2.341513003081485 + 5.344811198794012e-15im, which is not real up to a relative tolerance of 2.220446049250313e-15 and an absolute tolerance of 2.220446049250313e-15. Taking the real part, which may not be accurate.
└ @ ITensorMPS ~/.julia/packages/ITensorMPS/fZDBz/src/abstractmps.jl:1246
┌ Warning: norm² is 1.725263310627422e12 + 0.004212158352226468im, which is not real up to a relative tolerance of 2.220446049250313e-15 and an absolute tolerance of 2.220446049250313e-15. Taking the real part, which may not be accurate.
└ @ ITensorMPS ~/.julia/packages/ITensorMPS/fZDBz/src/abstractmps.jl:1246
┌ Warning: norm² is 2.532110160810604 + 5.829173692189197e-15im, which is not real up to a relative tolerance of 2.220446049250313e-15 and an absolute tolerance of 2.220446049250313e-15. Taking the real part, which may not be accurate.
└ @ ITensorMPS ~/.julia/packages/ITensorMPS/fZDBz/src/abstractmps.jl:1246
┌ Warning: log(norm²) is 0.8751365764894061 + 2.9711406714709115e-15im, which is not real up to a relative tolerance of 2.220446049250313e-15 and an absolute tolerance of 2.220446049250313e-15. Taking the real part, which may not be accurate.
└ @ ITensorMPS ~/.julia/packages/ITensorMPS/fZDBz/src/abstractmps.jl:1271
┌ Warning: norm² is 2.0804723048731846e12 - 0.0050624878528037895im, which is not real up to a relative tolerance of 2.220446049250313e-15 and an absolute tolerance of 2.220446049250313e-15. Taking the real part, which may not be accurate.
└ @ ITensorMPS ~/.julia/packages/ITensorMPS/fZDBz/src/abstractmps.jl:1246
┌ Warning: norm² is 7.128013730075973e12 + 0.016046566307981562im, which is not real up to a relative tolerance of 2.220446049250313e-15 and an absolute tolerance of 2.220446049250313e-15. Taking the real part, which may not be accurate.
└ @ ITensorMPS ~/.julia/packages/ITensorMPS/fZDBz/src/abstractmps.jl:1246
┌ Warning: norm² is 1.0350586910070121e12 - 0.0035472180791253326im, which is not real up to a relative tolerance of 2.220446049250313e-15 and an absolute tolerance of 2.220446049250313e-15. Taking the real part, which may not be accurate.
└ @ ITensorMPS ~/.julia/packages/ITensorMPS/fZDBz/src/abstractmps.jl:1246
┌ Warning: norm² is 2.4037210977776278 - 5.773320537924219e-15im, which is not real up to a relative tolerance of 2.220446049250313e-15 and an absolute tolerance of 2.220446049250313e-15. Taking the real part, which may not be accurate.
└ @ ITensorMPS ~/.julia/packages/ITensorMPS/fZDBz/src/abstractmps.jl:1246
┌ Warning: norm² is 2.3325840518315983 + 5.9992304321032935e-15im, which is not real up to a relative tolerance of 2.220446049250313e-15 and an absolute tolerance of 2.220446049250313e-15. Taking the real part, which may not be accurate.
└ @ ITensorMPS ~/.julia/packages/ITensorMPS/fZDBz/src/abstractmps.jl:1246
┌ Warning: norm² is 2.601654964471536e12 - 0.008224810747381246im, which is not real up to a relative tolerance of 2.220446049250313e-15 and an absolute tolerance of 2.220446049250313e-15. Taking the real part, which may not be accurate.
└ @ ITensorMPS ~/.julia/packages/ITensorMPS/fZDBz/src/abstractmps.jl:1246
┌ Warning: log(norm²) is 0.6962660256616657 - 2.5602939315228346e-15im, which is not real up to a relative tolerance of 2.220446049250313e-15 and an absolute tolerance of 2.220446049250313e-15. Taking the real part, which may not be accurate.
└ @ ITensorMPS ~/.julia/packages/ITensorMPS/fZDBz/src/abstractmps.jl:1271
┌ Warning: log(norm²) is 0.9806649476236302 - 2.8972098907455603e-15im, which is not real up to a relative tolerance of 2.220446049250313e-15 and an absolute tolerance of 2.220446049250313e-15. Taking the real part, which may not be accurate.
└ @ ITensorMPS ~/.julia/packages/ITensorMPS/fZDBz/src/abstractmps.jl:1271
┌ Warning: norm² is 1.5072160333952274 - 3.735898360742695e-15im, which is not real up to a relative tolerance of 2.220446049250313e-15 and an absolute tolerance of 2.220446049250313e-15. Taking the real part, which may not be accurate.
└ @ ITensorMPS ~/.julia/packages/ITensorMPS/fZDBz/src/abstractmps.jl:1246
┌ Warning: norm² is 1.5160423496917644e12 + 0.0036636543724744538im, which is not real up to a relative tolerance of 2.220446049250313e-15 and an absolute tolerance of 2.220446049250313e-15. Taking the real part, which may not be accurate.
└ @ ITensorMPS ~/.julia/packages/ITensorMPS/fZDBz/src/abstractmps.jl:1246
┌ Warning: log(norm²) is 0.8735924998736622 + 2.624991590350307e-15im, which is not real up to a relative tolerance of 2.220446049250313e-15 and an absolute tolerance of 2.220446049250313e-15. Taking the real part, which may not be accurate.
└ @ ITensorMPS ~/.julia/packages/ITensorMPS/fZDBz/src/abstractmps.jl:1271
┌ Warning: log(norm²) is 0.9012942407271282 + 2.6554458865546722e-15im, which is not real up to a relative tolerance of 2.220446049250313e-15 and an absolute tolerance of 2.220446049250313e-15. Taking the real part, which may not be accurate.
└ @ ITensorMPS ~/.julia/packages/ITensorMPS/fZDBz/src/abstractmps.jl:1271
┌ Warning: norm² is 9.977860609142256e11 + 0.002679175283681801im, which is not real up to a relative tolerance of 2.220446049250313e-15 and an absolute tolerance of 2.220446049250313e-15. Taking the real part, which may not be accurate.
└ @ ITensorMPS ~/.julia/packages/ITensorMPS/fZDBz/src/abstractmps.jl:1246
┌ Warning: log(norm²) is 0.8851500034480028 + 2.2376651818843694e-15im, which is not real up to a relative tolerance of 2.220446049250313e-15 and an absolute tolerance of 2.220446049250313e-15. Taking the real part, which may not be accurate.
└ @ ITensorMPS ~/.julia/packages/ITensorMPS/fZDBz/src/abstractmps.jl:1271
┌ Warning: norm² is 1.0150447007702925e12 - 0.00260114691228524im, which is not real up to a relative tolerance of 2.220446049250313e-15 and an absolute tolerance of 2.220446049250313e-15. Taking the real part, which may not be accurate.
└ @ ITensorMPS ~/.julia/packages/ITensorMPS/fZDBz/src/abstractmps.jl:1246
┌ Warning: norm² is 2.0371211993503535e12 + 0.00541216201907592im, which is not real up to a relative tolerance of 2.220446049250313e-15 and an absolute tolerance of 2.220446049250313e-15. Taking the real part, which may not be accurate.
└ @ ITensorMPS ~/.julia/packages/ITensorMPS/fZDBz/src/abstractmps.jl:1246
┌ Warning: norm² is 2.418356192599516 - 5.9671457116192316e-15im, which is not real up to a relative tolerance of 2.220446049250313e-15 and an absolute tolerance of 2.220446049250313e-15. Taking the real part, which may not be accurate.
└ @ ITensorMPS ~/.julia/packages/ITensorMPS/fZDBz/src/abstractmps.jl:1246
┌ Warning: norm² is 2.372781417657633 + 5.4859060882079044e-15im, which is not real up to a relative tolerance of 2.220446049250313e-15 and an absolute tolerance of 2.220446049250313e-15. Taking the real part, which may not be accurate.
└ @ ITensorMPS ~/.julia/packages/ITensorMPS/fZDBz/src/abstractmps.jl:1246
┌ Warning: norm² is 2.486840851705692 + 6.006790439760371e-15im, which is not real up to a relative tolerance of 2.220446049250313e-15 and an absolute tolerance of 2.220446049250313e-15. Taking the real part, which may not be accurate.
└ @ ITensorMPS ~/.julia/packages/ITensorMPS/fZDBz/src/abstractmps.jl:1246
┌ Warning: norm² is 2.428819259229534 - 6.327250319162128e-15im, which is not real up to a relative tolerance of 2.220446049250313e-15 and an absolute tolerance of 2.220446049250313e-15. Taking the real part, which may not be accurate.
└ @ ITensorMPS ~/.julia/packages/ITensorMPS/fZDBz/src/abstractmps.jl:1246
┌ Warning: log(norm²) is 0.8757462184684448 + 2.502382931616253e-15im, which is not real up to a relative tolerance of 2.220446049250313e-15 and an absolute tolerance of 2.220446049250313e-15. Taking the real part, which may not be accurate.
└ @ ITensorMPS ~/.julia/packages/ITensorMPS/fZDBz/src/abstractmps.jl:1271
┌ Warning: log(norm²) is 0.7202834388788664 - 2.374202263860039e-15im, which is not real up to a relative tolerance of 2.220446049250313e-15 and an absolute tolerance of 2.220446049250313e-15. Taking the real part, which may not be accurate.
└ @ ITensorMPS ~/.julia/packages/ITensorMPS/fZDBz/src/abstractmps.jl:1271
┌ Warning: norm² is 2.7886566978422285e12 + 0.010415476737398512im, which is not real up to a relative tolerance of 2.220446049250313e-15 and an absolute tolerance of 2.220446049250313e-15. Taking the real part, which may not be accurate.
└ @ ITensorMPS ~/.julia/packages/ITensorMPS/fZDBz/src/abstractmps.jl:1246
┌ Warning: norm² is 9.851989812048884e11 - 0.0029256466234955482im, which is not real up to a relative tolerance of 2.220446049250313e-15 and an absolute tolerance of 2.220446049250313e-15. Taking the real part, which may not be accurate.
└ @ ITensorMPS ~/.julia/packages/ITensorMPS/fZDBz/src/abstractmps.jl:1246
┌ Warning: norm² is 2.8656324119597554e12 - 0.007852715113819131im, which is not real up to a relative tolerance of 2.220446049250313e-15 and an absolute tolerance of 2.220446049250313e-15. Taking the real part, which may not be accurate.
└ @ ITensorMPS ~/.julia/packages/ITensorMPS/fZDBz/src/abstractmps.jl:1246
┌ Warning: norm² is 1.2502638479310518e12 + 0.0027890932063094334im, which is not real up to a relative tolerance of 2.220446049250313e-15 and an absolute tolerance of 2.220446049250313e-15. Taking the real part, which may not be accurate.
└ @ ITensorMPS ~/.julia/packages/ITensorMPS/fZDBz/src/abstractmps.jl:1246
┌ Warning: norm² is 9.884915294677659e11 - 0.0023803374668729025im, which is not real up to a relative tolerance of 2.220446049250313e-15 and an absolute tolerance of 2.220446049250313e-15. Taking the real part, which may not be accurate.
└ @ ITensorMPS ~/.julia/packages/ITensorMPS/fZDBz/src/abstractmps.jl:1246
┌ Warning: norm² is 2.1883668423248936 + 5.443292541721071e-15im, which is not real up to a relative tolerance of 2.220446049250313e-15 and an absolute tolerance of 2.220446049250313e-15. Taking the real part, which may not be accurate.
└ @ ITensorMPS ~/.julia/packages/ITensorMPS/fZDBz/src/abstractmps.jl:1246
┌ Warning: log(norm²) is 0.7831555315321946 + 2.301032456799603e-15im, which is not real up to a relative tolerance of 2.220446049250313e-15 and an absolute tolerance of 2.220446049250313e-15. Taking the real part, which may not be accurate.
└ @ ITensorMPS ~/.julia/packages/ITensorMPS/fZDBz/src/abstractmps.jl:1271
┌ Warning: norm² is 2.4302416980178423 + 5.523462955096901e-15im, which is not real up to a relative tolerance of 2.220446049250313e-15 and an absolute tolerance of 2.220446049250313e-15. Taking the real part, which may not be accurate.
└ @ ITensorMPS ~/.julia/packages/ITensorMPS/fZDBz/src/abstractmps.jl:1246
┌ Warning: norm² is 1.0072705553181855e12 - 0.0026187439059774417im, which is not real up to a relative tolerance of 2.220446049250313e-15 and an absolute tolerance of 2.220446049250313e-15. Taking the real part, which may not be accurate.
└ @ ITensorMPS ~/.julia/packages/ITensorMPS/fZDBz/src/abstractmps.jl:1246
┌ Warning: log(norm²) is 0.9013464163552054 + 2.4727432285451415e-15im, which is not real up to a relative tolerance of 2.220446049250313e-15 and an absolute tolerance of 2.220446049250313e-15. Taking the real part, which may not be accurate.
└ @ ITensorMPS ~/.julia/packages/ITensorMPS/fZDBz/src/abstractmps.jl:1271
┌ Warning: norm² is 4.3874585815284453e12 + 0.014087179176340534im, which is not real up to a relative tolerance of 2.220446049250313e-15 and an absolute tolerance of 2.220446049250313e-15. Taking the real part, which may not be accurate.
└ @ ITensorMPS ~/.julia/packages/ITensorMPS/fZDBz/src/abstractmps.jl:1246
┌ Warning: log(norm²) is 0.8795017704647176 + 2.5186518665996092e-15im, which is not real up to a relative tolerance of 2.220446049250313e-15 and an absolute tolerance of 2.220446049250313e-15. Taking the real part, which may not be accurate.
└ @ ITensorMPS ~/.julia/packages/ITensorMPS/fZDBz/src/abstractmps.jl:1271
┌ Warning: norm² is 2.842920963792458e12 - 0.010486730259881581im, which is not real up to a relative tolerance of 2.220446049250313e-15 and an absolute tolerance of 2.220446049250313e-15. Taking the real part, which may not be accurate.
└ @ ITensorMPS ~/.julia/packages/ITensorMPS/fZDBz/src/abstractmps.jl:1246
┌ Warning: log(norm²) is 0.8563718813583753 + 2.7882886994110598e-15im, which is not real up to a relative tolerance of 2.220446049250313e-15 and an absolute tolerance of 2.220446049250313e-15. Taking the real part, which may not be accurate.
└ @ ITensorMPS ~/.julia/packages/ITensorMPS/fZDBz/src/abstractmps.jl:1271
┌ Warning: norm² is 2.4887080617621763e12 + 0.008039248804144337im, which is not real up to a relative tolerance of 2.220446049250313e-15 and an absolute tolerance of 2.220446049250313e-15. Taking the real part, which may not be accurate.
└ @ ITensorMPS ~/.julia/packages/ITensorMPS/fZDBz/src/abstractmps.jl:1246
┌ Warning: norm² is 2.415242880546736 - 5.8504566449630725e-15im, which is not real up to a relative tolerance of 2.220446049250313e-15 and an absolute tolerance of 2.220446049250313e-15. Taking the real part, which may not be accurate.
└ @ ITensorMPS ~/.julia/packages/ITensorMPS/fZDBz/src/abstractmps.jl:1246
┌ Warning: norm² is 2.637943654050103e12 - 0.007502319116785169im, which is not real up to a relative tolerance of 2.220446049250313e-15 and an absolute tolerance of 2.220446049250313e-15. Taking the real part, which may not be accurate.
└ @ ITensorMPS ~/.julia/packages/ITensorMPS/fZDBz/src/abstractmps.jl:1246
┌ Warning: norm² is 2.471212301808409 + 8.412325399330014e-15im, which is not real up to a relative tolerance of 2.220446049250313e-15 and an absolute tolerance of 2.220446049250313e-15. Taking the real part, which may not be accurate.
└ @ ITensorMPS ~/.julia/packages/ITensorMPS/fZDBz/src/abstractmps.jl:1246
┌ Warning: norm² is 1.278544574594167e12 + 0.002864571731393901im, which is not real up to a relative tolerance of 2.220446049250313e-15 and an absolute tolerance of 2.220446049250313e-15. Taking the real part, which may not be accurate.
└ @ ITensorMPS ~/.julia/packages/ITensorMPS/fZDBz/src/abstractmps.jl:1246
┌ Warning: norm² is 1.9128140478196245e12 + 0.005164542827970814im, which is not real up to a relative tolerance of 2.220446049250313e-15 and an absolute tolerance of 2.220446049250313e-15. Taking the real part, which may not be accurate.
└ @ ITensorMPS ~/.julia/packages/ITensorMPS/fZDBz/src/abstractmps.jl:1246
┌ Warning: norm² is 9.936491996604988e11 - 0.0025280942183221904im, which is not real up to a relative tolerance of 2.220446049250313e-15 and an absolute tolerance of 2.220446049250313e-15. Taking the real part, which may not be accurate.
└ @ ITensorMPS ~/.julia/packages/ITensorMPS/fZDBz/src/abstractmps.jl:1246
┌ Warning: norm² is 2.412104349347835 - 5.627726667389872e-15im, which is not real up to a relative tolerance of 2.220446049250313e-15 and an absolute tolerance of 2.220446049250313e-15. Taking the real part, which may not be accurate.
└ @ ITensorMPS ~/.julia/packages/ITensorMPS/fZDBz/src/abstractmps.jl:1246
┌ Warning: norm² is 5.137214483280622e12 - 0.015823419672083283im, which is not real up to a relative tolerance of 2.220446049250313e-15 and an absolute tolerance of 2.220446049250313e-15. Taking the real part, which may not be accurate.
└ @ ITensorMPS ~/.julia/packages/ITensorMPS/fZDBz/src/abstractmps.jl:1246
┌ Warning: norm² is 9.888076266914719e11 - 0.0032031797007531643im, which is not real up to a relative tolerance of 2.220446049250313e-15 and an absolute tolerance of 2.220446049250313e-15. Taking the real part, which may not be accurate.
└ @ ITensorMPS ~/.julia/packages/ITensorMPS/fZDBz/src/abstractmps.jl:1246
┌ Warning: norm² is 1.0208791299215007e12 + 0.004527679549766497im, which is not real up to a relative tolerance of 2.220446049250313e-15 and an absolute tolerance of 2.220446049250313e-15. Taking the real part, which may not be accurate.
└ @ ITensorMPS ~/.julia/packages/ITensorMPS/fZDBz/src/abstractmps.jl:1246
┌ Warning: norm² is 9.908584100519176e11 - 0.002295742417295875im, which is not real up to a relative tolerance of 2.220446049250313e-15 and an absolute tolerance of 2.220446049250313e-15. Taking the real part, which may not be accurate.
└ @ ITensorMPS ~/.julia/packages/ITensorMPS/fZDBz/src/abstractmps.jl:1246
┌ Warning: norm² is 2.208594377157714 + 5.431050360656511e-15im, which is not real up to a relative tolerance of 2.220446049250313e-15 and an absolute tolerance of 2.220446049250313e-15. Taking the real part, which may not be accurate.
└ @ ITensorMPS ~/.julia/packages/ITensorMPS/fZDBz/src/abstractmps.jl:1246
┌ Warning: norm² is 1.3219552541604702e12 + 0.003911350294071164im, which is not real up to a relative tolerance of 2.220446049250313e-15 and an absolute tolerance of 2.220446049250313e-15. Taking the real part, which may not be accurate.
└ @ ITensorMPS ~/.julia/packages/ITensorMPS/fZDBz/src/abstractmps.jl:1246
┌ Warning: norm² is 1.0023329516607034e12 + 0.0024678896071967313im, which is not real up to a relative tolerance of 2.220446049250313e-15 and an absolute tolerance of 2.220446049250313e-15. Taking the real part, which may not be accurate.
└ @ ITensorMPS ~/.julia/packages/ITensorMPS/fZDBz/src/abstractmps.jl:1246
┌ Warning: norm² is 2.3792137100785107 + 6.109844283718067e-15im, which is not real up to a relative tolerance of 2.220446049250313e-15 and an absolute tolerance of 2.220446049250313e-15. Taking the real part, which may not be accurate.
└ @ ITensorMPS ~/.julia/packages/ITensorMPS/fZDBz/src/abstractmps.jl:1246
┌ Warning: norm² is 9.615827342920391e11 - 0.003045428948132159im, which is not real up to a relative tolerance of 2.220446049250313e-15 and an absolute tolerance of 2.220446049250313e-15. Taking the real part, which may not be accurate.
└ @ ITensorMPS ~/.julia/packages/ITensorMPS/fZDBz/src/abstractmps.jl:1246
┌ Warning: norm² is 1.0029124856200912e12 - 0.0033847186362921597im, which is not real up to a relative tolerance of 2.220446049250313e-15 and an absolute tolerance of 2.220446049250313e-15. Taking the real part, which may not be accurate.
└ @ ITensorMPS ~/.julia/packages/ITensorMPS/fZDBz/src/abstractmps.jl:1246
┌ Warning: log(norm²) is 0.8776162440507637 - 2.223296140401995e-15im, which is not real up to a relative tolerance of 2.220446049250313e-15 and an absolute tolerance of 2.220446049250313e-15. Taking the real part, which may not be accurate.
└ @ ITensorMPS ~/.julia/packages/ITensorMPS/fZDBz/src/abstractmps.jl:1271
┌ Warning: norm² is 9.71881019808008e11 + 0.003221169860054311im, which is not real up to a relative tolerance of 2.220446049250313e-15 and an absolute tolerance of 2.220446049250313e-15. Taking the real part, which may not be accurate.
└ @ ITensorMPS ~/.julia/packages/ITensorMPS/fZDBz/src/abstractmps.jl:1246
┌ Warning: norm² is 1.2546037714483875e12 + 0.0031681006483662236im, which is not real up to a relative tolerance of 2.220446049250313e-15 and an absolute tolerance of 2.220446049250313e-15. Taking the real part, which may not be accurate.
└ @ ITensorMPS ~/.julia/packages/ITensorMPS/fZDBz/src/abstractmps.jl:1246
┌ Warning: log(norm²) is 0.8730851729133506 - 2.37621741833943e-15im, which is not real up to a relative tolerance of 2.220446049250313e-15 and an absolute tolerance of 2.220446049250313e-15. Taking the real part, which may not be accurate.
└ @ ITensorMPS ~/.julia/packages/ITensorMPS/fZDBz/src/abstractmps.jl:1271
┌ Warning: norm² is 9.539763364602571e11 - 0.0031232843067668485im, which is not real up to a relative tolerance of 2.220446049250313e-15 and an absolute tolerance of 2.220446049250313e-15. Taking the real part, which may not be accurate.
└ @ ITensorMPS ~/.julia/packages/ITensorMPS/fZDBz/src/abstractmps.jl:1246
┌ Warning: norm² is 2.3898046848539107 - 6.340953468398494e-15im, which is not real up to a relative tolerance of 2.220446049250313e-15 and an absolute tolerance of 2.220446049250313e-15. Taking the real part, which may not be accurate.
└ @ ITensorMPS ~/.julia/packages/ITensorMPS/fZDBz/src/abstractmps.jl:1246
┌ Warning: norm² is 1.563470290012052e12 - 0.003964307282446542im, which is not real up to a relative tolerance of 2.220446049250313e-15 and an absolute tolerance of 2.220446049250313e-15. Taking the real part, which may not be accurate.
└ @ ITensorMPS ~/.julia/packages/ITensorMPS/fZDBz/src/abstractmps.jl:1246
┌ Warning: norm² is 9.931953427352308e11 + 0.0022956668203191937im, which is not real up to a relative tolerance of 2.220446049250313e-15 and an absolute tolerance of 2.220446049250313e-15. Taking the real part, which may not be accurate.
└ @ ITensorMPS ~/.julia/packages/ITensorMPS/fZDBz/src/abstractmps.jl:1246
┌ Warning: log(norm²) is 0.8324830622201723 - 2.6398138096825777e-15im, which is not real up to a relative tolerance of 2.220446049250313e-15 and an absolute tolerance of 2.220446049250313e-15. Taking the real part, which may not be accurate.
└ @ ITensorMPS ~/.julia/packages/ITensorMPS/fZDBz/src/abstractmps.jl:1271
┌ Warning: norm² is 1.8544599544232444e12 - 0.0056121948924016925im, which is not real up to a relative tolerance of 2.220446049250313e-15 and an absolute tolerance of 2.220446049250313e-15. Taking the real part, which may not be accurate.
└ @ ITensorMPS ~/.julia/packages/ITensorMPS/fZDBz/src/abstractmps.jl:1246
┌ Warning: norm² is 1.0407434059064109e12 - 0.0026317000308703465im, which is not real up to a relative tolerance of 2.220446049250313e-15 and an absolute tolerance of 2.220446049250313e-15. Taking the real part, which may not be accurate.
└ @ ITensorMPS ~/.julia/packages/ITensorMPS/fZDBz/src/abstractmps.jl:1246
┌ Warning: norm² is 3.207192369326092 + 7.200685873162122e-15im, which is not real up to a relative tolerance of 2.220446049250313e-15 and an absolute tolerance of 2.220446049250313e-15. Taking the real part, which may not be accurate.
└ @ ITensorMPS ~/.julia/packages/ITensorMPS/fZDBz/src/abstractmps.jl:1246
┌ Warning: norm² is 2.0205963682266215 - 4.750453504939357e-15im, which is not real up to a relative tolerance of 2.220446049250313e-15 and an absolute tolerance of 2.220446049250313e-15. Taking the real part, which may not be accurate.
└ @ ITensorMPS ~/.julia/packages/ITensorMPS/fZDBz/src/abstractmps.jl:1246
┌ Warning: log(norm²) is 0.833658774941293 + 2.589406672004307e-15im, which is not real up to a relative tolerance of 2.220446049250313e-15 and an absolute tolerance of 2.220446049250313e-15. Taking the real part, which may not be accurate.
└ @ ITensorMPS ~/.julia/packages/ITensorMPS/fZDBz/src/abstractmps.jl:1271
┌ Warning: norm² is 9.933436670066235e11 + 0.0022566506122490664im, which is not real up to a relative tolerance of 2.220446049250313e-15 and an absolute tolerance of 2.220446049250313e-15. Taking the real part, which may not be accurate.
└ @ ITensorMPS ~/.julia/packages/ITensorMPS/fZDBz/src/abstractmps.jl:1246
┌ Warning: norm² is 9.367263652535215e11 - 0.0024946407144542325im, which is not real up to a relative tolerance of 2.220446049250313e-15 and an absolute tolerance of 2.220446049250313e-15. Taking the real part, which may not be accurate.
└ @ ITensorMPS ~/.julia/packages/ITensorMPS/fZDBz/src/abstractmps.jl:1246
┌ Warning: log(norm²) is 0.8645003632646059 + 2.2496037622437115e-15im, which is not real up to a relative tolerance of 2.220446049250313e-15 and an absolute tolerance of 2.220446049250313e-15. Taking the real part, which may not be accurate.
└ @ ITensorMPS ~/.julia/packages/ITensorMPS/fZDBz/src/abstractmps.jl:1271
┌ Warning: norm² is 1.4830471157325789e12 - 0.004651332139516701im, which is not real up to a relative tolerance of 2.220446049250313e-15 and an absolute tolerance of 2.220446049250313e-15. Taking the real part, which may not be accurate.
└ @ ITensorMPS ~/.julia/packages/ITensorMPS/fZDBz/src/abstractmps.jl:1246
┌ Warning: norm² is 1.6245349656017864e12 + 0.0049479046733476835im, which is not real up to a relative tolerance of 2.220446049250313e-15 and an absolute tolerance of 2.220446049250313e-15. Taking the real part, which may not be accurate.
└ @ ITensorMPS ~/.julia/packages/ITensorMPS/fZDBz/src/abstractmps.jl:1246
┌ Warning: norm² is 2.4461002424199165 - 6.123352691143158e-15im, which is not real up to a relative tolerance of 2.220446049250313e-15 and an absolute tolerance of 2.220446049250313e-15. Taking the real part, which may not be accurate.
└ @ ITensorMPS ~/.julia/packages/ITensorMPS/fZDBz/src/abstractmps.jl:1246
┌ Warning: norm² is 1.4348274561041523e12 + 0.0038143147045377533im, which is not real up to a relative tolerance of 2.220446049250313e-15 and an absolute tolerance of 2.220446049250313e-15. Taking the real part, which may not be accurate.
└ @ ITensorMPS ~/.julia/packages/ITensorMPS/fZDBz/src/abstractmps.jl:1246
┌ Warning: norm² is 9.21613087124601e11 + 0.0025182289713930536im, which is not real up to a relative tolerance of 2.220446049250313e-15 and an absolute tolerance of 2.220446049250313e-15. Taking the real part, which may not be accurate.
└ @ ITensorMPS ~/.julia/packages/ITensorMPS/fZDBz/src/abstractmps.jl:1246
┌ Warning: norm² is 4.2811751846806543e12 + 0.012995822522354967im, which is not real up to a relative tolerance of 2.220446049250313e-15 and an absolute tolerance of 2.220446049250313e-15. Taking the real part, which may not be accurate.
└ @ ITensorMPS ~/.julia/packages/ITensorMPS/fZDBz/src/abstractmps.jl:1246
┌ Warning: log(norm²) is 0.8860492269746125 - 2.709793804624951e-15im, which is not real up to a relative tolerance of 2.220446049250313e-15 and an absolute tolerance of 2.220446049250313e-15. Taking the real part, which may not be accurate.
└ @ ITensorMPS ~/.julia/packages/ITensorMPS/fZDBz/src/abstractmps.jl:1271
┌ Warning: norm² is 1.5442059865928767e12 + 0.003661082674614853im, which is not real up to a relative tolerance of 2.220446049250313e-15 and an absolute tolerance of 2.220446049250313e-15. Taking the real part, which may not be accurate.
└ @ ITensorMPS ~/.julia/packages/ITensorMPS/fZDBz/src/abstractmps.jl:1246
┌ Warning: norm² is 2.388167153177627 - 6.117522908208626e-15im, which is not real up to a relative tolerance of 2.220446049250313e-15 and an absolute tolerance of 2.220446049250313e-15. Taking the real part, which may not be accurate.
└ @ ITensorMPS ~/.julia/packages/ITensorMPS/fZDBz/src/abstractmps.jl:1246
┌ Warning: norm² is 1.3155692352513145e12 - 0.003022564361759128im, which is not real up to a relative tolerance of 2.220446049250313e-15 and an absolute tolerance of 2.220446049250313e-15. Taking the real part, which may not be accurate.
└ @ ITensorMPS ~/.julia/packages/ITensorMPS/fZDBz/src/abstractmps.jl:1246
┌ Warning: log(norm²) is 0.8709283942610978 + 2.5654207785165428e-15im, which is not real up to a relative tolerance of 2.220446049250313e-15 and an absolute tolerance of 2.220446049250313e-15. Taking the real part, which may not be accurate.
└ @ ITensorMPS ~/.julia/packages/ITensorMPS/fZDBz/src/abstractmps.jl:1271
┌ Warning: norm² is 1.5147097629506252e12 - 0.0050656218422391475im, which is not real up to a relative tolerance of 2.220446049250313e-15 and an absolute tolerance of 2.220446049250313e-15. Taking the real part, which may not be accurate.
└ @ ITensorMPS ~/.julia/packages/ITensorMPS/fZDBz/src/abstractmps.jl:1246
┌ Warning: norm² is 2.4349420776955446 - 5.892637088469159e-15im, which is not real up to a relative tolerance of 2.220446049250313e-15 and an absolute tolerance of 2.220446049250313e-15. Taking the real part, which may not be accurate.
└ @ ITensorMPS ~/.julia/packages/ITensorMPS/fZDBz/src/abstractmps.jl:1246
┌ Warning: norm² is 2.4060192364766113 - 5.633926796654154e-15im, which is not real up to a relative tolerance of 2.220446049250313e-15 and an absolute tolerance of 2.220446049250313e-15. Taking the real part, which may not be accurate.
└ @ ITensorMPS ~/.julia/packages/ITensorMPS/fZDBz/src/abstractmps.jl:1246
┌ Warning: norm² is 9.696850447519001e11 + 0.002813747231444398im, which is not real up to a relative tolerance of 2.220446049250313e-15 and an absolute tolerance of 2.220446049250313e-15. Taking the real part, which may not be accurate.
└ @ ITensorMPS ~/.julia/packages/ITensorMPS/fZDBz/src/abstractmps.jl:1246
┌ Warning: norm² is 1.6387644563494595e12 + 0.004615474969385448im, which is not real up to a relative tolerance of 2.220446049250313e-15 and an absolute tolerance of 2.220446049250313e-15. Taking the real part, which may not be accurate.
└ @ ITensorMPS ~/.julia/packages/ITensorMPS/fZDBz/src/abstractmps.jl:1246
┌ Warning: norm² is 1.6417110400722563e12 + 0.0038052149393491283im, which is not real up to a relative tolerance of 2.220446049250313e-15 and an absolute tolerance of 2.220446049250313e-15. Taking the real part, which may not be accurate.
└ @ ITensorMPS ~/.julia/packages/ITensorMPS/fZDBz/src/abstractmps.jl:1246
┌ Warning: norm² is 2.2868181585111858 - 5.423630564779077e-15im, which is not real up to a relative tolerance of 2.220446049250313e-15 and an absolute tolerance of 2.220446049250313e-15. Taking the real part, which may not be accurate.
└ @ ITensorMPS ~/.julia/packages/ITensorMPS/fZDBz/src/abstractmps.jl:1246
┌ Warning: norm² is 2.6211720972107183e12 + 0.006270534819897653im, which is not real up to a relative tolerance of 2.220446049250313e-15 and an absolute tolerance of 2.220446049250313e-15. Taking the real part, which may not be accurate.
└ @ ITensorMPS ~/.julia/packages/ITensorMPS/fZDBz/src/abstractmps.jl:1246
┌ Warning: norm² is 9.931269589024448e11 + 0.0025990036605187837im, which is not real up to a relative tolerance of 2.220446049250313e-15 and an absolute tolerance of 2.220446049250313e-15. Taking the real part, which may not be accurate.
└ @ ITensorMPS ~/.julia/packages/ITensorMPS/fZDBz/src/abstractmps.jl:1246
┌ Warning: norm² is 2.439268601166182 - 5.9625533194248715e-15im, which is not real up to a relative tolerance of 2.220446049250313e-15 and an absolute tolerance of 2.220446049250313e-15. Taking the real part, which may not be accurate.
└ @ ITensorMPS ~/.julia/packages/ITensorMPS/fZDBz/src/abstractmps.jl:1246
┌ Warning: norm² is 9.92395122951174e11 + 0.0033640804757174604im, which is not real up to a relative tolerance of 2.220446049250313e-15 and an absolute tolerance of 2.220446049250313e-15. Taking the real part, which may not be accurate.
└ @ ITensorMPS ~/.julia/packages/ITensorMPS/fZDBz/src/abstractmps.jl:1246
┌ Warning: log(norm²) is 0.8812995645434958 + 3.473815059917539e-15im, which is not real up to a relative tolerance of 2.220446049250313e-15 and an absolute tolerance of 2.220446049250313e-15. Taking the real part, which may not be accurate.
└ @ ITensorMPS ~/.julia/packages/ITensorMPS/fZDBz/src/abstractmps.jl:1271
┌ Warning: log(norm²) is 0.8687829304399004 - 2.9421855497918766e-15im, which is not real up to a relative tolerance of 2.220446049250313e-15 and an absolute tolerance of 2.220446049250313e-15. Taking the real part, which may not be accurate.
└ @ ITensorMPS ~/.julia/packages/ITensorMPS/fZDBz/src/abstractmps.jl:1271
┌ Warning: norm² is 9.355210439451727e11 - 0.002488937474585123im, which is not real up to a relative tolerance of 2.220446049250313e-15 and an absolute tolerance of 2.220446049250313e-15. Taking the real part, which may not be accurate.
└ @ ITensorMPS ~/.julia/packages/ITensorMPS/fZDBz/src/abstractmps.jl:1246
┌ Warning: log(norm²) is 0.8693133944067659 + 2.3989191528542866e-15im, which is not real up to a relative tolerance of 2.220446049250313e-15 and an absolute tolerance of 2.220446049250313e-15. Taking the real part, which may not be accurate.
└ @ ITensorMPS ~/.julia/packages/ITensorMPS/fZDBz/src/abstractmps.jl:1271
┌ Warning: norm² is 1.2665693120436323e12 - 0.0031196722372995433im, which is not real up to a relative tolerance of 2.220446049250313e-15 and an absolute tolerance of 2.220446049250313e-15. Taking the real part, which may not be accurate.
└ @ ITensorMPS ~/.julia/packages/ITensorMPS/fZDBz/src/abstractmps.jl:1246
┌ Warning: norm² is 9.375135414589753e11 - 0.0027667432862374004im, which is not real up to a relative tolerance of 2.220446049250313e-15 and an absolute tolerance of 2.220446049250313e-15. Taking the real part, which may not be accurate.
└ @ ITensorMPS ~/.julia/packages/ITensorMPS/fZDBz/src/abstractmps.jl:1246
┌ Warning: log(norm²) is 0.8716876014700191 - 2.3244294670194964e-15im, which is not real up to a relative tolerance of 2.220446049250313e-15 and an absolute tolerance of 2.220446049250313e-15. Taking the real part, which may not be accurate.
└ @ ITensorMPS ~/.julia/packages/ITensorMPS/fZDBz/src/abstractmps.jl:1271
┌ Warning: norm² is 1.057918621810436e12 + 0.003011488422622225im, which is not real up to a relative tolerance of 2.220446049250313e-15 and an absolute tolerance of 2.220446049250313e-15. Taking the real part, which may not be accurate.
└ @ ITensorMPS ~/.julia/packages/ITensorMPS/fZDBz/src/abstractmps.jl:1246
┌ Warning: norm² is 2.3891893029465057 - 5.922079126359007e-15im, which is not real up to a relative tolerance of 2.220446049250313e-15 and an absolute tolerance of 2.220446049250313e-15. Taking the real part, which may not be accurate.
└ @ ITensorMPS ~/.julia/packages/ITensorMPS/fZDBz/src/abstractmps.jl:1246
┌ Warning: norm² is 1.1135284712109802e12 - 0.003447270830063561im, which is not real up to a relative tolerance of 2.220446049250313e-15 and an absolute tolerance of 2.220446049250313e-15. Taking the real part, which may not be accurate.
└ @ ITensorMPS ~/.julia/packages/ITensorMPS/fZDBz/src/abstractmps.jl:1246
┌ Warning: log(norm²) is 0.8743950241198537 - 2.319275008801057e-15im, which is not real up to a relative tolerance of 2.220446049250313e-15 and an absolute tolerance of 2.220446049250313e-15. Taking the real part, which may not be accurate.
└ @ ITensorMPS ~/.julia/packages/ITensorMPS/fZDBz/src/abstractmps.jl:1271
┌ Warning: norm² is 9.936977542136086e11 + 0.0030392002180345177im, which is not real up to a relative tolerance of 2.220446049250313e-15 and an absolute tolerance of 2.220446049250313e-15. Taking the real part, which may not be accurate.
└ @ ITensorMPS ~/.julia/packages/ITensorMPS/fZDBz/src/abstractmps.jl:1246
┌ Warning: norm² is 2.873765508924521e12 - 0.0064786096055389365im, which is not real up to a relative tolerance of 2.220446049250313e-15 and an absolute tolerance of 2.220446049250313e-15. Taking the real part, which may not be accurate.
└ @ ITensorMPS ~/.julia/packages/ITensorMPS/fZDBz/src/abstractmps.jl:1246
┌ Warning: norm² is 1.267708041161648e12 + 0.004076735200292866im, which is not real up to a relative tolerance of 2.220446049250313e-15 and an absolute tolerance of 2.220446049250313e-15. Taking the real part, which may not be accurate.
└ @ ITensorMPS ~/.julia/packages/ITensorMPS/fZDBz/src/abstractmps.jl:1246
┌ Warning: norm² is 2.9583585783328584e12 + 0.007515051192916001im, which is not real up to a relative tolerance of 2.220446049250313e-15 and an absolute tolerance of 2.220446049250313e-15. Taking the real part, which may not be accurate.
└ @ ITensorMPS ~/.julia/packages/ITensorMPS/fZDBz/src/abstractmps.jl:1246
┌ Warning: norm² is 2.3901625434182083 + 5.598781882801044e-15im, which is not real up to a relative tolerance of 2.220446049250313e-15 and an absolute tolerance of 2.220446049250313e-15. Taking the real part, which may not be accurate.
└ @ ITensorMPS ~/.julia/packages/ITensorMPS/fZDBz/src/abstractmps.jl:1246
┌ Warning: log(norm²) is 0.8789260807722774 - 2.4416191164218447e-15im, which is not real up to a relative tolerance of 2.220446049250313e-15 and an absolute tolerance of 2.220446049250313e-15. Taking the real part, which may not be accurate.
└ @ ITensorMPS ~/.julia/packages/ITensorMPS/fZDBz/src/abstractmps.jl:1271
┌ Warning: norm² is 1.6721483731437927e12 - 0.005967800244865626im, which is not real up to a relative tolerance of 2.220446049250313e-15 and an absolute tolerance of 2.220446049250313e-15. Taking the real part, which may not be accurate.
└ @ ITensorMPS ~/.julia/packages/ITensorMPS/fZDBz/src/abstractmps.jl:1246
┌ Warning: norm² is 2.407448834976715 + 7.019045794681985e-15im, which is not real up to a relative tolerance of 2.220446049250313e-15 and an absolute tolerance of 2.220446049250313e-15. Taking the real part, which may not be accurate.
└ @ ITensorMPS ~/.julia/packages/ITensorMPS/fZDBz/src/abstractmps.jl:1246
┌ Warning: norm² is 1.3019804035255693e12 + 0.0030897096982475366im, which is not real up to a relative tolerance of 2.220446049250313e-15 and an absolute tolerance of 2.220446049250313e-15. Taking the real part, which may not be accurate.
└ @ ITensorMPS ~/.julia/packages/ITensorMPS/fZDBz/src/abstractmps.jl:1246
┌ Warning: log(norm²) is 0.8597240486573506 - 2.339172147183012e-15im, which is not real up to a relative tolerance of 2.220446049250313e-15 and an absolute tolerance of 2.220446049250313e-15. Taking the real part, which may not be accurate.
└ @ ITensorMPS ~/.julia/packages/ITensorMPS/fZDBz/src/abstractmps.jl:1271
┌ Warning: norm² is 9.280067313497844e11 - 0.002320420529324003im, which is not real up to a relative tolerance of 2.220446049250313e-15 and an absolute tolerance of 2.220446049250313e-15. Taking the real part, which may not be accurate.
└ @ ITensorMPS ~/.julia/packages/ITensorMPS/fZDBz/src/abstractmps.jl:1246
┌ Warning: norm² is 1.4811720753217288e12 - 0.005469286390960427im, which is not real up to a relative tolerance of 2.220446049250313e-15 and an absolute tolerance of 2.220446049250313e-15. Taking the real part, which may not be accurate.
└ @ ITensorMPS ~/.julia/packages/ITensorMPS/fZDBz/src/abstractmps.jl:1246
┌ Warning: norm² is 9.964183407478467e11 + 0.0034022948331412224im, which is not real up to a relative tolerance of 2.220446049250313e-15 and an absolute tolerance of 2.220446049250313e-15. Taking the real part, which may not be accurate.
└ @ ITensorMPS ~/.julia/packages/ITensorMPS/fZDBz/src/abstractmps.jl:1246
┌ Warning: norm² is 2.3839614026337963 + 5.853862715531267e-15im, which is not real up to a relative tolerance of 2.220446049250313e-15 and an absolute tolerance of 2.220446049250313e-15. Taking the real part, which may not be accurate.
└ @ ITensorMPS ~/.julia/packages/ITensorMPS/fZDBz/src/abstractmps.jl:1246
┌ Warning: log(norm²) is 0.8791019735818488 + 3.3750701286987726e-15im, which is not real up to a relative tolerance of 2.220446049250313e-15 and an absolute tolerance of 2.220446049250313e-15. Taking the real part, which may not be accurate.
└ @ ITensorMPS ~/.julia/packages/ITensorMPS/fZDBz/src/abstractmps.jl:1271
┌ Warning: norm² is 9.95242819626464e11 - 0.00251818840040614im, which is not real up to a relative tolerance of 2.220446049250313e-15 and an absolute tolerance of 2.220446049250313e-15. Taking the real part, which may not be accurate.
└ @ ITensorMPS ~/.julia/packages/ITensorMPS/fZDBz/src/abstractmps.jl:1246
┌ Warning: norm² is 9.947665786833549e11 + 0.0032787811672604318im, which is not real up to a relative tolerance of 2.220446049250313e-15 and an absolute tolerance of 2.220446049250313e-15. Taking the real part, which may not be accurate.
└ @ ITensorMPS ~/.julia/packages/ITensorMPS/fZDBz/src/abstractmps.jl:1246
┌ Warning: log(norm²) is 0.773413209508481 - 2.5324952963789215e-15im, which is not real up to a relative tolerance of 2.220446049250313e-15 and an absolute tolerance of 2.220446049250313e-15. Taking the real part, which may not be accurate.
└ @ ITensorMPS ~/.julia/packages/ITensorMPS/fZDBz/src/abstractmps.jl:1271
┌ Warning: norm² is 9.706600723318867e11 + 0.0023759920111458372im, which is not real up to a relative tolerance of 2.220446049250313e-15 and an absolute tolerance of 2.220446049250313e-15. Taking the real part, which may not be accurate.
└ @ ITensorMPS ~/.julia/packages/ITensorMPS/fZDBz/src/abstractmps.jl:1246
┌ Warning: norm² is 2.4101185784945596 + 5.4565422087555046e-15im, which is not real up to a relative tolerance of 2.220446049250313e-15 and an absolute tolerance of 2.220446049250313e-15. Taking the real part, which may not be accurate.
└ @ ITensorMPS ~/.julia/packages/ITensorMPS/fZDBz/src/abstractmps.jl:1246
┌ Warning: norm² is 9.62340178591825e11 + 0.0031112215181236073im, which is not real up to a relative tolerance of 2.220446049250313e-15 and an absolute tolerance of 2.220446049250313e-15. Taking the real part, which may not be accurate.
└ @ ITensorMPS ~/.julia/packages/ITensorMPS/fZDBz/src/abstractmps.jl:1246
┌ Warning: norm² is 2.3993563849136157 + 5.561177853549456e-15im, which is not real up to a relative tolerance of 2.220446049250313e-15 and an absolute tolerance of 2.220446049250313e-15. Taking the real part, which may not be accurate.
└ @ ITensorMPS ~/.julia/packages/ITensorMPS/fZDBz/src/abstractmps.jl:1246
┌ Warning: log(norm²) is 0.8588431138980963 - 2.5833058797908605e-15im, which is not real up to a relative tolerance of 2.220446049250313e-15 and an absolute tolerance of 2.220446049250313e-15. Taking the real part, which may not be accurate.
└ @ ITensorMPS ~/.julia/packages/ITensorMPS/fZDBz/src/abstractmps.jl:1271
┌ Warning: norm² is 2.408080609541564 + 6.605610233909834e-15im, which is not real up to a relative tolerance of 2.220446049250313e-15 and an absolute tolerance of 2.220446049250313e-15. Taking the real part, which may not be accurate.
└ @ ITensorMPS ~/.julia/packages/ITensorMPS/fZDBz/src/abstractmps.jl:1246
┌ Warning: norm² is 1.4304716721802463e12 + 0.0037980060559563962im, which is not real up to a relative tolerance of 2.220446049250313e-15 and an absolute tolerance of 2.220446049250313e-15. Taking the real part, which may not be accurate.
└ @ ITensorMPS ~/.julia/packages/ITensorMPS/fZDBz/src/abstractmps.jl:1246
┌ Warning: norm² is 9.375711548593556e11 + 0.0022852070648118955im, which is not real up to a relative tolerance of 2.220446049250313e-15 and an absolute tolerance of 2.220446049250313e-15. Taking the real part, which may not be accurate.
└ @ ITensorMPS ~/.julia/packages/ITensorMPS/fZDBz/src/abstractmps.jl:1246
┌ Warning: norm² is 2.748439600566133e12 - 0.006638524933972285im, which is not real up to a relative tolerance of 2.220446049250313e-15 and an absolute tolerance of 2.220446049250313e-15. Taking the real part, which may not be accurate.
└ @ ITensorMPS ~/.julia/packages/ITensorMPS/fZDBz/src/abstractmps.jl:1246
┌ Warning: norm² is 2.3829231392299115 - 5.823860173676683e-15im, which is not real up to a relative tolerance of 2.220446049250313e-15 and an absolute tolerance of 2.220446049250313e-15. Taking the real part, which may not be accurate.
└ @ ITensorMPS ~/.julia/packages/ITensorMPS/fZDBz/src/abstractmps.jl:1246
┌ Warning: norm² is 2.302240492895906e12 + 0.005873397882034875im, which is not real up to a relative tolerance of 2.220446049250313e-15 and an absolute tolerance of 2.220446049250313e-15. Taking the real part, which may not be accurate.
└ @ ITensorMPS ~/.julia/packages/ITensorMPS/fZDBz/src/abstractmps.jl:1246
┌ Warning: norm² is 2.9172720827270853 - 6.6341357806028184e-15im, which is not real up to a relative tolerance of 2.220446049250313e-15 and an absolute tolerance of 2.220446049250313e-15. Taking the real part, which may not be accurate.
└ @ ITensorMPS ~/.julia/packages/ITensorMPS/fZDBz/src/abstractmps.jl:1246
┌ Warning: norm² is 2.3859214441270398 + 5.33926389118777e-15im, which is not real up to a relative tolerance of 2.220446049250313e-15 and an absolute tolerance of 2.220446049250313e-15. Taking the real part, which may not be accurate.
└ @ ITensorMPS ~/.julia/packages/ITensorMPS/fZDBz/src/abstractmps.jl:1246
┌ Warning: log(norm²) is 0.8794708139195645 - 2.431846096040646e-15im, which is not real up to a relative tolerance of 2.220446049250313e-15 and an absolute tolerance of 2.220446049250313e-15. Taking the real part, which may not be accurate.
└ @ ITensorMPS ~/.julia/packages/ITensorMPS/fZDBz/src/abstractmps.jl:1271
┌ Warning: norm² is 2.2741383764397867 - 5.661612178358735e-15im, which is not real up to a relative tolerance of 2.220446049250313e-15 and an absolute tolerance of 2.220446049250313e-15. Taking the real part, which may not be accurate.
└ @ ITensorMPS ~/.julia/packages/ITensorMPS/fZDBz/src/abstractmps.jl:1246
┌ Warning: log(norm²) is 0.8622682767420937 + 3.4088972523433846e-15im, which is not real up to a relative tolerance of 2.220446049250313e-15 and an absolute tolerance of 2.220446049250313e-15. Taking the real part, which may not be accurate.
└ @ ITensorMPS ~/.julia/packages/ITensorMPS/fZDBz/src/abstractmps.jl:1271
┌ Warning: norm² is 9.959817412653187e11 - 0.002861635360937258im, which is not real up to a relative tolerance of 2.220446049250313e-15 and an absolute tolerance of 2.220446049250313e-15. Taking the real part, which may not be accurate.
└ @ ITensorMPS ~/.julia/packages/ITensorMPS/fZDBz/src/abstractmps.jl:1246
┌ Warning: norm² is 9.280816776477681e11 - 0.0025566532244066043im, which is not real up to a relative tolerance of 2.220446049250313e-15 and an absolute tolerance of 2.220446049250313e-15. Taking the real part, which may not be accurate.
└ @ ITensorMPS ~/.julia/packages/ITensorMPS/fZDBz/src/abstractmps.jl:1246
┌ Warning: norm² is 1.4436922678072952e12 - 0.003961653848175509im, which is not real up to a relative tolerance of 2.220446049250313e-15 and an absolute tolerance of 2.220446049250313e-15. Taking the real part, which may not be accurate.
└ @ ITensorMPS ~/.julia/packages/ITensorMPS/fZDBz/src/abstractmps.jl:1246
┌ Warning: norm² is 2.408578166469883 + 6.01450152070417e-15im, which is not real up to a relative tolerance of 2.220446049250313e-15 and an absolute tolerance of 2.220446049250313e-15. Taking the real part, which may not be accurate.
└ @ ITensorMPS ~/.julia/packages/ITensorMPS/fZDBz/src/abstractmps.jl:1246
┌ Warning: norm² is 2.5144631975592705e12 + 0.007258672152271849im, which is not real up to a relative tolerance of 2.220446049250313e-15 and an absolute tolerance of 2.220446049250313e-15. Taking the real part, which may not be accurate.
└ @ ITensorMPS ~/.julia/packages/ITensorMPS/fZDBz/src/abstractmps.jl:1246
┌ Warning: norm² is 2.9717332732513813e12 + 0.009016823147337386im, which is not real up to a relative tolerance of 2.220446049250313e-15 and an absolute tolerance of 2.220446049250313e-15. Taking the real part, which may not be accurate.
└ @ ITensorMPS ~/.julia/packages/ITensorMPS/fZDBz/src/abstractmps.jl:1246
┌ Warning: log(norm²) is 0.8724752478349949 + 2.922221783396777e-15im, which is not real up to a relative tolerance of 2.220446049250313e-15 and an absolute tolerance of 2.220446049250313e-15. Taking the real part, which may not be accurate.
└ @ ITensorMPS ~/.julia/packages/ITensorMPS/fZDBz/src/abstractmps.jl:1271
┌ Warning: log(norm²) is 0.8728408702631139 + 4.336589516278281e-15im, which is not real up to a relative tolerance of 2.220446049250313e-15 and an absolute tolerance of 2.220446049250313e-15. Taking the real part, which may not be accurate.
└ @ ITensorMPS ~/.julia/packages/ITensorMPS/fZDBz/src/abstractmps.jl:1271
┌ Warning: norm² is 9.506567013721459e11 + 0.0027820104841008676im, which is not real up to a relative tolerance of 2.220446049250313e-15 and an absolute tolerance of 2.220446049250313e-15. Taking the real part, which may not be accurate.
└ @ ITensorMPS ~/.julia/packages/ITensorMPS/fZDBz/src/abstractmps.jl:1246
┌ Warning: norm² is 2.373164483302956e12 - 0.00543361572467183im, which is not real up to a relative tolerance of 2.220446049250313e-15 and an absolute tolerance of 2.220446049250313e-15. Taking the real part, which may not be accurate.
└ @ ITensorMPS ~/.julia/packages/ITensorMPS/fZDBz/src/abstractmps.jl:1246
┌ Warning: norm² is 9.367140154163372e11 + 0.0023577360844032687im, which is not real up to a relative tolerance of 2.220446049250313e-15 and an absolute tolerance of 2.220446049250313e-15. Taking the real part, which may not be accurate.
└ @ ITensorMPS ~/.julia/packages/ITensorMPS/fZDBz/src/abstractmps.jl:1246
┌ Warning: log(norm²) is 0.7207458016949321 + 2.4235124117222874e-15im, which is not real up to a relative tolerance of 2.220446049250313e-15 and an absolute tolerance of 2.220446049250313e-15. Taking the real part, which may not be accurate.
└ @ ITensorMPS ~/.julia/packages/ITensorMPS/fZDBz/src/abstractmps.jl:1271
┌ Warning: log(norm²) is 0.8610215857612447 - 2.6910568298739556e-15im, which is not real up to a relative tolerance of 2.220446049250313e-15 and an absolute tolerance of 2.220446049250313e-15. Taking the real part, which may not be accurate.
└ @ ITensorMPS ~/.julia/packages/ITensorMPS/fZDBz/src/abstractmps.jl:1271
┌ Warning: norm² is 1.3335546360907551e12 - 0.005692586210658155im, which is not real up to a relative tolerance of 2.220446049250313e-15 and an absolute tolerance of 2.220446049250313e-15. Taking the real part, which may not be accurate.
└ @ ITensorMPS ~/.julia/packages/ITensorMPS/fZDBz/src/abstractmps.jl:1246
┌ Warning: norm² is 1.4131226944359248e12 + 0.004158463739868815im, which is not real up to a relative tolerance of 2.220446049250313e-15 and an absolute tolerance of 2.220446049250313e-15. Taking the real part, which may not be accurate.
└ @ ITensorMPS ~/.julia/packages/ITensorMPS/fZDBz/src/abstractmps.jl:1246
┌ Warning: norm² is 9.24403685599131e11 + 0.0029789327002462075im, which is not real up to a relative tolerance of 2.220446049250313e-15 and an absolute tolerance of 2.220446049250313e-15. Taking the real part, which may not be accurate.
└ @ ITensorMPS ~/.julia/packages/ITensorMPS/fZDBz/src/abstractmps.jl:1246
┌ Warning: log(norm²) is 0.8805855394374665 - 2.465406272505353e-15im, which is not real up to a relative tolerance of 2.220446049250313e-15 and an absolute tolerance of 2.220446049250313e-15. Taking the real part, which may not be accurate.
└ @ ITensorMPS ~/.julia/packages/ITensorMPS/fZDBz/src/abstractmps.jl:1271
┌ Warning: norm² is 9.20765786162936e11 + 0.002441601954002653im, which is not real up to a relative tolerance of 2.220446049250313e-15 and an absolute tolerance of 2.220446049250313e-15. Taking the real part, which may not be accurate.
└ @ ITensorMPS ~/.julia/packages/ITensorMPS/fZDBz/src/abstractmps.jl:1246
┌ Warning: norm² is 3.1829911117318936e12 - 0.011331986025054985im, which is not real up to a relative tolerance of 2.220446049250313e-15 and an absolute tolerance of 2.220446049250313e-15. Taking the real part, which may not be accurate.
└ @ ITensorMPS ~/.julia/packages/ITensorMPS/fZDBz/src/abstractmps.jl:1246
┌ Warning: norm² is 1.3560091715533213e12 + 0.003386007129808998im, which is not real up to a relative tolerance of 2.220446049250313e-15 and an absolute tolerance of 2.220446049250313e-15. Taking the real part, which may not be accurate.
└ @ ITensorMPS ~/.julia/packages/ITensorMPS/fZDBz/src/abstractmps.jl:1246
┌ Warning: norm² is 9.958845384255712e11 - 0.002540048624792241im, which is not real up to a relative tolerance of 2.220446049250313e-15 and an absolute tolerance of 2.220446049250313e-15. Taking the real part, which may not be accurate.
└ @ ITensorMPS ~/.julia/packages/ITensorMPS/fZDBz/src/abstractmps.jl:1246
┌ Warning: log(norm²) is 0.8852936647209753 - 2.2233259944112318e-15im, which is not real up to a relative tolerance of 2.220446049250313e-15 and an absolute tolerance of 2.220446049250313e-15. Taking the real part, which may not be accurate.
└ @ ITensorMPS ~/.julia/packages/ITensorMPS/fZDBz/src/abstractmps.jl:1271
┌ Warning: norm² is 9.95524498719688e11 - 0.0022917747178991393im, which is not real up to a relative tolerance of 2.220446049250313e-15 and an absolute tolerance of 2.220446049250313e-15. Taking the real part, which may not be accurate.
└ @ ITensorMPS ~/.julia/packages/ITensorMPS/fZDBz/src/abstractmps.jl:1246
┌ Warning: norm² is 1.2709619503343906e12 + 0.0036578400912120174im, which is not real up to a relative tolerance of 2.220446049250313e-15 and an absolute tolerance of 2.220446049250313e-15. Taking the real part, which may not be accurate.
└ @ ITensorMPS ~/.julia/packages/ITensorMPS/fZDBz/src/abstractmps.jl:1246
┌ Warning: norm² is 2.118105585050703e12 - 0.005758955952031342im, which is not real up to a relative tolerance of 2.220446049250313e-15 and an absolute tolerance of 2.220446049250313e-15. Taking the real part, which may not be accurate.
└ @ ITensorMPS ~/.julia/packages/ITensorMPS/fZDBz/src/abstractmps.jl:1246
┌ Warning: log(norm²) is 0.9034030816746533 - 3.1648744815731867e-15im, which is not real up to a relative tolerance of 2.220446049250313e-15 and an absolute tolerance of 2.220446049250313e-15. Taking the real part, which may not be accurate.
└ @ ITensorMPS ~/.julia/packages/ITensorMPS/fZDBz/src/abstractmps.jl:1271
┌ Warning: norm² is 2.4076922069864857 - 7.6443420907347e-15im, which is not real up to a relative tolerance of 2.220446049250313e-15 and an absolute tolerance of 2.220446049250313e-15. Taking the real part, which may not be accurate.
└ @ ITensorMPS ~/.julia/packages/ITensorMPS/fZDBz/src/abstractmps.jl:1246
┌ Warning: norm² is 9.425842725644567e11 - 0.002230027966382901im, which is not real up to a relative tolerance of 2.220446049250313e-15 and an absolute tolerance of 2.220446049250313e-15. Taking the real part, which may not be accurate.
└ @ ITensorMPS ~/.julia/packages/ITensorMPS/fZDBz/src/abstractmps.jl:1246
┌ Warning: norm² is 2.9049283630560854e12 + 0.006658730999328562im, which is not real up to a relative tolerance of 2.220446049250313e-15 and an absolute tolerance of 2.220446049250313e-15. Taking the real part, which may not be accurate.
└ @ ITensorMPS ~/.julia/packages/ITensorMPS/fZDBz/src/abstractmps.jl:1246
┌ Warning: log(norm²) is 0.8791142253760773 + 2.993924725756354e-15im, which is not real up to a relative tolerance of 2.220446049250313e-15 and an absolute tolerance of 2.220446049250313e-15. Taking the real part, which may not be accurate.
└ @ ITensorMPS ~/.julia/packages/ITensorMPS/fZDBz/src/abstractmps.jl:1271
┌ Warning: norm² is 9.348697460630305e11 - 0.002358689607463377im, which is not real up to a relative tolerance of 2.220446049250313e-15 and an absolute tolerance of 2.220446049250313e-15. Taking the real part, which may not be accurate.
└ @ ITensorMPS ~/.julia/packages/ITensorMPS/fZDBz/src/abstractmps.jl:1246
┌ Warning: norm² is 2.3617032261035327 + 5.274405235000876e-15im, which is not real up to a relative tolerance of 2.220446049250313e-15 and an absolute tolerance of 2.220446049250313e-15. Taking the real part, which may not be accurate.
└ @ ITensorMPS ~/.julia/packages/ITensorMPS/fZDBz/src/abstractmps.jl:1246
┌ Warning: norm² is 2.406930876288821 - 6.798399486526137e-15im, which is not real up to a relative tolerance of 2.220446049250313e-15 and an absolute tolerance of 2.220446049250313e-15. Taking the real part, which may not be accurate.
└ @ ITensorMPS ~/.julia/packages/ITensorMPS/fZDBz/src/abstractmps.jl:1246
┌ Warning: norm² is 9.315219410442762e11 - 0.002594798950602485im, which is not real up to a relative tolerance of 2.220446049250313e-15 and an absolute tolerance of 2.220446049250313e-15. Taking the real part, which may not be accurate.
└ @ ITensorMPS ~/.julia/packages/ITensorMPS/fZDBz/src/abstractmps.jl:1246
┌ Warning: norm² is 1.3941948926281074e12 + 0.0031568852295584576im, which is not real up to a relative tolerance of 2.220446049250313e-15 and an absolute tolerance of 2.220446049250313e-15. Taking the real part, which may not be accurate.
└ @ ITensorMPS ~/.julia/packages/ITensorMPS/fZDBz/src/abstractmps.jl:1246
┌ Warning: log(norm²) is 0.863364149541875 - 3.3366006964768475e-15im, which is not real up to a relative tolerance of 2.220446049250313e-15 and an absolute tolerance of 2.220446049250313e-15. Taking the real part, which may not be accurate.
└ @ ITensorMPS ~/.julia/packages/ITensorMPS/fZDBz/src/abstractmps.jl:1271
┌ Warning: norm² is 9.284841090495018e11 - 0.0027478615283818048im, which is not real up to a relative tolerance of 2.220446049250313e-15 and an absolute tolerance of 2.220446049250313e-15. Taking the real part, which may not be accurate.
└ @ ITensorMPS ~/.julia/packages/ITensorMPS/fZDBz/src/abstractmps.jl:1246
┌ Warning: norm² is 1.3986591814305737e12 - 0.003823435047341506im, which is not real up to a relative tolerance of 2.220446049250313e-15 and an absolute tolerance of 2.220446049250313e-15. Taking the real part, which may not be accurate.
└ @ ITensorMPS ~/.julia/packages/ITensorMPS/fZDBz/src/abstractmps.jl:1246
┌ Warning: norm² is 9.284685889211207e11 - 0.0022631795969898336im, which is not real up to a relative tolerance of 2.220446049250313e-15 and an absolute tolerance of 2.220446049250313e-15. Taking the real part, which may not be accurate.
└ @ ITensorMPS ~/.julia/packages/ITensorMPS/fZDBz/src/abstractmps.jl:1246
┌ Warning: log(norm²) is 0.8730619202688938 - 2.2281168116925084e-15im, which is not real up to a relative tolerance of 2.220446049250313e-15 and an absolute tolerance of 2.220446049250313e-15. Taking the real part, which may not be accurate.
└ @ ITensorMPS ~/.julia/packages/ITensorMPS/fZDBz/src/abstractmps.jl:1271
┌ Warning: norm² is 2.396095537381084 + 8.73315199574196e-15im, which is not real up to a relative tolerance of 2.220446049250313e-15 and an absolute tolerance of 2.220446049250313e-15. Taking the real part, which may not be accurate.
└ @ ITensorMPS ~/.julia/packages/ITensorMPS/fZDBz/src/abstractmps.jl:1246
┌ Warning: log(norm²) is 0.8802444152509082 + 2.7134841795281544e-15im, which is not real up to a relative tolerance of 2.220446049250313e-15 and an absolute tolerance of 2.220446049250313e-15. Taking the real part, which may not be accurate.
└ @ ITensorMPS ~/.julia/packages/ITensorMPS/fZDBz/src/abstractmps.jl:1271
┌ Warning: norm² is 9.949564812132917e11 - 0.0027496737871649823im, which is not real up to a relative tolerance of 2.220446049250313e-15 and an absolute tolerance of 2.220446049250313e-15. Taking the real part, which may not be accurate.
└ @ ITensorMPS ~/.julia/packages/ITensorMPS/fZDBz/src/abstractmps.jl:1246
┌ Warning: norm² is 9.28778340278164e11 + 0.0021228785440722147im, which is not real up to a relative tolerance of 2.220446049250313e-15 and an absolute tolerance of 2.220446049250313e-15. Taking the real part, which may not be accurate.
└ @ ITensorMPS ~/.julia/packages/ITensorMPS/fZDBz/src/abstractmps.jl:1246
┌ Warning: norm² is 2.3396235747859877 + 5.9027173178259896e-15im, which is not real up to a relative tolerance of 2.220446049250313e-15 and an absolute tolerance of 2.220446049250313e-15. Taking the real part, which may not be accurate.
└ @ ITensorMPS ~/.julia/packages/ITensorMPS/fZDBz/src/abstractmps.jl:1246
┌ Warning: log(norm²) is 0.8704205705530218 + 2.737968538914975e-15im, which is not real up to a relative tolerance of 2.220446049250313e-15 and an absolute tolerance of 2.220446049250313e-15. Taking the real part, which may not be accurate.
└ @ ITensorMPS ~/.julia/packages/ITensorMPS/fZDBz/src/abstractmps.jl:1271
┌ Warning: norm² is 1.870728847383857 + 4.675033801899542e-15im, which is not real up to a relative tolerance of 2.220446049250313e-15 and an absolute tolerance of 2.220446049250313e-15. Taking the real part, which may not be accurate.
└ @ ITensorMPS ~/.julia/packages/ITensorMPS/fZDBz/src/abstractmps.jl:1246
┌ Warning: norm² is 1.824586233803073e12 + 0.006799285789445918im, which is not real up to a relative tolerance of 2.220446049250313e-15 and an absolute tolerance of 2.220446049250313e-15. Taking the real part, which may not be accurate.
└ @ ITensorMPS ~/.julia/packages/ITensorMPS/fZDBz/src/abstractmps.jl:1246
┌ Warning: log(norm²) is 0.8714076639782218 + 2.229670166048007e-15im, which is not real up to a relative tolerance of 2.220446049250313e-15 and an absolute tolerance of 2.220446049250313e-15. Taking the real part, which may not be accurate.
└ @ ITensorMPS ~/.julia/packages/ITensorMPS/fZDBz/src/abstractmps.jl:1271
┌ Warning: norm² is 2.381777240652336 - 5.581098063996995e-15im, which is not real up to a relative tolerance of 2.220446049250313e-15 and an absolute tolerance of 2.220446049250313e-15. Taking the real part, which may not be accurate.
└ @ ITensorMPS ~/.julia/packages/ITensorMPS/fZDBz/src/abstractmps.jl:1246
┌ Warning: norm² is 9.246280502929847e11 - 0.0028036133347756425im, which is not real up to a relative tolerance of 2.220446049250313e-15 and an absolute tolerance of 2.220446049250313e-15. Taking the real part, which may not be accurate.
└ @ ITensorMPS ~/.julia/packages/ITensorMPS/fZDBz/src/abstractmps.jl:1246
┌ Warning: norm² is 1.2996488105179377e12 - 0.00324217189223686im, which is not real up to a relative tolerance of 2.220446049250313e-15 and an absolute tolerance of 2.220446049250313e-15. Taking the real part, which may not be accurate.
└ @ ITensorMPS ~/.julia/packages/ITensorMPS/fZDBz/src/abstractmps.jl:1246
┌ Warning: norm² is 2.4073385048491898 - 8.943132614580379e-15im, which is not real up to a relative tolerance of 2.220446049250313e-15 and an absolute tolerance of 2.220446049250313e-15. Taking the real part, which may not be accurate.
└ @ ITensorMPS ~/.julia/packages/ITensorMPS/fZDBz/src/abstractmps.jl:1246
┌ Warning: norm² is 9.950158066548989e11 - 0.00252294235441277im, which is not real up to a relative tolerance of 2.220446049250313e-15 and an absolute tolerance of 2.220446049250313e-15. Taking the real part, which may not be accurate.
└ @ ITensorMPS ~/.julia/packages/ITensorMPS/fZDBz/src/abstractmps.jl:1246
┌ Warning: norm² is 2.4068317309218665 - 6.962495933435546e-15im, which is not real up to a relative tolerance of 2.220446049250313e-15 and an absolute tolerance of 2.220446049250313e-15. Taking the real part, which may not be accurate.
└ @ ITensorMPS ~/.julia/packages/ITensorMPS/fZDBz/src/abstractmps.jl:1246
┌ Warning: norm² is 9.952920716390657e11 - 0.002877254793213806im, which is not real up to a relative tolerance of 2.220446049250313e-15 and an absolute tolerance of 2.220446049250313e-15. Taking the real part, which may not be accurate.
└ @ ITensorMPS ~/.julia/packages/ITensorMPS/fZDBz/src/abstractmps.jl:1246
┌ Warning: norm² is 1.3870009453634678e12 - 0.0031060168259690905im, which is not real up to a relative tolerance of 2.220446049250313e-15 and an absolute tolerance of 2.220446049250313e-15. Taking the real part, which may not be accurate.
└ @ ITensorMPS ~/.julia/packages/ITensorMPS/fZDBz/src/abstractmps.jl:1246
┌ Warning: norm² is 9.306943734094773e11 + 0.00230013485256132im, which is not real up to a relative tolerance of 2.220446049250313e-15 and an absolute tolerance of 2.220446049250313e-15. Taking the real part, which may not be accurate.
└ @ ITensorMPS ~/.julia/packages/ITensorMPS/fZDBz/src/abstractmps.jl:1246
┌ Warning: log(norm²) is 0.8726583252175073 - 2.5315920184668305e-15im, which is not real up to a relative tolerance of 2.220446049250313e-15 and an absolute tolerance of 2.220446049250313e-15. Taking the real part, which may not be accurate.
└ @ ITensorMPS ~/.julia/packages/ITensorMPS/fZDBz/src/abstractmps.jl:1271
┌ Warning: log(norm²) is 0.8745528488219582 + 3.1113831858552147e-15im, which is not real up to a relative tolerance of 2.220446049250313e-15 and an absolute tolerance of 2.220446049250313e-15. Taking the real part, which may not be accurate.
└ @ ITensorMPS ~/.julia/packages/ITensorMPS/fZDBz/src/abstractmps.jl:1271
┌ Warning: norm² is 1.3768266005327988e12 + 0.004203084753287735im, which is not real up to a relative tolerance of 2.220446049250313e-15 and an absolute tolerance of 2.220446049250313e-15. Taking the real part, which may not be accurate.
└ @ ITensorMPS ~/.julia/packages/ITensorMPS/fZDBz/src/abstractmps.jl:1246
┌ Warning: norm² is 2.9511599200977173e12 - 0.008310558649007862im, which is not real up to a relative tolerance of 2.220446049250313e-15 and an absolute tolerance of 2.220446049250313e-15. Taking the real part, which may not be accurate.
└ @ ITensorMPS ~/.julia/packages/ITensorMPS/fZDBz/src/abstractmps.jl:1246
┌ Warning: norm² is 2.4104836613051424 - 7.301097644323313e-15im, which is not real up to a relative tolerance of 2.220446049250313e-15 and an absolute tolerance of 2.220446049250313e-15. Taking the real part, which may not be accurate.
└ @ ITensorMPS ~/.julia/packages/ITensorMPS/fZDBz/src/abstractmps.jl:1246
┌ Warning: norm² is 1.3201320742354497e12 - 0.003344681255277128im, which is not real up to a relative tolerance of 2.220446049250313e-15 and an absolute tolerance of 2.220446049250313e-15. Taking the real part, which may not be accurate.
└ @ ITensorMPS ~/.julia/packages/ITensorMPS/fZDBz/src/abstractmps.jl:1246
┌ Warning: norm² is 9.953751552478341e11 + 0.0023653519611860087im, which is not real up to a relative tolerance of 2.220446049250313e-15 and an absolute tolerance of 2.220446049250313e-15. Taking the real part, which may not be accurate.
└ @ ITensorMPS ~/.julia/packages/ITensorMPS/fZDBz/src/abstractmps.jl:1246
┌ Warning: norm² is 2.1339551176602126e12 + 0.006499046241108999im, which is not real up to a relative tolerance of 2.220446049250313e-15 and an absolute tolerance of 2.220446049250313e-15. Taking the real part, which may not be accurate.
└ @ ITensorMPS ~/.julia/packages/ITensorMPS/fZDBz/src/abstractmps.jl:1246
┌ Warning: log(norm²) is 1.0146464120716367 - 2.577878825225745e-15im, which is not real up to a relative tolerance of 2.220446049250313e-15 and an absolute tolerance of 2.220446049250313e-15. Taking the real part, which may not be accurate.
└ @ ITensorMPS ~/.julia/packages/ITensorMPS/fZDBz/src/abstractmps.jl:1271
┌ Warning: norm² is 9.949241444895382e11 + 0.0025527155362961257im, which is not real up to a relative tolerance of 2.220446049250313e-15 and an absolute tolerance of 2.220446049250313e-15. Taking the real part, which may not be accurate.
└ @ ITensorMPS ~/.julia/packages/ITensorMPS/fZDBz/src/abstractmps.jl:1246
┌ Warning: norm² is 9.301037244859253e11 - 0.0022708460354836785im, which is not real up to a relative tolerance of 2.220446049250313e-15 and an absolute tolerance of 2.220446049250313e-15. Taking the real part, which may not be accurate.
└ @ ITensorMPS ~/.julia/packages/ITensorMPS/fZDBz/src/abstractmps.jl:1246
┌ Warning: norm² is 2.39199426476464 + 5.8929202160665205e-15im, which is not real up to a relative tolerance of 2.220446049250313e-15 and an absolute tolerance of 2.220446049250313e-15. Taking the real part, which may not be accurate.
└ @ ITensorMPS ~/.julia/packages/ITensorMPS/fZDBz/src/abstractmps.jl:1246
┌ Warning: norm² is 2.3798391834134476 - 6.097127479528918e-15im, which is not real up to a relative tolerance of 2.220446049250313e-15 and an absolute tolerance of 2.220446049250313e-15. Taking the real part, which may not be accurate.
└ @ ITensorMPS ~/.julia/packages/ITensorMPS/fZDBz/src/abstractmps.jl:1246
┌ Warning: norm² is 1.2981633662267407e12 - 0.004186259778359347im, which is not real up to a relative tolerance of 2.220446049250313e-15 and an absolute tolerance of 2.220446049250313e-15. Taking the real part, which may not be accurate.
└ @ ITensorMPS ~/.julia/packages/ITensorMPS/fZDBz/src/abstractmps.jl:1246
┌ Warning: norm² is 2.390063071687273 - 5.9520548287641264e-15im, which is not real up to a relative tolerance of 2.220446049250313e-15 and an absolute tolerance of 2.220446049250313e-15. Taking the real part, which may not be accurate.
└ @ ITensorMPS ~/.julia/packages/ITensorMPS/fZDBz/src/abstractmps.jl:1246
┌ Warning: norm² is 2.3697848185080743 + 6.2602478940690024e-15im, which is not real up to a relative tolerance of 2.220446049250313e-15 and an absolute tolerance of 2.220446049250313e-15. Taking the real part, which may not be accurate.
└ @ ITensorMPS ~/.julia/packages/ITensorMPS/fZDBz/src/abstractmps.jl:1246
┌ Warning: norm² is 2.3609862172619596 + 5.9238041459594984e-15im, which is not real up to a relative tolerance of 2.220446049250313e-15 and an absolute tolerance of 2.220446049250313e-15. Taking the real part, which may not be accurate.
└ @ ITensorMPS ~/.julia/packages/ITensorMPS/fZDBz/src/abstractmps.jl:1246
┌ Warning: norm² is 1.3675261961907424e12 + 0.00383229121122023im, which is not real up to a relative tolerance of 2.220446049250313e-15 and an absolute tolerance of 2.220446049250313e-15. Taking the real part, which may not be accurate.
└ @ ITensorMPS ~/.julia/packages/ITensorMPS/fZDBz/src/abstractmps.jl:1246
┌ Warning: log(norm²) is 0.8798816906278804 - 2.2491972637472475e-15im, which is not real up to a relative tolerance of 2.220446049250313e-15 and an absolute tolerance of 2.220446049250313e-15. Taking the real part, which may not be accurate.
└ @ ITensorMPS ~/.julia/packages/ITensorMPS/fZDBz/src/abstractmps.jl:1271
┌ Warning: log(norm²) is 0.8848129149237927 + 2.4509772756274382e-15im, which is not real up to a relative tolerance of 2.220446049250313e-15 and an absolute tolerance of 2.220446049250313e-15. Taking the real part, which may not be accurate.
└ @ ITensorMPS ~/.julia/packages/ITensorMPS/fZDBz/src/abstractmps.jl:1271
┌ Warning: norm² is 1.283635913278563e12 - 0.0034931728331160034im, which is not real up to a relative tolerance of 2.220446049250313e-15 and an absolute tolerance of 2.220446049250313e-15. Taking the real part, which may not be accurate.
└ @ ITensorMPS ~/.julia/packages/ITensorMPS/fZDBz/src/abstractmps.jl:1246
┌ Warning: log(norm²) is 0.880055856103211 - 3.6825787433758216e-15im, which is not real up to a relative tolerance of 2.220446049250313e-15 and an absolute tolerance of 2.220446049250313e-15. Taking the real part, which may not be accurate.
└ @ ITensorMPS ~/.julia/packages/ITensorMPS/fZDBz/src/abstractmps.jl:1271
┌ Warning: norm² is 1.3056627919248892e12 - 0.003681567837875941im, which is not real up to a relative tolerance of 2.220446049250313e-15 and an absolute tolerance of 2.220446049250313e-15. Taking the real part, which may not be accurate.
└ @ ITensorMPS ~/.julia/packages/ITensorMPS/fZDBz/src/abstractmps.jl:1246
┌ Warning: log(norm²) is 0.8795213714470247 - 2.284637870793006e-15im, which is not real up to a relative tolerance of 2.220446049250313e-15 and an absolute tolerance of 2.220446049250313e-15. Taking the real part, which may not be accurate.
└ @ ITensorMPS ~/.julia/packages/ITensorMPS/fZDBz/src/abstractmps.jl:1271
┌ Warning: norm² is 2.3943233960207686 + 5.6366713029268174e-15im, which is not real up to a relative tolerance of 2.220446049250313e-15 and an absolute tolerance of 2.220446049250313e-15. Taking the real part, which may not be accurate.
└ @ ITensorMPS ~/.julia/packages/ITensorMPS/fZDBz/src/abstractmps.jl:1246
┌ Warning: norm² is 2.411047722281314 + 6.8165719994479755e-15im, which is not real up to a relative tolerance of 2.220446049250313e-15 and an absolute tolerance of 2.220446049250313e-15. Taking the real part, which may not be accurate.
└ @ ITensorMPS ~/.julia/packages/ITensorMPS/fZDBz/src/abstractmps.jl:1246
┌ Warning: norm² is 9.949188316134374e11 - 0.0025487638444441642im, which is not real up to a relative tolerance of 2.220446049250313e-15 and an absolute tolerance of 2.220446049250313e-15. Taking the real part, which may not be accurate.
└ @ ITensorMPS ~/.julia/packages/ITensorMPS/fZDBz/src/abstractmps.jl:1246
┌ Warning: norm² is 9.950753074324215e11 - 0.0029743177111561272im, which is not real up to a relative tolerance of 2.220446049250313e-15 and an absolute tolerance of 2.220446049250313e-15. Taking the real part, which may not be accurate.
└ @ ITensorMPS ~/.julia/packages/ITensorMPS/fZDBz/src/abstractmps.jl:1246
┌ Warning: norm² is 1.0787200260821283e12 + 0.0030677128796294025im, which is not real up to a relative tolerance of 2.220446049250313e-15 and an absolute tolerance of 2.220446049250313e-15. Taking the real part, which may not be accurate.
└ @ ITensorMPS ~/.julia/packages/ITensorMPS/fZDBz/src/abstractmps.jl:1246
┌ Warning: norm² is 9.94168234291993e11 - 0.003122159280628492im, which is not real up to a relative tolerance of 2.220446049250313e-15 and an absolute tolerance of 2.220446049250313e-15. Taking the real part, which may not be accurate.
└ @ ITensorMPS ~/.julia/packages/ITensorMPS/fZDBz/src/abstractmps.jl:1246
┌ Warning: log(norm²) is 0.8712971192273953 - 2.521631265958775e-15im, which is not real up to a relative tolerance of 2.220446049250313e-15 and an absolute tolerance of 2.220446049250313e-15. Taking the real part, which may not be accurate.
└ @ ITensorMPS ~/.julia/packages/ITensorMPS/fZDBz/src/abstractmps.jl:1271
┌ Warning: norm² is 9.948271988098633e11 - 0.0022592253578349645im, which is not real up to a relative tolerance of 2.220446049250313e-15 and an absolute tolerance of 2.220446049250313e-15. Taking the real part, which may not be accurate.
└ @ ITensorMPS ~/.julia/packages/ITensorMPS/fZDBz/src/abstractmps.jl:1246
┌ Warning: norm² is 2.1694396492949377e12 + 0.005037861661857447im, which is not real up to a relative tolerance of 2.220446049250313e-15 and an absolute tolerance of 2.220446049250313e-15. Taking the real part, which may not be accurate.
└ @ ITensorMPS ~/.julia/packages/ITensorMPS/fZDBz/src/abstractmps.jl:1246
┌ Warning: norm² is 2.4875908002887646e12 + 0.007473120499502732im, which is not real up to a relative tolerance of 2.220446049250313e-15 and an absolute tolerance of 2.220446049250313e-15. Taking the real part, which may not be accurate.
└ @ ITensorMPS ~/.julia/packages/ITensorMPS/fZDBz/src/abstractmps.jl:1246
┌ Warning: log(norm²) is 0.8800950830230938 - 2.95180652301764e-15im, which is not real up to a relative tolerance of 2.220446049250313e-15 and an absolute tolerance of 2.220446049250313e-15. Taking the real part, which may not be accurate.
└ @ ITensorMPS ~/.julia/packages/ITensorMPS/fZDBz/src/abstractmps.jl:1271
┌ Warning: norm² is 2.403267066759835 + 6.268119519603972e-15im, which is not real up to a relative tolerance of 2.220446049250313e-15 and an absolute tolerance of 2.220446049250313e-15. Taking the real part, which may not be accurate.
└ @ ITensorMPS ~/.julia/packages/ITensorMPS/fZDBz/src/abstractmps.jl:1246
┌ Warning: norm² is 1.3670581918309617e12 - 0.004254971836329576im, which is not real up to a relative tolerance of 2.220446049250313e-15 and an absolute tolerance of 2.220446049250313e-15. Taking the real part, which may not be accurate.
└ @ ITensorMPS ~/.julia/packages/ITensorMPS/fZDBz/src/abstractmps.jl:1246
┌ Warning: norm² is 9.949022628318805e11 + 0.0043584368881244276im, which is not real up to a relative tolerance of 2.220446049250313e-15 and an absolute tolerance of 2.220446049250313e-15. Taking the real part, which may not be accurate.
└ @ ITensorMPS ~/.julia/packages/ITensorMPS/fZDBz/src/abstractmps.jl:1246
┌ Warning: norm² is 1.1398488684388865e12 + 0.0026345178073769156im, which is not real up to a relative tolerance of 2.220446049250313e-15 and an absolute tolerance of 2.220446049250313e-15. Taking the real part, which may not be accurate.
└ @ ITensorMPS ~/.julia/packages/ITensorMPS/fZDBz/src/abstractmps.jl:1246
┌ Warning: log(norm²) is 0.8688629726707058 + 2.3078649433052723e-15im, which is not real up to a relative tolerance of 2.220446049250313e-15 and an absolute tolerance of 2.220446049250313e-15. Taking the real part, which may not be accurate.
└ @ ITensorMPS ~/.julia/packages/ITensorMPS/fZDBz/src/abstractmps.jl:1271
┌ Warning: norm² is 1.2982289306809163e12 + 0.0034527910464754136im, which is not real up to a relative tolerance of 2.220446049250313e-15 and an absolute tolerance of 2.220446049250313e-15. Taking the real part, which may not be accurate.
└ @ ITensorMPS ~/.julia/packages/ITensorMPS/fZDBz/src/abstractmps.jl:1246
┌ Warning: log(norm²) is 0.8634108636431376 - 2.5396297333891794e-15im, which is not real up to a relative tolerance of 2.220446049250313e-15 and an absolute tolerance of 2.220446049250313e-15. Taking the real part, which may not be accurate.
└ @ ITensorMPS ~/.julia/packages/ITensorMPS/fZDBz/src/abstractmps.jl:1271
┌ Warning: norm² is 1.295191243988042e12 + 0.0030995311959622495im, which is not real up to a relative tolerance of 2.220446049250313e-15 and an absolute tolerance of 2.220446049250313e-15. Taking the real part, which may not be accurate.
└ @ ITensorMPS ~/.julia/packages/ITensorMPS/fZDBz/src/abstractmps.jl:1246
┌ Warning: norm² is 9.252103144869447e11 - 0.002914021896997991im, which is not real up to a relative tolerance of 2.220446049250313e-15 and an absolute tolerance of 2.220446049250313e-15. Taking the real part, which may not be accurate.
└ @ ITensorMPS ~/.julia/packages/ITensorMPS/fZDBz/src/abstractmps.jl:1246
┌ Warning: norm² is 2.3928205417577604 - 8.600186823580214e-15im, which is not real up to a relative tolerance of 2.220446049250313e-15 and an absolute tolerance of 2.220446049250313e-15. Taking the real part, which may not be accurate.
└ @ ITensorMPS ~/.julia/packages/ITensorMPS/fZDBz/src/abstractmps.jl:1246
┌ Warning: norm² is 2.407447056969747e12 - 0.009996724366573029im, which is not real up to a relative tolerance of 2.220446049250313e-15 and an absolute tolerance of 2.220446049250313e-15. Taking the real part, which may not be accurate.
└ @ ITensorMPS ~/.julia/packages/ITensorMPS/fZDBz/src/abstractmps.jl:1246
┌ Warning: norm² is 1.355749542162521e12 + 0.005589009158151308im, which is not real up to a relative tolerance of 2.220446049250313e-15 and an absolute tolerance of 2.220446049250313e-15. Taking the real part, which may not be accurate.
└ @ ITensorMPS ~/.julia/packages/ITensorMPS/fZDBz/src/abstractmps.jl:1246
┌ Warning: norm² is 9.947594978116458e11 + 0.002514568518125424im, which is not real up to a relative tolerance of 2.220446049250313e-15 and an absolute tolerance of 2.220446049250313e-15. Taking the real part, which may not be accurate.
└ @ ITensorMPS ~/.julia/packages/ITensorMPS/fZDBz/src/abstractmps.jl:1246
┌ Warning: log(norm²) is 0.8723485564490016 - 2.3500878185113634e-15im, which is not real up to a relative tolerance of 2.220446049250313e-15 and an absolute tolerance of 2.220446049250313e-15. Taking the real part, which may not be accurate.
└ @ ITensorMPS ~/.julia/packages/ITensorMPS/fZDBz/src/abstractmps.jl:1271
┌ Warning: norm² is 1.799678793700664e12 - 0.004284411793124661im, which is not real up to a relative tolerance of 2.220446049250313e-15 and an absolute tolerance of 2.220446049250313e-15. Taking the real part, which may not be accurate.
└ @ ITensorMPS ~/.julia/packages/ITensorMPS/fZDBz/src/abstractmps.jl:1246
┌ Warning: norm² is 9.233812087207079e11 + 0.0028164535156832518im, which is not real up to a relative tolerance of 2.220446049250313e-15 and an absolute tolerance of 2.220446049250313e-15. Taking the real part, which may not be accurate.
└ @ ITensorMPS ~/.julia/packages/ITensorMPS/fZDBz/src/abstractmps.jl:1246
┌ Warning: norm² is 2.409580962859261 + 8.289664074897325e-15im, which is not real up to a relative tolerance of 2.220446049250313e-15 and an absolute tolerance of 2.220446049250313e-15. Taking the real part, which may not be accurate.
└ @ ITensorMPS ~/.julia/packages/ITensorMPS/fZDBz/src/abstractmps.jl:1246
┌ Warning: norm² is 9.226716208096792e11 + 0.0024712228511385224im, which is not real up to a relative tolerance of 2.220446049250313e-15 and an absolute tolerance of 2.220446049250313e-15. Taking the real part, which may not be accurate.
└ @ ITensorMPS ~/.julia/packages/ITensorMPS/fZDBz/src/abstractmps.jl:1246
┌ Warning: norm² is 2.3643637785988147 - 5.682243300091209e-15im, which is not real up to a relative tolerance of 2.220446049250313e-15 and an absolute tolerance of 2.220446049250313e-15. Taking the real part, which may not be accurate.
└ @ ITensorMPS ~/.julia/packages/ITensorMPS/fZDBz/src/abstractmps.jl:1246
┌ Warning: norm² is 1.3109129941463738e12 - 0.0032930328927957254im, which is not real up to a relative tolerance of 2.220446049250313e-15 and an absolute tolerance of 2.220446049250313e-15. Taking the real part, which may not be accurate.
└ @ ITensorMPS ~/.julia/packages/ITensorMPS/fZDBz/src/abstractmps.jl:1246
┌ Warning: norm² is 1.0610958839518282e12 + 0.0030419793025733373im, which is not real up to a relative tolerance of 2.220446049250313e-15 and an absolute tolerance of 2.220446049250313e-15. Taking the real part, which may not be accurate.
└ @ ITensorMPS ~/.julia/packages/ITensorMPS/fZDBz/src/abstractmps.jl:1246
┌ Warning: log(norm²) is 0.8637356493130223 + 2.3554437128709756e-15im, which is not real up to a relative tolerance of 2.220446049250313e-15 and an absolute tolerance of 2.220446049250313e-15. Taking the real part, which may not be accurate.
└ @ ITensorMPS ~/.julia/packages/ITensorMPS/fZDBz/src/abstractmps.jl:1271
┌ Warning: norm² is 2.372799918942746 - 6.644813419626135e-15im, which is not real up to a relative tolerance of 2.220446049250313e-15 and an absolute tolerance of 2.220446049250313e-15. Taking the real part, which may not be accurate.
└ @ ITensorMPS ~/.julia/packages/ITensorMPS/fZDBz/src/abstractmps.jl:1246
┌ Warning: norm² is 9.222366637970183e11 + 0.002479676470345934im, which is not real up to a relative tolerance of 2.220446049250313e-15 and an absolute tolerance of 2.220446049250313e-15. Taking the real part, which may not be accurate.
└ @ ITensorMPS ~/.julia/packages/ITensorMPS/fZDBz/src/abstractmps.jl:1246
┌ Warning: log(norm²) is 0.864419892657314 - 2.4644002756634927e-15im, which is not real up to a relative tolerance of 2.220446049250313e-15 and an absolute tolerance of 2.220446049250313e-15. Taking the real part, which may not be accurate.
└ @ ITensorMPS ~/.julia/packages/ITensorMPS/fZDBz/src/abstractmps.jl:1271
┌ Warning: norm² is 2.4110026734545893 - 5.5983024982147216e-15im, which is not real up to a relative tolerance of 2.220446049250313e-15 and an absolute tolerance of 2.220446049250313e-15. Taking the real part, which may not be accurate.
└ @ ITensorMPS ~/.julia/packages/ITensorMPS/fZDBz/src/abstractmps.jl:1246
┌ Warning: log(norm²) is 0.8701647022440427 - 2.493022137602809e-15im, which is not real up to a relative tolerance of 2.220446049250313e-15 and an absolute tolerance of 2.220446049250313e-15. Taking the real part, which may not be accurate.
└ @ ITensorMPS ~/.julia/packages/ITensorMPS/fZDBz/src/abstractmps.jl:1271
┌ Warning: norm² is 2.399487292996296 - 7.726305967333742e-15im, which is not real up to a relative tolerance of 2.220446049250313e-15 and an absolute tolerance of 2.220446049250313e-15. Taking the real part, which may not be accurate.
└ @ ITensorMPS ~/.julia/packages/ITensorMPS/fZDBz/src/abstractmps.jl:1246
┌ Warning: log(norm²) is 0.8507957625803181 + 2.3683448290098637e-15im, which is not real up to a relative tolerance of 2.220446049250313e-15 and an absolute tolerance of 2.220446049250313e-15. Taking the real part, which may not be accurate.
└ @ ITensorMPS ~/.julia/packages/ITensorMPS/fZDBz/src/abstractmps.jl:1271
┌ Warning: log(norm²) is 0.8807806282204321 - 2.3774066190161768e-15im, which is not real up to a relative tolerance of 2.220446049250313e-15 and an absolute tolerance of 2.220446049250313e-15. Taking the real part, which may not be accurate.
└ @ ITensorMPS ~/.julia/packages/ITensorMPS/fZDBz/src/abstractmps.jl:1271
┌ Warning: norm² is 2.321038381890234 - 6.2350781053173705e-15im, which is not real up to a relative tolerance of 2.220446049250313e-15 and an absolute tolerance of 2.220446049250313e-15. Taking the real part, which may not be accurate.
└ @ ITensorMPS ~/.julia/packages/ITensorMPS/fZDBz/src/abstractmps.jl:1246
┌ Warning: norm² is 9.258745761019456e11 - 0.0021080189217646634im, which is not real up to a relative tolerance of 2.220446049250313e-15 and an absolute tolerance of 2.220446049250313e-15. Taking the real part, which may not be accurate.
└ @ ITensorMPS ~/.julia/packages/ITensorMPS/fZDBz/src/abstractmps.jl:1246
┌ Warning: norm² is 9.57988604069789e11 + 0.002499785917575264im, which is not real up to a relative tolerance of 2.220446049250313e-15 and an absolute tolerance of 2.220446049250313e-15. Taking the real part, which may not be accurate.
└ @ ITensorMPS ~/.julia/packages/ITensorMPS/fZDBz/src/abstractmps.jl:1246
┌ Warning: norm² is 1.3020039702292185e12 - 0.00352542679490065im, which is not real up to a relative tolerance of 2.220446049250313e-15 and an absolute tolerance of 2.220446049250313e-15. Taking the real part, which may not be accurate.
└ @ ITensorMPS ~/.julia/packages/ITensorMPS/fZDBz/src/abstractmps.jl:1246
┌ Warning: norm² is 2.411445696927577 + 5.715865615727172e-15im, which is not real up to a relative tolerance of 2.220446049250313e-15 and an absolute tolerance of 2.220446049250313e-15. Taking the real part, which may not be accurate.
└ @ ITensorMPS ~/.julia/packages/ITensorMPS/fZDBz/src/abstractmps.jl:1246
┌ Warning: norm² is 9.94445832742768e11 + 0.0032008901015710316im, which is not real up to a relative tolerance of 2.220446049250313e-15 and an absolute tolerance of 2.220446049250313e-15. Taking the real part, which may not be accurate.
└ @ ITensorMPS ~/.julia/packages/ITensorMPS/fZDBz/src/abstractmps.jl:1246
┌ Warning: log(norm²) is 0.8717131697642932 - 2.287857590957944e-15im, which is not real up to a relative tolerance of 2.220446049250313e-15 and an absolute tolerance of 2.220446049250313e-15. Taking the real part, which may not be accurate.
└ @ ITensorMPS ~/.julia/packages/ITensorMPS/fZDBz/src/abstractmps.jl:1271
┌ Warning: log(norm²) is 0.8655212658839009 - 2.445161154730567e-15im, which is not real up to a relative tolerance of 2.220446049250313e-15 and an absolute tolerance of 2.220446049250313e-15. Taking the real part, which may not be accurate.
└ @ ITensorMPS ~/.julia/packages/ITensorMPS/fZDBz/src/abstractmps.jl:1271
┌ Warning: norm² is 9.955336191014377e11 + 0.002828561137142976im, which is not real up to a relative tolerance of 2.220446049250313e-15 and an absolute tolerance of 2.220446049250313e-15. Taking the real part, which may not be accurate.
└ @ ITensorMPS ~/.julia/packages/ITensorMPS/fZDBz/src/abstractmps.jl:1246
┌ Warning: norm² is 2.3841373696773647 + 7.582386079011163e-15im, which is not real up to a relative tolerance of 2.220446049250313e-15 and an absolute tolerance of 2.220446049250313e-15. Taking the real part, which may not be accurate.
└ @ ITensorMPS ~/.julia/packages/ITensorMPS/fZDBz/src/abstractmps.jl:1246
┌ Warning: norm² is 1.3311469853931516e12 + 0.004125595002986805im, which is not real up to a relative tolerance of 2.220446049250313e-15 and an absolute tolerance of 2.220446049250313e-15. Taking the real part, which may not be accurate.
└ @ ITensorMPS ~/.julia/packages/ITensorMPS/fZDBz/src/abstractmps.jl:1246
┌ Warning: norm² is 1.3386410528354536e12 + 0.004429054158945516im, which is not real up to a relative tolerance of 2.220446049250313e-15 and an absolute tolerance of 2.220446049250313e-15. Taking the real part, which may not be accurate.
└ @ ITensorMPS ~/.julia/packages/ITensorMPS/fZDBz/src/abstractmps.jl:1246
┌ Warning: norm² is 2.3284283335737306 - 6.898476105652732e-15im, which is not real up to a relative tolerance of 2.220446049250313e-15 and an absolute tolerance of 2.220446049250313e-15. Taking the real part, which may not be accurate.
└ @ ITensorMPS ~/.julia/packages/ITensorMPS/fZDBz/src/abstractmps.jl:1246
┌ Warning: norm² is 9.949957675499543e11 - 0.003833257627156317im, which is not real up to a relative tolerance of 2.220446049250313e-15 and an absolute tolerance of 2.220446049250313e-15. Taking the real part, which may not be accurate.
└ @ ITensorMPS ~/.julia/packages/ITensorMPS/fZDBz/src/abstractmps.jl:1246
┌ Warning: norm² is 9.954715653178539e11 + 0.0030258463896522185im, which is not real up to a relative tolerance of 2.220446049250313e-15 and an absolute tolerance of 2.220446049250313e-15. Taking the real part, which may not be accurate.
└ @ ITensorMPS ~/.julia/packages/ITensorMPS/fZDBz/src/abstractmps.jl:1246
┌ Warning: log(norm²) is 0.8704752069425956 - 2.417880997783489e-15im, which is not real up to a relative tolerance of 2.220446049250313e-15 and an absolute tolerance of 2.220446049250313e-15. Taking the real part, which may not be accurate.
└ @ ITensorMPS ~/.julia/packages/ITensorMPS/fZDBz/src/abstractmps.jl:1271
┌ Warning: norm² is 9.22920749000211e11 - 0.0030162709500855625im, which is not real up to a relative tolerance of 2.220446049250313e-15 and an absolute tolerance of 2.220446049250313e-15. Taking the real part, which may not be accurate.
└ @ ITensorMPS ~/.julia/packages/ITensorMPS/fZDBz/src/abstractmps.jl:1246
┌ Warning: norm² is 2.135995671484665e12 + 0.007449056253926851im, which is not real up to a relative tolerance of 2.220446049250313e-15 and an absolute tolerance of 2.220446049250313e-15. Taking the real part, which may not be accurate.
└ @ ITensorMPS ~/.julia/packages/ITensorMPS/fZDBz/src/abstractmps.jl:1246
┌ Warning: norm² is 1.895617238779716e12 + 0.004594239826654912im, which is not real up to a relative tolerance of 2.220446049250313e-15 and an absolute tolerance of 2.220446049250313e-15. Taking the real part, which may not be accurate.
└ @ ITensorMPS ~/.julia/packages/ITensorMPS/fZDBz/src/abstractmps.jl:1246
┌ Warning: norm² is 1.7934262533736086e12 - 0.005057466960063522im, which is not real up to a relative tolerance of 2.220446049250313e-15 and an absolute tolerance of 2.220446049250313e-15. Taking the real part, which may not be accurate.
└ @ ITensorMPS ~/.julia/packages/ITensorMPS/fZDBz/src/abstractmps.jl:1246
┌ Warning: norm² is 2.351911546653014 - 5.72149048501387e-15im, which is not real up to a relative tolerance of 2.220446049250313e-15 and an absolute tolerance of 2.220446049250313e-15. Taking the real part, which may not be accurate.
└ @ ITensorMPS ~/.julia/packages/ITensorMPS/fZDBz/src/abstractmps.jl:1246
┌ Warning: norm² is 9.945051286123685e11 + 0.002403628737350342im, which is not real up to a relative tolerance of 2.220446049250313e-15 and an absolute tolerance of 2.220446049250313e-15. Taking the real part, which may not be accurate.
└ @ ITensorMPS ~/.julia/packages/ITensorMPS/fZDBz/src/abstractmps.jl:1246
┌ Warning: norm² is 9.218880403302186e11 + 0.002897534729201208im, which is not real up to a relative tolerance of 2.220446049250313e-15 and an absolute tolerance of 2.220446049250313e-15. Taking the real part, which may not be accurate.
└ @ ITensorMPS ~/.julia/packages/ITensorMPS/fZDBz/src/abstractmps.jl:1246
┌ Warning: norm² is 9.226065588059485e11 + 0.0020725309468006417im, which is not real up to a relative tolerance of 2.220446049250313e-15 and an absolute tolerance of 2.220446049250313e-15. Taking the real part, which may not be accurate.
└ @ ITensorMPS ~/.julia/packages/ITensorMPS/fZDBz/src/abstractmps.jl:1246
┌ Warning: norm² is 1.7341439090790642e12 - 0.004755096437856712im, which is not real up to a relative tolerance of 2.220446049250313e-15 and an absolute tolerance of 2.220446049250313e-15. Taking the real part, which may not be accurate.
└ @ ITensorMPS ~/.julia/packages/ITensorMPS/fZDBz/src/abstractmps.jl:1246
┌ Warning: norm² is 9.234255147843737e11 - 0.0023823001377969795im, which is not real up to a relative tolerance of 2.220446049250313e-15 and an absolute tolerance of 2.220446049250313e-15. Taking the real part, which may not be accurate.
└ @ ITensorMPS ~/.julia/packages/ITensorMPS/fZDBz/src/abstractmps.jl:1246
┌ Warning: log(norm²) is 0.8798481124509239 + 2.8251118633285275e-15im, which is not real up to a relative tolerance of 2.220446049250313e-15 and an absolute tolerance of 2.220446049250313e-15. Taking the real part, which may not be accurate.
└ @ ITensorMPS ~/.julia/packages/ITensorMPS/fZDBz/src/abstractmps.jl:1271
┌ Warning: log(norm²) is 0.879409742795763 - 2.486648058798365e-15im, which is not real up to a relative tolerance of 2.220446049250313e-15 and an absolute tolerance of 2.220446049250313e-15. Taking the real part, which may not be accurate.
└ @ ITensorMPS ~/.julia/packages/ITensorMPS/fZDBz/src/abstractmps.jl:1271
┌ Warning: norm² is 9.949448562229042e11 + 0.002475761140154602im, which is not real up to a relative tolerance of 2.220446049250313e-15 and an absolute tolerance of 2.220446049250313e-15. Taking the real part, which may not be accurate.
└ @ ITensorMPS ~/.julia/packages/ITensorMPS/fZDBz/src/abstractmps.jl:1246
┌ Warning: norm² is 2.391390408492738 - 5.312176794483771e-15im, which is not real up to a relative tolerance of 2.220446049250313e-15 and an absolute tolerance of 2.220446049250313e-15. Taking the real part, which may not be accurate.
└ @ ITensorMPS ~/.julia/packages/ITensorMPS/fZDBz/src/abstractmps.jl:1246
┌ Warning: norm² is 2.3617949357681356 - 5.867266048020277e-15im, which is not real up to a relative tolerance of 2.220446049250313e-15 and an absolute tolerance of 2.220446049250313e-15. Taking the real part, which may not be accurate.
└ @ ITensorMPS ~/.julia/packages/ITensorMPS/fZDBz/src/abstractmps.jl:1246
┌ Warning: norm² is 2.4104727098783987 + 5.463509088324529e-15im, which is not real up to a relative tolerance of 2.220446049250313e-15 and an absolute tolerance of 2.220446049250313e-15. Taking the real part, which may not be accurate.
└ @ ITensorMPS ~/.julia/packages/ITensorMPS/fZDBz/src/abstractmps.jl:1246
┌ Warning: norm² is 2.545057163011675 - 5.7838723546362304e-15im, which is not real up to a relative tolerance of 2.220446049250313e-15 and an absolute tolerance of 2.220446049250313e-15. Taking the real part, which may not be accurate.
└ @ ITensorMPS ~/.julia/packages/ITensorMPS/fZDBz/src/abstractmps.jl:1246
┌ Warning: norm² is 1.6082821405847004e12 - 0.003986297374857658im, which is not real up to a relative tolerance of 2.220446049250313e-15 and an absolute tolerance of 2.220446049250313e-15. Taking the real part, which may not be accurate.
└ @ ITensorMPS ~/.julia/packages/ITensorMPS/fZDBz/src/abstractmps.jl:1246
┌ Warning: norm² is 1.0880603284988386e12 + 0.0027929821711358im, which is not real up to a relative tolerance of 2.220446049250313e-15 and an absolute tolerance of 2.220446049250313e-15. Taking the real part, which may not be accurate.
└ @ ITensorMPS ~/.julia/packages/ITensorMPS/fZDBz/src/abstractmps.jl:1246
┌ Warning: norm² is 9.945589539987129e11 - 0.002591554730407195im, which is not real up to a relative tolerance of 2.220446049250313e-15 and an absolute tolerance of 2.220446049250313e-15. Taking the real part, which may not be accurate.
└ @ ITensorMPS ~/.julia/packages/ITensorMPS/fZDBz/src/abstractmps.jl:1246
┌ Warning: log(norm²) is 0.8714379579334184 + 2.4197663514774423e-15im, which is not real up to a relative tolerance of 2.220446049250313e-15 and an absolute tolerance of 2.220446049250313e-15. Taking the real part, which may not be accurate.
└ @ ITensorMPS ~/.julia/packages/ITensorMPS/fZDBz/src/abstractmps.jl:1271
┌ Warning: log(norm²) is 0.8677299727868005 + 2.3665603415773616e-15im, which is not real up to a relative tolerance of 2.220446049250313e-15 and an absolute tolerance of 2.220446049250313e-15. Taking the real part, which may not be accurate.
└ @ ITensorMPS ~/.julia/packages/ITensorMPS/fZDBz/src/abstractmps.jl:1271
┌ Warning: norm² is 9.948683274098402e11 - 0.0022615976805243484im, which is not real up to a relative tolerance of 2.220446049250313e-15 and an absolute tolerance of 2.220446049250313e-15. Taking the real part, which may not be accurate.
└ @ ITensorMPS ~/.julia/packages/ITensorMPS/fZDBz/src/abstractmps.jl:1246
┌ Warning: log(norm²) is 0.8619375750936394 - 2.582884538518976e-15im, which is not real up to a relative tolerance of 2.220446049250313e-15 and an absolute tolerance of 2.220446049250313e-15. Taking the real part, which may not be accurate.
└ @ ITensorMPS ~/.julia/packages/ITensorMPS/fZDBz/src/abstractmps.jl:1271
┌ Warning: norm² is 9.212377221429443e11 - 0.0022808545009582112im, which is not real up to a relative tolerance of 2.220446049250313e-15 and an absolute tolerance of 2.220446049250313e-15. Taking the real part, which may not be accurate.
└ @ ITensorMPS ~/.julia/packages/ITensorMPS/fZDBz/src/abstractmps.jl:1246
┌ Warning: norm² is 1.3137725518505713e12 + 0.004977735153671523im, which is not real up to a relative tolerance of 2.220446049250313e-15 and an absolute tolerance of 2.220446049250313e-15. Taking the real part, which may not be accurate.
└ @ ITensorMPS ~/.julia/packages/ITensorMPS/fZDBz/src/abstractmps.jl:1246
┌ Warning: norm² is 2.381163868079913 + 5.565701277948292e-15im, which is not real up to a relative tolerance of 2.220446049250313e-15 and an absolute tolerance of 2.220446049250313e-15. Taking the real part, which may not be accurate.
└ @ ITensorMPS ~/.julia/packages/ITensorMPS/fZDBz/src/abstractmps.jl:1246
┌ Warning: norm² is 2.315056059132215e12 + 0.005256192850671744im, which is not real up to a relative tolerance of 2.220446049250313e-15 and an absolute tolerance of 2.220446049250313e-15. Taking the real part, which may not be accurate.
└ @ ITensorMPS ~/.julia/packages/ITensorMPS/fZDBz/src/abstractmps.jl:1246
┌ Warning: norm² is 9.954456660585634e11 + 0.0030522693601969715im, which is not real up to a relative tolerance of 2.220446049250313e-15 and an absolute tolerance of 2.220446049250313e-15. Taking the real part, which may not be accurate.
└ @ ITensorMPS ~/.julia/packages/ITensorMPS/fZDBz/src/abstractmps.jl:1246
┌ Warning: norm² is 2.0817186318425908e12 + 0.004955026340929775im, which is not real up to a relative tolerance of 2.220446049250313e-15 and an absolute tolerance of 2.220446049250313e-15. Taking the real part, which may not be accurate.
└ @ ITensorMPS ~/.julia/packages/ITensorMPS/fZDBz/src/abstractmps.jl:1246
┌ Warning: norm² is 2.5219729991716915 + 7.913302859165136e-15im, which is not real up to a relative tolerance of 2.220446049250313e-15 and an absolute tolerance of 2.220446049250313e-15. Taking the real part, which may not be accurate.
└ @ ITensorMPS ~/.julia/packages/ITensorMPS/fZDBz/src/abstractmps.jl:1246
┌ Warning: norm² is 1.7954092166489501 + 4.4986781187292755e-15im, which is not real up to a relative tolerance of 2.220446049250313e-15 and an absolute tolerance of 2.220446049250313e-15. Taking the real part, which may not be accurate.
└ @ ITensorMPS ~/.julia/packages/ITensorMPS/fZDBz/src/abstractmps.jl:1246
┌ Warning: log(norm²) is 0.8693070953950155 + 3.4457371243674866e-15im, which is not real up to a relative tolerance of 2.220446049250313e-15 and an absolute tolerance of 2.220446049250313e-15. Taking the real part, which may not be accurate.
└ @ ITensorMPS ~/.julia/packages/ITensorMPS/fZDBz/src/abstractmps.jl:1271
┌ Warning: norm² is 1.2929571739219019e12 + 0.003904951177687179im, which is not real up to a relative tolerance of 2.220446049250313e-15 and an absolute tolerance of 2.220446049250313e-15. Taking the real part, which may not be accurate.
└ @ ITensorMPS ~/.julia/packages/ITensorMPS/fZDBz/src/abstractmps.jl:1246
┌ Warning: log(norm²) is 0.8656879906148105 + 2.4554099905070086e-15im, which is not real up to a relative tolerance of 2.220446049250313e-15 and an absolute tolerance of 2.220446049250313e-15. Taking the real part, which may not be accurate.
└ @ ITensorMPS ~/.julia/packages/ITensorMPS/fZDBz/src/abstractmps.jl:1271
┌ Warning: norm² is 1.2963951909355745e12 - 0.003291362135508951im, which is not real up to a relative tolerance of 2.220446049250313e-15 and an absolute tolerance of 2.220446049250313e-15. Taking the real part, which may not be accurate.
└ @ ITensorMPS ~/.julia/packages/ITensorMPS/fZDBz/src/abstractmps.jl:1246
┌ Warning: log(norm²) is 0.8603619143577087 + 3.5363595236185166e-15im, which is not real up to a relative tolerance of 2.220446049250313e-15 and an absolute tolerance of 2.220446049250313e-15. Taking the real part, which may not be accurate.
└ @ ITensorMPS ~/.julia/packages/ITensorMPS/fZDBz/src/abstractmps.jl:1271
┌ Warning: log(norm²) is 0.8655424946083019 - 2.5380623110516723e-15im, which is not real up to a relative tolerance of 2.220446049250313e-15 and an absolute tolerance of 2.220446049250313e-15. Taking the real part, which may not be accurate.
└ @ ITensorMPS ~/.julia/packages/ITensorMPS/fZDBz/src/abstractmps.jl:1271
┌ Warning: norm² is 1.3001167211662356e12 + 0.004836296469257973im, which is not real up to a relative tolerance of 2.220446049250313e-15 and an absolute tolerance of 2.220446049250313e-15. Taking the real part, which may not be accurate.
└ @ ITensorMPS ~/.julia/packages/ITensorMPS/fZDBz/src/abstractmps.jl:1246
┌ Warning: norm² is 1.4745449664356077e12 + 0.003994949870570314im, which is not real up to a relative tolerance of 2.220446049250313e-15 and an absolute tolerance of 2.220446049250313e-15. Taking the real part, which may not be accurate.
└ @ ITensorMPS ~/.julia/packages/ITensorMPS/fZDBz/src/abstractmps.jl:1246
┌ Warning: log(norm²) is 0.872441064526488 - 2.3972034397120044e-15im, which is not real up to a relative tolerance of 2.220446049250313e-15 and an absolute tolerance of 2.220446049250313e-15. Taking the real part, which may not be accurate.
└ @ ITensorMPS ~/.julia/packages/ITensorMPS/fZDBz/src/abstractmps.jl:1271
┌ Warning: norm² is 2.1201663556833562e12 + 0.00494883531034729im, which is not real up to a relative tolerance of 2.220446049250313e-15 and an absolute tolerance of 2.220446049250313e-15. Taking the real part, which may not be accurate.
└ @ ITensorMPS ~/.julia/packages/ITensorMPS/fZDBz/src/abstractmps.jl:1246
┌ Warning: norm² is 9.224664661839144e11 + 0.00210756529674179im, which is not real up to a relative tolerance of 2.220446049250313e-15 and an absolute tolerance of 2.220446049250313e-15. Taking the real part, which may not be accurate.
└ @ ITensorMPS ~/.julia/packages/ITensorMPS/fZDBz/src/abstractmps.jl:1246
┌ Warning: norm² is 2.419818408088222 + 7.619258191546072e-15im, which is not real up to a relative tolerance of 2.220446049250313e-15 and an absolute tolerance of 2.220446049250313e-15. Taking the real part, which may not be accurate.
└ @ ITensorMPS ~/.julia/packages/ITensorMPS/fZDBz/src/abstractmps.jl:1246
┌ Warning: log(norm²) is 0.8836924993730276 - 3.329393082294658e-15im, which is not real up to a relative tolerance of 2.220446049250313e-15 and an absolute tolerance of 2.220446049250313e-15. Taking the real part, which may not be accurate.
└ @ ITensorMPS ~/.julia/packages/ITensorMPS/fZDBz/src/abstractmps.jl:1271
┌ Warning: norm² is 9.216198285471396e11 - 0.002718641774882251im, which is not real up to a relative tolerance of 2.220446049250313e-15 and an absolute tolerance of 2.220446049250313e-15. Taking the real part, which may not be accurate.
└ @ ITensorMPS ~/.julia/packages/ITensorMPS/fZDBz/src/abstractmps.jl:1246
┌ Warning: norm² is 9.21714537334364e11 + 0.0023257960271454766im, which is not real up to a relative tolerance of 2.220446049250313e-15 and an absolute tolerance of 2.220446049250313e-15. Taking the real part, which may not be accurate.
└ @ ITensorMPS ~/.julia/packages/ITensorMPS/fZDBz/src/abstractmps.jl:1246
┌ Warning: norm² is 2.3907179952612494 + 5.984445436946286e-15im, which is not real up to a relative tolerance of 2.220446049250313e-15 and an absolute tolerance of 2.220446049250313e-15. Taking the real part, which may not be accurate.
└ @ ITensorMPS ~/.julia/packages/ITensorMPS/fZDBz/src/abstractmps.jl:1246
┌ Warning: log(norm²) is 0.8606573645593788 - 2.2596172929230274e-15im, which is not real up to a relative tolerance of 2.220446049250313e-15 and an absolute tolerance of 2.220446049250313e-15. Taking the real part, which may not be accurate.
└ @ ITensorMPS ~/.julia/packages/ITensorMPS/fZDBz/src/abstractmps.jl:1271
┌ Warning: norm² is 2.3709898175432245 + 7.135700018145719e-15im, which is not real up to a relative tolerance of 2.220446049250313e-15 and an absolute tolerance of 2.220446049250313e-15. Taking the real part, which may not be accurate.
└ @ ITensorMPS ~/.julia/packages/ITensorMPS/fZDBz/src/abstractmps.jl:1246
┌ Warning: log(norm²) is 0.8676954349406976 - 2.3424058291308193e-15im, which is not real up to a relative tolerance of 2.220446049250313e-15 and an absolute tolerance of 2.220446049250313e-15. Taking the real part, which may not be accurate.
└ @ ITensorMPS ~/.julia/packages/ITensorMPS/fZDBz/src/abstractmps.jl:1271
┌ Warning: log(norm²) is 0.8786456694769955 + 2.2595496441323917e-15im, which is not real up to a relative tolerance of 2.220446049250313e-15 and an absolute tolerance of 2.220446049250313e-15. Taking the real part, which may not be accurate.
└ @ ITensorMPS ~/.julia/packages/ITensorMPS/fZDBz/src/abstractmps.jl:1271
┌ Warning: norm² is 2.3612652692139084 + 6.271855366252627e-15im, which is not real up to a relative tolerance of 2.220446049250313e-15 and an absolute tolerance of 2.220446049250313e-15. Taking the real part, which may not be accurate.
└ @ ITensorMPS ~/.julia/packages/ITensorMPS/fZDBz/src/abstractmps.jl:1246
┌ Warning: norm² is 9.231418191885599e11 + 0.0020906707922848534im, which is not real up to a relative tolerance of 2.220446049250313e-15 and an absolute tolerance of 2.220446049250313e-15. Taking the real part, which may not be accurate.
└ @ ITensorMPS ~/.julia/packages/ITensorMPS/fZDBz/src/abstractmps.jl:1246
┌ Warning: norm² is 2.0587460888451018e12 + 0.004956687511597551im, which is not real up to a relative tolerance of 2.220446049250313e-15 and an absolute tolerance of 2.220446049250313e-15. Taking the real part, which may not be accurate.
└ @ ITensorMPS ~/.julia/packages/ITensorMPS/fZDBz/src/abstractmps.jl:1246
┌ Warning: norm² is 9.958589109357197e11 + 0.002471167163989422im, which is not real up to a relative tolerance of 2.220446049250313e-15 and an absolute tolerance of 2.220446049250313e-15. Taking the real part, which may not be accurate.
└ @ ITensorMPS ~/.julia/packages/ITensorMPS/fZDBz/src/abstractmps.jl:1246
┌ Warning: norm² is 1.341635356508267e12 + 0.00407599218268213im, which is not real up to a relative tolerance of 2.220446049250313e-15 and an absolute tolerance of 2.220446049250313e-15. Taking the real part, which may not be accurate.
└ @ ITensorMPS ~/.julia/packages/ITensorMPS/fZDBz/src/abstractmps.jl:1246
┌ Warning: norm² is 9.950253486418218e11 - 0.0035873374963441827im, which is not real up to a relative tolerance of 2.220446049250313e-15 and an absolute tolerance of 2.220446049250313e-15. Taking the real part, which may not be accurate.
└ @ ITensorMPS ~/.julia/packages/ITensorMPS/fZDBz/src/abstractmps.jl:1246
┌ Warning: norm² is 2.365261967861114 + 6.105293799201263e-15im, which is not real up to a relative tolerance of 2.220446049250313e-15 and an absolute tolerance of 2.220446049250313e-15. Taking the real part, which may not be accurate.
└ @ ITensorMPS ~/.julia/packages/ITensorMPS/fZDBz/src/abstractmps.jl:1246
┌ Warning: norm² is 2.238035998620814 + 5.116409833565354e-15im, which is not real up to a relative tolerance of 2.220446049250313e-15 and an absolute tolerance of 2.220446049250313e-15. Taking the real part, which may not be accurate.
└ @ ITensorMPS ~/.julia/packages/ITensorMPS/fZDBz/src/abstractmps.jl:1246
┌ Warning: norm² is 1.61296853007093e12 - 0.004320638503448036im, which is not real up to a relative tolerance of 2.220446049250313e-15 and an absolute tolerance of 2.220446049250313e-15. Taking the real part, which may not be accurate.
└ @ ITensorMPS ~/.julia/packages/ITensorMPS/fZDBz/src/abstractmps.jl:1246
┌ Warning: norm² is 1.8036575042633567e12 - 0.004559407723372894im, which is not real up to a relative tolerance of 2.220446049250313e-15 and an absolute tolerance of 2.220446049250313e-15. Taking the real part, which may not be accurate.
└ @ ITensorMPS ~/.julia/packages/ITensorMPS/fZDBz/src/abstractmps.jl:1246
┌ Warning: log(norm²) is 0.879519308592583 + 2.652644982864642e-15im, which is not real up to a relative tolerance of 2.220446049250313e-15 and an absolute tolerance of 2.220446049250313e-15. Taking the real part, which may not be accurate.
└ @ ITensorMPS ~/.julia/packages/ITensorMPS/fZDBz/src/abstractmps.jl:1271
┌ Warning: norm² is 1.052756377399012e12 - 0.0027143333033559204im, which is not real up to a relative tolerance of 2.220446049250313e-15 and an absolute tolerance of 2.220446049250313e-15. Taking the real part, which may not be accurate.
└ @ ITensorMPS ~/.julia/packages/ITensorMPS/fZDBz/src/abstractmps.jl:1246
┌ Warning: norm² is 2.389389148095655 + 7.207635904397655e-15im, which is not real up to a relative tolerance of 2.220446049250313e-15 and an absolute tolerance of 2.220446049250313e-15. Taking the real part, which may not be accurate.
└ @ ITensorMPS ~/.julia/packages/ITensorMPS/fZDBz/src/abstractmps.jl:1246
┌ Warning: norm² is 9.222046274198813e11 + 0.0023783290427998923im, which is not real up to a relative tolerance of 2.220446049250313e-15 and an absolute tolerance of 2.220446049250313e-15. Taking the real part, which may not be accurate.
└ @ ITensorMPS ~/.julia/packages/ITensorMPS/fZDBz/src/abstractmps.jl:1246
┌ Warning: norm² is 9.518391174032399e11 + 0.002596785744076509im, which is not real up to a relative tolerance of 2.220446049250313e-15 and an absolute tolerance of 2.220446049250313e-15. Taking the real part, which may not be accurate.
└ @ ITensorMPS ~/.julia/packages/ITensorMPS/fZDBz/src/abstractmps.jl:1246
┌ Warning: log(norm²) is 0.879067813319485 + 2.267601267359173e-15im, which is not real up to a relative tolerance of 2.220446049250313e-15 and an absolute tolerance of 2.220446049250313e-15. Taking the real part, which may not be accurate.
└ @ ITensorMPS ~/.julia/packages/ITensorMPS/fZDBz/src/abstractmps.jl:1271
┌ Warning: norm² is 9.220800552708541e11 - 0.0022071092402049675im, which is not real up to a relative tolerance of 2.220446049250313e-15 and an absolute tolerance of 2.220446049250313e-15. Taking the real part, which may not be accurate.
└ @ ITensorMPS ~/.julia/packages/ITensorMPS/fZDBz/src/abstractmps.jl:1246
┌ Warning: norm² is 2.4095087469173158 + 6.3053018775262274e-15im, which is not real up to a relative tolerance of 2.220446049250313e-15 and an absolute tolerance of 2.220446049250313e-15. Taking the real part, which may not be accurate.
└ @ ITensorMPS ~/.julia/packages/ITensorMPS/fZDBz/src/abstractmps.jl:1246
┌ Warning: norm² is 1.8781281822415618e12 - 0.005332912513407552im, which is not real up to a relative tolerance of 2.220446049250313e-15 and an absolute tolerance of 2.220446049250313e-15. Taking the real part, which may not be accurate.
└ @ ITensorMPS ~/.julia/packages/ITensorMPS/fZDBz/src/abstractmps.jl:1246
┌ Warning: norm² is 2.410269758271746 + 5.960716695059113e-15im, which is not real up to a relative tolerance of 2.220446049250313e-15 and an absolute tolerance of 2.220446049250313e-15. Taking the real part, which may not be accurate.
└ @ ITensorMPS ~/.julia/packages/ITensorMPS/fZDBz/src/abstractmps.jl:1246
┌ Warning: norm² is 2.3741484437533797 + 6.798697186644422e-15im, which is not real up to a relative tolerance of 2.220446049250313e-15 and an absolute tolerance of 2.220446049250313e-15. Taking the real part, which may not be accurate.
└ @ ITensorMPS ~/.julia/packages/ITensorMPS/fZDBz/src/abstractmps.jl:1246
┌ Warning: log(norm²) is 0.8716266147010108 - 3.0579934835373935e-15im, which is not real up to a relative tolerance of 2.220446049250313e-15 and an absolute tolerance of 2.220446049250313e-15. Taking the real part, which may not be accurate.
└ @ ITensorMPS ~/.julia/packages/ITensorMPS/fZDBz/src/abstractmps.jl:1271
┌ Warning: log(norm²) is 0.8869496180063501 - 2.5011525545375176e-15im, which is not real up to a relative tolerance of 2.220446049250313e-15 and an absolute tolerance of 2.220446049250313e-15. Taking the real part, which may not be accurate.
└ @ ITensorMPS ~/.julia/packages/ITensorMPS/fZDBz/src/abstractmps.jl:1271
┌ Warning: norm² is 9.952059615270001e11 + 0.0032164202101872767im, which is not real up to a relative tolerance of 2.220446049250313e-15 and an absolute tolerance of 2.220446049250313e-15. Taking the real part, which may not be accurate.
└ @ ITensorMPS ~/.julia/packages/ITensorMPS/fZDBz/src/abstractmps.jl:1246
┌ Warning: norm² is 9.946999571779685e11 - 0.0026553603427766676im, which is not real up to a relative tolerance of 2.220446049250313e-15 and an absolute tolerance of 2.220446049250313e-15. Taking the real part, which may not be accurate.
└ @ ITensorMPS ~/.julia/packages/ITensorMPS/fZDBz/src/abstractmps.jl:1246
┌ Warning: norm² is 1.5762139370697493e12 - 0.0035611581787674254im, which is not real up to a relative tolerance of 2.220446049250313e-15 and an absolute tolerance of 2.220446049250313e-15. Taking the real part, which may not be accurate.
└ @ ITensorMPS ~/.julia/packages/ITensorMPS/fZDBz/src/abstractmps.jl:1246
┌ Warning: norm² is 9.94412456043448e11 + 0.002285936480554675im, which is not real up to a relative tolerance of 2.220446049250313e-15 and an absolute tolerance of 2.220446049250313e-15. Taking the real part, which may not be accurate.
└ @ ITensorMPS ~/.julia/packages/ITensorMPS/fZDBz/src/abstractmps.jl:1246
┌ Warning: log(norm²) is 0.8790080277465997 + 2.3276312736738768e-15im, which is not real up to a relative tolerance of 2.220446049250313e-15 and an absolute tolerance of 2.220446049250313e-15. Taking the real part, which may not be accurate.
└ @ ITensorMPS ~/.julia/packages/ITensorMPS/fZDBz/src/abstractmps.jl:1271
┌ Warning: norm² is 9.22892236804303e11 - 0.002055004906280465im, which is not real up to a relative tolerance of 2.220446049250313e-15 and an absolute tolerance of 2.220446049250313e-15. Taking the real part, which may not be accurate.
└ @ ITensorMPS ~/.julia/packages/ITensorMPS/fZDBz/src/abstractmps.jl:1246
┌ Warning: norm² is 9.444158252131906e11 + 0.002435798099845398im, which is not real up to a relative tolerance of 2.220446049250313e-15 and an absolute tolerance of 2.220446049250313e-15. Taking the real part, which may not be accurate.
└ @ ITensorMPS ~/.julia/packages/ITensorMPS/fZDBz/src/abstractmps.jl:1246
┌ Warning: log(norm²) is 0.879200726445614 - 2.459322642660171e-15im, which is not real up to a relative tolerance of 2.220446049250313e-15 and an absolute tolerance of 2.220446049250313e-15. Taking the real part, which may not be accurate.
└ @ ITensorMPS ~/.julia/packages/ITensorMPS/fZDBz/src/abstractmps.jl:1271
┌ Warning: norm² is 2.3848552496200224 + 6.565254280124634e-15im, which is not real up to a relative tolerance of 2.220446049250313e-15 and an absolute tolerance of 2.220446049250313e-15. Taking the real part, which may not be accurate.
└ @ ITensorMPS ~/.julia/packages/ITensorMPS/fZDBz/src/abstractmps.jl:1246
┌ Warning: log(norm²) is 0.8591465495075956 - 2.896148317520461e-15im, which is not real up to a relative tolerance of 2.220446049250313e-15 and an absolute tolerance of 2.220446049250313e-15. Taking the real part, which may not be accurate.
└ @ ITensorMPS ~/.julia/packages/ITensorMPS/fZDBz/src/abstractmps.jl:1271
┌ Warning: log(norm²) is 0.865133198404445 + 3.0369763750192886e-15im, which is not real up to a relative tolerance of 2.220446049250313e-15 and an absolute tolerance of 2.220446049250313e-15. Taking the real part, which may not be accurate.
└ @ ITensorMPS ~/.julia/packages/ITensorMPS/fZDBz/src/abstractmps.jl:1271
┌ Warning: norm² is 9.945771431994084e11 + 0.00227535348699472im, which is not real up to a relative tolerance of 2.220446049250313e-15 and an absolute tolerance of 2.220446049250313e-15. Taking the real part, which may not be accurate.
└ @ ITensorMPS ~/.julia/packages/ITensorMPS/fZDBz/src/abstractmps.jl:1246
┌ Warning: norm² is 1.2981590832520955e12 - 0.00430327888545191im, which is not real up to a relative tolerance of 2.220446049250313e-15 and an absolute tolerance of 2.220446049250313e-15. Taking the real part, which may not be accurate.
└ @ ITensorMPS ~/.julia/packages/ITensorMPS/fZDBz/src/abstractmps.jl:1246
┌ Warning: norm² is 9.949913803434213e11 - 0.003549171825346696im, which is not real up to a relative tolerance of 2.220446049250313e-15 and an absolute tolerance of 2.220446049250313e-15. Taking the real part, which may not be accurate.
└ @ ITensorMPS ~/.julia/packages/ITensorMPS/fZDBz/src/abstractmps.jl:1246
┌ Warning: norm² is 9.22009410159204e11 - 0.0021594175544789665im, which is not real up to a relative tolerance of 2.220446049250313e-15 and an absolute tolerance of 2.220446049250313e-15. Taking the real part, which may not be accurate.
└ @ ITensorMPS ~/.julia/packages/ITensorMPS/fZDBz/src/abstractmps.jl:1246
┌ Warning: norm² is 9.217555037861504e11 - 0.0022853585514950973im, which is not real up to a relative tolerance of 2.220446049250313e-15 and an absolute tolerance of 2.220446049250313e-15. Taking the real part, which may not be accurate.
└ @ ITensorMPS ~/.julia/packages/ITensorMPS/fZDBz/src/abstractmps.jl:1246
┌ Warning: norm² is 9.955470624891268e11 + 0.0022988473288877696im, which is not real up to a relative tolerance of 2.220446049250313e-15 and an absolute tolerance of 2.220446049250313e-15. Taking the real part, which may not be accurate.
└ @ ITensorMPS ~/.julia/packages/ITensorMPS/fZDBz/src/abstractmps.jl:1246
┌ Warning: norm² is 9.959534976111989e11 - 0.0033209301344091923im, which is not real up to a relative tolerance of 2.220446049250313e-15 and an absolute tolerance of 2.220446049250313e-15. Taking the real part, which may not be accurate.
└ @ ITensorMPS ~/.julia/packages/ITensorMPS/fZDBz/src/abstractmps.jl:1246
┌ Warning: norm² is 1.327983867511516e12 - 0.003186438598758899im, which is not real up to a relative tolerance of 2.220446049250313e-15 and an absolute tolerance of 2.220446049250313e-15. Taking the real part, which may not be accurate.
└ @ ITensorMPS ~/.julia/packages/ITensorMPS/fZDBz/src/abstractmps.jl:1246
┌ Warning: norm² is 9.217016074605931e11 - 0.0020990896961378676im, which is not real up to a relative tolerance of 2.220446049250313e-15 and an absolute tolerance of 2.220446049250313e-15. Taking the real part, which may not be accurate.
└ @ ITensorMPS ~/.julia/packages/ITensorMPS/fZDBz/src/abstractmps.jl:1246
┌ Warning: norm² is 2.233072958853574e12 + 0.00588924740983102im, which is not real up to a relative tolerance of 2.220446049250313e-15 and an absolute tolerance of 2.220446049250313e-15. Taking the real part, which may not be accurate.
└ @ ITensorMPS ~/.julia/packages/ITensorMPS/fZDBz/src/abstractmps.jl:1246
┌ Warning: log(norm²) is 0.7506931417696253 - 2.339561021324522e-15im, which is not real up to a relative tolerance of 2.220446049250313e-15 and an absolute tolerance of 2.220446049250313e-15. Taking the real part, which may not be accurate.
└ @ ITensorMPS ~/.julia/packages/ITensorMPS/fZDBz/src/abstractmps.jl:1271
┌ Warning: norm² is 2.3086028597488313 + 6.405659871140133e-15im, which is not real up to a relative tolerance of 2.220446049250313e-15 and an absolute tolerance of 2.220446049250313e-15. Taking the real part, which may not be accurate.
└ @ ITensorMPS ~/.julia/packages/ITensorMPS/fZDBz/src/abstractmps.jl:1246
┌ Warning: log(norm²) is 0.62318761038735 + 3.0956389710379727e-15im, which is not real up to a relative tolerance of 2.220446049250313e-15 and an absolute tolerance of 2.220446049250313e-15. Taking the real part, which may not be accurate.
└ @ ITensorMPS ~/.julia/packages/ITensorMPS/fZDBz/src/abstractmps.jl:1271
┌ Warning: log(norm²) is 0.795909402957563 - 3.5213069231728666e-15im, which is not real up to a relative tolerance of 2.220446049250313e-15 and an absolute tolerance of 2.220446049250313e-15. Taking the real part, which may not be accurate.
└ @ ITensorMPS ~/.julia/packages/ITensorMPS/fZDBz/src/abstractmps.jl:1271
┌ Warning: norm² is 1.2869410995705554e12 - 0.003224910907744358im, which is not real up to a relative tolerance of 2.220446049250313e-15 and an absolute tolerance of 2.220446049250313e-15. Taking the real part, which may not be accurate.
└ @ ITensorMPS ~/.julia/packages/ITensorMPS/fZDBz/src/abstractmps.jl:1246
┌ Warning: log(norm²) is 0.8717361788993551 + 2.303211138091656e-15im, which is not real up to a relative tolerance of 2.220446049250313e-15 and an absolute tolerance of 2.220446049250313e-15. Taking the real part, which may not be accurate.
└ @ ITensorMPS ~/.julia/packages/ITensorMPS/fZDBz/src/abstractmps.jl:1271
┌ Warning: norm² is 9.945909855635228e11 + 0.004076280955894032im, which is not real up to a relative tolerance of 2.220446049250313e-15 and an absolute tolerance of 2.220446049250313e-15. Taking the real part, which may not be accurate.
└ @ ITensorMPS ~/.julia/packages/ITensorMPS/fZDBz/src/abstractmps.jl:1246
┌ Warning: norm² is 9.216221205062186e11 + 0.0020867325375987108im, which is not real up to a relative tolerance of 2.220446049250313e-15 and an absolute tolerance of 2.220446049250313e-15. Taking the real part, which may not be accurate.
└ @ ITensorMPS ~/.julia/packages/ITensorMPS/fZDBz/src/abstractmps.jl:1246
┌ Warning: log(norm²) is 0.8802511375956028 - 3.9750162193314344e-15im, which is not real up to a relative tolerance of 2.220446049250313e-15 and an absolute tolerance of 2.220446049250313e-15. Taking the real part, which may not be accurate.
└ @ ITensorMPS ~/.julia/packages/ITensorMPS/fZDBz/src/abstractmps.jl:1271
┌ Warning: norm² is 2.391453973787895 - 6.008482447985348e-15im, which is not real up to a relative tolerance of 2.220446049250313e-15 and an absolute tolerance of 2.220446049250313e-15. Taking the real part, which may not be accurate.
└ @ ITensorMPS ~/.julia/packages/ITensorMPS/fZDBz/src/abstractmps.jl:1246
┌ Warning: norm² is 9.216003444636458e11 + 0.0021335961237211997im, which is not real up to a relative tolerance of 2.220446049250313e-15 and an absolute tolerance of 2.220446049250313e-15. Taking the real part, which may not be accurate.
└ @ ITensorMPS ~/.julia/packages/ITensorMPS/fZDBz/src/abstractmps.jl:1246
┌ Warning: norm² is 1.2987377006724187e12 - 0.004316161975429381im, which is not real up to a relative tolerance of 2.220446049250313e-15 and an absolute tolerance of 2.220446049250313e-15. Taking the real part, which may not be accurate.
└ @ ITensorMPS ~/.julia/packages/ITensorMPS/fZDBz/src/abstractmps.jl:1246
┌ Warning: log(norm²) is 0.8724864167807024 - 2.7703031282664903e-15im, which is not real up to a relative tolerance of 2.220446049250313e-15 and an absolute tolerance of 2.220446049250313e-15. Taking the real part, which may not be accurate.
└ @ ITensorMPS ~/.julia/packages/ITensorMPS/fZDBz/src/abstractmps.jl:1271
┌ Warning: norm² is 9.224661210545973e11 + 0.002410029820199162im, which is not real up to a relative tolerance of 2.220446049250313e-15 and an absolute tolerance of 2.220446049250313e-15. Taking the real part, which may not be accurate.
└ @ ITensorMPS ~/.julia/packages/ITensorMPS/fZDBz/src/abstractmps.jl:1246
┌ Warning: norm² is 2.380449819537378 + 7.147818987572268e-15im, which is not real up to a relative tolerance of 2.220446049250313e-15 and an absolute tolerance of 2.220446049250313e-15. Taking the real part, which may not be accurate.
└ @ ITensorMPS ~/.julia/packages/ITensorMPS/fZDBz/src/abstractmps.jl:1246
┌ Warning: log(norm²) is 0.8672894696307942 - 3.713989779945212e-15im, which is not real up to a relative tolerance of 2.220446049250313e-15 and an absolute tolerance of 2.220446049250313e-15. Taking the real part, which may not be accurate.
└ @ ITensorMPS ~/.julia/packages/ITensorMPS/fZDBz/src/abstractmps.jl:1271
┌ Warning: norm² is 2.0257505172021375e12 - 0.004764736351078211im, which is not real up to a relative tolerance of 2.220446049250313e-15 and an absolute tolerance of 2.220446049250313e-15. Taking the real part, which may not be accurate.
└ @ ITensorMPS ~/.julia/packages/ITensorMPS/fZDBz/src/abstractmps.jl:1246
┌ Warning: norm² is 2.399430681426019 - 6.466762498792168e-15im, which is not real up to a relative tolerance of 2.220446049250313e-15 and an absolute tolerance of 2.220446049250313e-15. Taking the real part, which may not be accurate.
└ @ ITensorMPS ~/.julia/packages/ITensorMPS/fZDBz/src/abstractmps.jl:1246
┌ Warning: norm² is 9.223498045788478e11 - 0.002167840508794483im, which is not real up to a relative tolerance of 2.220446049250313e-15 and an absolute tolerance of 2.220446049250313e-15. Taking the real part, which may not be accurate.
└ @ ITensorMPS ~/.julia/packages/ITensorMPS/fZDBz/src/abstractmps.jl:1246
┌ Warning: norm² is 2.4093618299301376 - 6.766891758573585e-15im, which is not real up to a relative tolerance of 2.220446049250313e-15 and an absolute tolerance of 2.220446049250313e-15. Taking the real part, which may not be accurate.
└ @ ITensorMPS ~/.julia/packages/ITensorMPS/fZDBz/src/abstractmps.jl:1246
┌ Warning: log(norm²) is 0.5646608729518869 - 2.6454615825574775e-15im, which is not real up to a relative tolerance of 2.220446049250313e-15 and an absolute tolerance of 2.220446049250313e-15. Taking the real part, which may not be accurate.
└ @ ITensorMPS ~/.julia/packages/ITensorMPS/fZDBz/src/abstractmps.jl:1271
┌ Warning: log(norm²) is 0.8714230870728219 + 2.3723153088154764e-15im, which is not real up to a relative tolerance of 2.220446049250313e-15 and an absolute tolerance of 2.220446049250313e-15. Taking the real part, which may not be accurate.
└ @ ITensorMPS ~/.julia/packages/ITensorMPS/fZDBz/src/abstractmps.jl:1271
┌ Warning: norm² is 1.2140575211882593e12 + 0.0029933240210004873im, which is not real up to a relative tolerance of 2.220446049250313e-15 and an absolute tolerance of 2.220446049250313e-15. Taking the real part, which may not be accurate.
└ @ ITensorMPS ~/.julia/packages/ITensorMPS/fZDBz/src/abstractmps.jl:1246
┌ Warning: log(norm²) is 0.8721428297407484 + 2.2495285789711502e-15im, which is not real up to a relative tolerance of 2.220446049250313e-15 and an absolute tolerance of 2.220446049250313e-15. Taking the real part, which may not be accurate.
└ @ ITensorMPS ~/.julia/packages/ITensorMPS/fZDBz/src/abstractmps.jl:1271
┌ Warning: norm² is 2.3695132313484457 + 5.452299666449371e-15im, which is not real up to a relative tolerance of 2.220446049250313e-15 and an absolute tolerance of 2.220446049250313e-15. Taking the real part, which may not be accurate.
└ @ ITensorMPS ~/.julia/packages/ITensorMPS/fZDBz/src/abstractmps.jl:1246
┌ Warning: norm² is 1.0212753168944159e12 - 0.0026105635633188054im, which is not real up to a relative tolerance of 2.220446049250313e-15 and an absolute tolerance of 2.220446049250313e-15. Taking the real part, which may not be accurate.
└ @ ITensorMPS ~/.julia/packages/ITensorMPS/fZDBz/src/abstractmps.jl:1246
┌ Warning: norm² is 9.949773892952172e11 + 0.003069236633333405im, which is not real up to a relative tolerance of 2.220446049250313e-15 and an absolute tolerance of 2.220446049250313e-15. Taking the real part, which may not be accurate.
└ @ ITensorMPS ~/.julia/packages/ITensorMPS/fZDBz/src/abstractmps.jl:1246
┌ Warning: norm² is 9.865869949326776e11 + 0.002384192777066749im, which is not real up to a relative tolerance of 2.220446049250313e-15 and an absolute tolerance of 2.220446049250313e-15. Taking the real part, which may not be accurate.
└ @ ITensorMPS ~/.julia/packages/ITensorMPS/fZDBz/src/abstractmps.jl:1246
┌ Warning: norm² is 2.3904686645830933 - 5.346138367052358e-15im, which is not real up to a relative tolerance of 2.220446049250313e-15 and an absolute tolerance of 2.220446049250313e-15. Taking the real part, which may not be accurate.
└ @ ITensorMPS ~/.julia/packages/ITensorMPS/fZDBz/src/abstractmps.jl:1246
┌ Warning: norm² is 9.947908943525033e11 - 0.0026263062867573077im, which is not real up to a relative tolerance of 2.220446049250313e-15 and an absolute tolerance of 2.220446049250313e-15. Taking the real part, which may not be accurate.
└ @ ITensorMPS ~/.julia/packages/ITensorMPS/fZDBz/src/abstractmps.jl:1246
┌ Warning: norm² is 9.214377964854863e11 - 0.003533749150532445im, which is not real up to a relative tolerance of 2.220446049250313e-15 and an absolute tolerance of 2.220446049250313e-15. Taking the real part, which may not be accurate.
└ @ ITensorMPS ~/.julia/packages/ITensorMPS/fZDBz/src/abstractmps.jl:1246
┌ Warning: norm² is 1.2898352074153645e12 + 0.003426729082100239im, which is not real up to a relative tolerance of 2.220446049250313e-15 and an absolute tolerance of 2.220446049250313e-15. Taking the real part, which may not be accurate.
└ @ ITensorMPS ~/.julia/packages/ITensorMPS/fZDBz/src/abstractmps.jl:1246
┌ Warning: log(norm²) is 0.8607127563792613 + 2.4282693990102044e-15im, which is not real up to a relative tolerance of 2.220446049250313e-15 and an absolute tolerance of 2.220446049250313e-15. Taking the real part, which may not be accurate.
└ @ ITensorMPS ~/.julia/packages/ITensorMPS/fZDBz/src/abstractmps.jl:1271
┌ Warning: norm² is 9.95936786602772e11 - 0.0034899997353114768im, which is not real up to a relative tolerance of 2.220446049250313e-15 and an absolute tolerance of 2.220446049250313e-15. Taking the real part, which may not be accurate.
└ @ ITensorMPS ~/.julia/packages/ITensorMPS/fZDBz/src/abstractmps.jl:1246
┌ Warning: norm² is 9.213058660074597e11 - 0.002554924453679545im, which is not real up to a relative tolerance of 2.220446049250313e-15 and an absolute tolerance of 2.220446049250313e-15. Taking the real part, which may not be accurate.
└ @ ITensorMPS ~/.julia/packages/ITensorMPS/fZDBz/src/abstractmps.jl:1246
┌ Warning: norm² is 2.388195588867821 + 6.346061837876268e-15im, which is not real up to a relative tolerance of 2.220446049250313e-15 and an absolute tolerance of 2.220446049250313e-15. Taking the real part, which may not be accurate.
└ @ ITensorMPS ~/.julia/packages/ITensorMPS/fZDBz/src/abstractmps.jl:1246
┌ Warning: norm² is 1.2942669903750479e12 - 0.0038111878477159883im, which is not real up to a relative tolerance of 2.220446049250313e-15 and an absolute tolerance of 2.220446049250313e-15. Taking the real part, which may not be accurate.
└ @ ITensorMPS ~/.julia/packages/ITensorMPS/fZDBz/src/abstractmps.jl:1246
┌ Warning: norm² is 1.3227271553986545e12 - 0.00482896487796125im, which is not real up to a relative tolerance of 2.220446049250313e-15 and an absolute tolerance of 2.220446049250313e-15. Taking the real part, which may not be accurate.
└ @ ITensorMPS ~/.julia/packages/ITensorMPS/fZDBz/src/abstractmps.jl:1246
┌ Warning: norm² is 1.7215923174257383e12 - 0.005826091494071008im, which is not real up to a relative tolerance of 2.220446049250313e-15 and an absolute tolerance of 2.220446049250313e-15. Taking the real part, which may not be accurate.
└ @ ITensorMPS ~/.julia/packages/ITensorMPS/fZDBz/src/abstractmps.jl:1246
┌ Warning: norm² is 9.21411196439861e11 - 0.002176666750788614im, which is not real up to a relative tolerance of 2.220446049250313e-15 and an absolute tolerance of 2.220446049250313e-15. Taking the real part, which may not be accurate.
└ @ ITensorMPS ~/.julia/packages/ITensorMPS/fZDBz/src/abstractmps.jl:1246
┌ Warning: norm² is 2.3406305460656934e12 - 0.0064452087398676715im, which is not real up to a relative tolerance of 2.220446049250313e-15 and an absolute tolerance of 2.220446049250313e-15. Taking the real part, which may not be accurate.
└ @ ITensorMPS ~/.julia/packages/ITensorMPS/fZDBz/src/abstractmps.jl:1246
┌ Warning: log(norm²) is 0.731659559475497 + 2.8485073788633105e-15im, which is not real up to a relative tolerance of 2.220446049250313e-15 and an absolute tolerance of 2.220446049250313e-15. Taking the real part, which may not be accurate.
└ @ ITensorMPS ~/.julia/packages/ITensorMPS/fZDBz/src/abstractmps.jl:1271
┌ Warning: log(norm²) is 0.8786937765319748 + 2.598948381874385e-15im, which is not real up to a relative tolerance of 2.220446049250313e-15 and an absolute tolerance of 2.220446049250313e-15. Taking the real part, which may not be accurate.
└ @ ITensorMPS ~/.julia/packages/ITensorMPS/fZDBz/src/abstractmps.jl:1271
┌ Warning: norm² is 2.4142992747123726 - 5.558044622262067e-15im, which is not real up to a relative tolerance of 2.220446049250313e-15 and an absolute tolerance of 2.220446049250313e-15. Taking the real part, which may not be accurate.
└ @ ITensorMPS ~/.julia/packages/ITensorMPS/fZDBz/src/abstractmps.jl:1246
┌ Warning: norm² is 1.050066093020956e12 + 0.0023672266141101573im, which is not real up to a relative tolerance of 2.220446049250313e-15 and an absolute tolerance of 2.220446049250313e-15. Taking the real part, which may not be accurate.
└ @ ITensorMPS ~/.julia/packages/ITensorMPS/fZDBz/src/abstractmps.jl:1246
┌ Warning: log(norm²) is 0.8642305865825406 - 2.233284036997235e-15im, which is not real up to a relative tolerance of 2.220446049250313e-15 and an absolute tolerance of 2.220446049250313e-15. Taking the real part, which may not be accurate.
└ @ ITensorMPS ~/.julia/packages/ITensorMPS/fZDBz/src/abstractmps.jl:1271
┌ Warning: norm² is 1.2985563107694976e12 - 0.0031970467634170807im, which is not real up to a relative tolerance of 2.220446049250313e-15 and an absolute tolerance of 2.220446049250313e-15. Taking the real part, which may not be accurate.
└ @ ITensorMPS ~/.julia/packages/ITensorMPS/fZDBz/src/abstractmps.jl:1246
┌ Warning: norm² is 1.2689828808343416e12 + 0.002829675214213237im, which is not real up to a relative tolerance of 2.220446049250313e-15 and an absolute tolerance of 2.220446049250313e-15. Taking the real part, which may not be accurate.
└ @ ITensorMPS ~/.julia/packages/ITensorMPS/fZDBz/src/abstractmps.jl:1246
┌ Warning: norm² is 1.6065425878134255e12 + 0.004700351531682803im, which is not real up to a relative tolerance of 2.220446049250313e-15 and an absolute tolerance of 2.220446049250313e-15. Taking the real part, which may not be accurate.
└ @ ITensorMPS ~/.julia/packages/ITensorMPS/fZDBz/src/abstractmps.jl:1246
┌ Warning: log(norm²) is 0.8797549926364528 + 2.8798490493464964e-15im, which is not real up to a relative tolerance of 2.220446049250313e-15 and an absolute tolerance of 2.220446049250313e-15. Taking the real part, which may not be accurate.
└ @ ITensorMPS ~/.julia/packages/ITensorMPS/fZDBz/src/abstractmps.jl:1271
┌ Warning: norm² is 1.2917589686350337e12 - 0.003285592612233354im, which is not real up to a relative tolerance of 2.220446049250313e-15 and an absolute tolerance of 2.220446049250313e-15. Taking the real part, which may not be accurate.
└ @ ITensorMPS ~/.julia/packages/ITensorMPS/fZDBz/src/abstractmps.jl:1246
┌ Warning: norm² is 2.3854022151901226 - 5.854883516164495e-15im, which is not real up to a relative tolerance of 2.220446049250313e-15 and an absolute tolerance of 2.220446049250313e-15. Taking the real part, which may not be accurate.
└ @ ITensorMPS ~/.julia/packages/ITensorMPS/fZDBz/src/abstractmps.jl:1246
┌ Warning: log(norm²) is 0.8716346833315888 - 2.4041922672443066e-15im, which is not real up to a relative tolerance of 2.220446049250313e-15 and an absolute tolerance of 2.220446049250313e-15. Taking the real part, which may not be accurate.
└ @ ITensorMPS ~/.julia/packages/ITensorMPS/fZDBz/src/abstractmps.jl:1271
┌ Warning: log(norm²) is 0.872136457303566 - 2.743873290862132e-15im, which is not real up to a relative tolerance of 2.220446049250313e-15 and an absolute tolerance of 2.220446049250313e-15. Taking the real part, which may not be accurate.
└ @ ITensorMPS ~/.julia/packages/ITensorMPS/fZDBz/src/abstractmps.jl:1271
┌ Warning: norm² is 2.346991312880882 + 5.251555925252135e-15im, which is not real up to a relative tolerance of 2.220446049250313e-15 and an absolute tolerance of 2.220446049250313e-15. Taking the real part, which may not be accurate.
└ @ ITensorMPS ~/.julia/packages/ITensorMPS/fZDBz/src/abstractmps.jl:1246
┌ Warning: norm² is 2.4081658093580933 - 5.390765768621231e-15im, which is not real up to a relative tolerance of 2.220446049250313e-15 and an absolute tolerance of 2.220446049250313e-15. Taking the real part, which may not be accurate.
└ @ ITensorMPS ~/.julia/packages/ITensorMPS/fZDBz/src/abstractmps.jl:1246
┌ Warning: log(norm²) is 0.8788653827828418 + 3.266977810424709e-15im, which is not real up to a relative tolerance of 2.220446049250313e-15 and an absolute tolerance of 2.220446049250313e-15. Taking the real part, which may not be accurate.
└ @ ITensorMPS ~/.julia/packages/ITensorMPS/fZDBz/src/abstractmps.jl:1271
┌ Warning: log(norm²) is 0.889161224282595 - 2.5382044089742348e-15im, which is not real up to a relative tolerance of 2.220446049250313e-15 and an absolute tolerance of 2.220446049250313e-15. Taking the real part, which may not be accurate.
└ @ ITensorMPS ~/.julia/packages/ITensorMPS/fZDBz/src/abstractmps.jl:1271
┌ Warning: norm² is 1.0037396373691573e12 - 0.0027057026423448535im, which is not real up to a relative tolerance of 2.220446049250313e-15 and an absolute tolerance of 2.220446049250313e-15. Taking the real part, which may not be accurate.
└ @ ITensorMPS ~/.julia/packages/ITensorMPS/fZDBz/src/abstractmps.jl:1246
┌ Warning: log(norm²) is 0.8808065689400192 + 2.3628018036241565e-15im, which is not real up to a relative tolerance of 2.220446049250313e-15 and an absolute tolerance of 2.220446049250313e-15. Taking the real part, which may not be accurate.
└ @ ITensorMPS ~/.julia/packages/ITensorMPS/fZDBz/src/abstractmps.jl:1271
┌ Warning: norm² is 9.953019794383135e11 - 0.002335631131559908im, which is not real up to a relative tolerance of 2.220446049250313e-15 and an absolute tolerance of 2.220446049250313e-15. Taking the real part, which may not be accurate.
└ @ ITensorMPS ~/.julia/packages/ITensorMPS/fZDBz/src/abstractmps.jl:1246
┌ Warning: norm² is 9.214549433590692e11 + 0.0022849554059768047im, which is not real up to a relative tolerance of 2.220446049250313e-15 and an absolute tolerance of 2.220446049250313e-15. Taking the real part, which may not be accurate.
└ @ ITensorMPS ~/.julia/packages/ITensorMPS/fZDBz/src/abstractmps.jl:1246
┌ Warning: norm² is 9.213323298717157e11 + 0.0031018780379314793im, which is not real up to a relative tolerance of 2.220446049250313e-15 and an absolute tolerance of 2.220446049250313e-15. Taking the real part, which may not be accurate.
└ @ ITensorMPS ~/.julia/packages/ITensorMPS/fZDBz/src/abstractmps.jl:1246
┌ Warning: norm² is 1.0502965626584434e12 - 0.0025012806029856057im, which is not real up to a relative tolerance of 2.220446049250313e-15 and an absolute tolerance of 2.220446049250313e-15. Taking the real part, which may not be accurate.
└ @ ITensorMPS ~/.julia/packages/ITensorMPS/fZDBz/src/abstractmps.jl:1246
┌ Warning: norm² is 2.3928136129298676 + 5.515704110727068e-15im, which is not real up to a relative tolerance of 2.220446049250313e-15 and an absolute tolerance of 2.220446049250313e-15. Taking the real part, which may not be accurate.
└ @ ITensorMPS ~/.julia/packages/ITensorMPS/fZDBz/src/abstractmps.jl:1246
┌ Warning: log(norm²) is 0.8607516899789291 - 2.3808668024216095e-15im, which is not real up to a relative tolerance of 2.220446049250313e-15 and an absolute tolerance of 2.220446049250313e-15. Taking the real part, which may not be accurate.
└ @ ITensorMPS ~/.julia/packages/ITensorMPS/fZDBz/src/abstractmps.jl:1271
┌ Warning: norm² is 2.4146560752136046 - 7.195927309076679e-15im, which is not real up to a relative tolerance of 2.220446049250313e-15 and an absolute tolerance of 2.220446049250313e-15. Taking the real part, which may not be accurate.
└ @ ITensorMPS ~/.julia/packages/ITensorMPS/fZDBz/src/abstractmps.jl:1246
┌ Warning: norm² is 9.222271294210493e11 - 0.002286294663989618im, which is not real up to a relative tolerance of 2.220446049250313e-15 and an absolute tolerance of 2.220446049250313e-15. Taking the real part, which may not be accurate.
└ @ ITensorMPS ~/.julia/packages/ITensorMPS/fZDBz/src/abstractmps.jl:1246
┌ Warning: norm² is 1.901351206672174e12 - 0.004316750060230479im, which is not real up to a relative tolerance of 2.220446049250313e-15 and an absolute tolerance of 2.220446049250313e-15. Taking the real part, which may not be accurate.
└ @ ITensorMPS ~/.julia/packages/ITensorMPS/fZDBz/src/abstractmps.jl:1246
┌ Warning: norm² is 9.217348790614083e11 - 0.002362762690058398im, which is not real up to a relative tolerance of 2.220446049250313e-15 and an absolute tolerance of 2.220446049250313e-15. Taking the real part, which may not be accurate.
└ @ ITensorMPS ~/.julia/packages/ITensorMPS/fZDBz/src/abstractmps.jl:1246
┌ Warning: norm² is 2.3932163418547665 - 5.891452022068975e-15im, which is not real up to a relative tolerance of 2.220446049250313e-15 and an absolute tolerance of 2.220446049250313e-15. Taking the real part, which may not be accurate.
└ @ ITensorMPS ~/.julia/packages/ITensorMPS/fZDBz/src/abstractmps.jl:1246
┌ Warning: norm² is 2.3744194438516466 + 5.60622824396109e-15im, which is not real up to a relative tolerance of 2.220446049250313e-15 and an absolute tolerance of 2.220446049250313e-15. Taking the real part, which may not be accurate.
└ @ ITensorMPS ~/.julia/packages/ITensorMPS/fZDBz/src/abstractmps.jl:1246
┌ Warning: norm² is 1.3851723489884927e12 + 0.003371546451344979im, which is not real up to a relative tolerance of 2.220446049250313e-15 and an absolute tolerance of 2.220446049250313e-15. Taking the real part, which may not be accurate.
└ @ ITensorMPS ~/.julia/packages/ITensorMPS/fZDBz/src/abstractmps.jl:1246
┌ Warning: norm² is 3.734286707818236e12 + 0.009184113692852911im, which is not real up to a relative tolerance of 2.220446049250313e-15 and an absolute tolerance of 2.220446049250313e-15. Taking the real part, which may not be accurate.
└ @ ITensorMPS ~/.julia/packages/ITensorMPS/fZDBz/src/abstractmps.jl:1246
┌ Warning: log(norm²) is 0.8810913326125568 - 3.255201690267139e-15im, which is not real up to a relative tolerance of 2.220446049250313e-15 and an absolute tolerance of 2.220446049250313e-15. Taking the real part, which may not be accurate.
└ @ ITensorMPS ~/.julia/packages/ITensorMPS/fZDBz/src/abstractmps.jl:1271
┌ Warning: norm² is 1.3457181684962441e12 - 0.0033671746577132694im, which is not real up to a relative tolerance of 2.220446049250313e-15 and an absolute tolerance of 2.220446049250313e-15. Taking the real part, which may not be accurate.
└ @ ITensorMPS ~/.julia/packages/ITensorMPS/fZDBz/src/abstractmps.jl:1246
┌ Warning: norm² is 2.4118856977619014 - 9.989681587127353e-15im, which is not real up to a relative tolerance of 2.220446049250313e-15 and an absolute tolerance of 2.220446049250313e-15. Taking the real part, which may not be accurate.
└ @ ITensorMPS ~/.julia/packages/ITensorMPS/fZDBz/src/abstractmps.jl:1246
┌ Warning: norm² is 2.3889562118631242 - 5.442921157339429e-15im, which is not real up to a relative tolerance of 2.220446049250313e-15 and an absolute tolerance of 2.220446049250313e-15. Taking the real part, which may not be accurate.
└ @ ITensorMPS ~/.julia/packages/ITensorMPS/fZDBz/src/abstractmps.jl:1246
┌ Warning: log(norm²) is 0.8790809366757272 + 2.5964429242985953e-15im, which is not real up to a relative tolerance of 2.220446049250313e-15 and an absolute tolerance of 2.220446049250313e-15. Taking the real part, which may not be accurate.
└ @ ITensorMPS ~/.julia/packages/ITensorMPS/fZDBz/src/abstractmps.jl:1271
┌ Warning: norm² is 2.362832450396862 - 6.589489966161632e-15im, which is not real up to a relative tolerance of 2.220446049250313e-15 and an absolute tolerance of 2.220446049250313e-15. Taking the real part, which may not be accurate.
└ @ ITensorMPS ~/.julia/packages/ITensorMPS/fZDBz/src/abstractmps.jl:1246
┌ Warning: log(norm²) is 0.8712369804490645 - 3.3131401277815902e-15im, which is not real up to a relative tolerance of 2.220446049250313e-15 and an absolute tolerance of 2.220446049250313e-15. Taking the real part, which may not be accurate.
└ @ ITensorMPS ~/.julia/packages/ITensorMPS/fZDBz/src/abstractmps.jl:1271
┌ Warning: log(norm²) is 0.8721489637463882 - 2.490954468367443e-15im, which is not real up to a relative tolerance of 2.220446049250313e-15 and an absolute tolerance of 2.220446049250313e-15. Taking the real part, which may not be accurate.
└ @ ITensorMPS ~/.julia/packages/ITensorMPS/fZDBz/src/abstractmps.jl:1271
┌ Warning: norm² is 9.21528455599343e11 + 0.0024107364091914586im, which is not real up to a relative tolerance of 2.220446049250313e-15 and an absolute tolerance of 2.220446049250313e-15. Taking the real part, which may not be accurate.
└ @ ITensorMPS ~/.julia/packages/ITensorMPS/fZDBz/src/abstractmps.jl:1246
┌ Warning: norm² is 2.3795102765197744 - 5.853727361702582e-15im, which is not real up to a relative tolerance of 2.220446049250313e-15 and an absolute tolerance of 2.220446049250313e-15. Taking the real part, which may not be accurate.
└ @ ITensorMPS ~/.julia/packages/ITensorMPS/fZDBz/src/abstractmps.jl:1246
┌ Warning: log(norm²) is 0.8668947003424639 - 2.825564391871555e-15im, which is not real up to a relative tolerance of 2.220446049250313e-15 and an absolute tolerance of 2.220446049250313e-15. Taking the real part, which may not be accurate.
└ @ ITensorMPS ~/.julia/packages/ITensorMPS/fZDBz/src/abstractmps.jl:1271
┌ Warning: log(norm²) is 0.8725698026528446 - 2.9470245570604785e-15im, which is not real up to a relative tolerance of 2.220446049250313e-15 and an absolute tolerance of 2.220446049250313e-15. Taking the real part, which may not be accurate.
└ @ ITensorMPS ~/.julia/packages/ITensorMPS/fZDBz/src/abstractmps.jl:1271
┌ Warning: norm² is 9.945046537418385e11 - 0.003945049542157565im, which is not real up to a relative tolerance of 2.220446049250313e-15 and an absolute tolerance of 2.220446049250313e-15. Taking the real part, which may not be accurate.
└ @ ITensorMPS ~/.julia/packages/ITensorMPS/fZDBz/src/abstractmps.jl:1246
┌ Warning: norm² is 1.7531219236433938e12 + 0.004390967454273745im, which is not real up to a relative tolerance of 2.220446049250313e-15 and an absolute tolerance of 2.220446049250313e-15. Taking the real part, which may not be accurate.
└ @ ITensorMPS ~/.julia/packages/ITensorMPS/fZDBz/src/abstractmps.jl:1246
┌ Warning: norm² is 9.21134369995587e11 - 0.0025446186294599744im, which is not real up to a relative tolerance of 2.220446049250313e-15 and an absolute tolerance of 2.220446049250313e-15. Taking the real part, which may not be accurate.
└ @ ITensorMPS ~/.julia/packages/ITensorMPS/fZDBz/src/abstractmps.jl:1246
┌ Warning: norm² is 1.6223598100064019e12 - 0.006930934490003316im, which is not real up to a relative tolerance of 2.220446049250313e-15 and an absolute tolerance of 2.220446049250313e-15. Taking the real part, which may not be accurate.
└ @ ITensorMPS ~/.julia/packages/ITensorMPS/fZDBz/src/abstractmps.jl:1246
┌ Warning: log(norm²) is 0.9095195265774967 - 4.140068623571343e-15im, which is not real up to a relative tolerance of 2.220446049250313e-15 and an absolute tolerance of 2.220446049250313e-15. Taking the real part, which may not be accurate.
└ @ ITensorMPS ~/.julia/packages/ITensorMPS/fZDBz/src/abstractmps.jl:1271
┌ Warning: norm² is 2.408831927972444 - 5.537725060107522e-15im, which is not real up to a relative tolerance of 2.220446049250313e-15 and an absolute tolerance of 2.220446049250313e-15. Taking the real part, which may not be accurate.
└ @ ITensorMPS ~/.julia/packages/ITensorMPS/fZDBz/src/abstractmps.jl:1246
┌ Warning: log(norm²) is 0.15251529790726925 - 2.436421918510471e-15im, which is not real up to a relative tolerance of 2.220446049250313e-15 and an absolute tolerance of 2.220446049250313e-15. Taking the real part, which may not be accurate.
└ @ ITensorMPS ~/.julia/packages/ITensorMPS/fZDBz/src/abstractmps.jl:1271
┌ Warning: norm² is 1.3407336275818594e12 + 0.0034847085441720993im, which is not real up to a relative tolerance of 2.220446049250313e-15 and an absolute tolerance of 2.220446049250313e-15. Taking the real part, which may not be accurate.
└ @ ITensorMPS ~/.julia/packages/ITensorMPS/fZDBz/src/abstractmps.jl:1246
┌ Warning: log(norm²) is 0.8714143446299181 + 2.577681175739011e-15im, which is not real up to a relative tolerance of 2.220446049250313e-15 and an absolute tolerance of 2.220446049250313e-15. Taking the real part, which may not be accurate.
└ @ ITensorMPS ~/.julia/packages/ITensorMPS/fZDBz/src/abstractmps.jl:1271
┌ Warning: log(norm²) is 0.8692495363058327 + 3.5402448828936653e-15im, which is not real up to a relative tolerance of 2.220446049250313e-15 and an absolute tolerance of 2.220446049250313e-15. Taking the real part, which may not be accurate.
└ @ ITensorMPS ~/.julia/packages/ITensorMPS/fZDBz/src/abstractmps.jl:1271
┌ Warning: norm² is 2.3910467638636264 - 7.093807813565328e-15im, which is not real up to a relative tolerance of 2.220446049250313e-15 and an absolute tolerance of 2.220446049250313e-15. Taking the real part, which may not be accurate.
└ @ ITensorMPS ~/.julia/packages/ITensorMPS/fZDBz/src/abstractmps.jl:1246
┌ Warning: norm² is 9.217976875605991e11 + 0.0024497690089267206im, which is not real up to a relative tolerance of 2.220446049250313e-15 and an absolute tolerance of 2.220446049250313e-15. Taking the real part, which may not be accurate.
└ @ ITensorMPS ~/.julia/packages/ITensorMPS/fZDBz/src/abstractmps.jl:1246
┌ Warning: norm² is 2.4115842379333507 + 7.28430404263098e-15im, which is not real up to a relative tolerance of 2.220446049250313e-15 and an absolute tolerance of 2.220446049250313e-15. Taking the real part, which may not be accurate.
└ @ ITensorMPS ~/.julia/packages/ITensorMPS/fZDBz/src/abstractmps.jl:1246
┌ Warning: norm² is 1.2953954342393167e12 + 0.004060688077501694im, which is not real up to a relative tolerance of 2.220446049250313e-15 and an absolute tolerance of 2.220446049250313e-15. Taking the real part, which may not be accurate.
└ @ ITensorMPS ~/.julia/packages/ITensorMPS/fZDBz/src/abstractmps.jl:1246
┌ Warning: log(norm²) is 0.8717533236258764 - 3.1319346740816692e-15im, which is not real up to a relative tolerance of 2.220446049250313e-15 and an absolute tolerance of 2.220446049250313e-15. Taking the real part, which may not be accurate.
└ @ ITensorMPS ~/.julia/packages/ITensorMPS/fZDBz/src/abstractmps.jl:1271
┌ Warning: norm² is 9.216685639379336e11 + 0.002645577332258181im, which is not real up to a relative tolerance of 2.220446049250313e-15 and an absolute tolerance of 2.220446049250313e-15. Taking the real part, which may not be accurate.
└ @ ITensorMPS ~/.julia/packages/ITensorMPS/fZDBz/src/abstractmps.jl:1246
┌ Warning: norm² is 2.3925538555435093 + 6.39031813308479e-15im, which is not real up to a relative tolerance of 2.220446049250313e-15 and an absolute tolerance of 2.220446049250313e-15. Taking the real part, which may not be accurate.
└ @ ITensorMPS ~/.julia/packages/ITensorMPS/fZDBz/src/abstractmps.jl:1246
┌ Warning: norm² is 2.392117610416388 + 6.87784469490626e-15im, which is not real up to a relative tolerance of 2.220446049250313e-15 and an absolute tolerance of 2.220446049250313e-15. Taking the real part, which may not be accurate.
└ @ ITensorMPS ~/.julia/packages/ITensorMPS/fZDBz/src/abstractmps.jl:1246
┌ Warning: norm² is 9.947686835745082e11 - 0.002619995354264825im, which is not real up to a relative tolerance of 2.220446049250313e-15 and an absolute tolerance of 2.220446049250313e-15. Taking the real part, which may not be accurate.
└ @ ITensorMPS ~/.julia/packages/ITensorMPS/fZDBz/src/abstractmps.jl:1246
┌ Warning: norm² is 1.2933186263619236e12 - 0.004231192598355765im, which is not real up to a relative tolerance of 2.220446049250313e-15 and an absolute tolerance of 2.220446049250313e-15. Taking the real part, which may not be accurate.
└ @ ITensorMPS ~/.julia/packages/ITensorMPS/fZDBz/src/abstractmps.jl:1246
┌ Warning: log(norm²) is 0.8586875233041303 - 2.3890235690457983e-15im, which is not real up to a relative tolerance of 2.220446049250313e-15 and an absolute tolerance of 2.220446049250313e-15. Taking the real part, which may not be accurate.
└ @ ITensorMPS ~/.julia/packages/ITensorMPS/fZDBz/src/abstractmps.jl:1271
┌ Warning: norm² is 9.94643059876781e11 + 0.003187949808725882im, which is not real up to a relative tolerance of 2.220446049250313e-15 and an absolute tolerance of 2.220446049250313e-15. Taking the real part, which may not be accurate.
└ @ ITensorMPS ~/.julia/packages/ITensorMPS/fZDBz/src/abstractmps.jl:1246
┌ Warning: norm² is 2.381106257260042 - 8.732669625631091e-15im, which is not real up to a relative tolerance of 2.220446049250313e-15 and an absolute tolerance of 2.220446049250313e-15. Taking the real part, which may not be accurate.
└ @ ITensorMPS ~/.julia/packages/ITensorMPS/fZDBz/src/abstractmps.jl:1246
┌ Warning: norm² is 2.3900164897449447 - 6.901948706743316e-15im, which is not real up to a relative tolerance of 2.220446049250313e-15 and an absolute tolerance of 2.220446049250313e-15. Taking the real part, which may not be accurate.
└ @ ITensorMPS ~/.julia/packages/ITensorMPS/fZDBz/src/abstractmps.jl:1246
┌ Warning: norm² is 9.951635652529774e11 + 0.0026418705822402826im, which is not real up to a relative tolerance of 2.220446049250313e-15 and an absolute tolerance of 2.220446049250313e-15. Taking the real part, which may not be accurate.
└ @ ITensorMPS ~/.julia/packages/ITensorMPS/fZDBz/src/abstractmps.jl:1246
┌ Warning: norm² is 2.3846756941662695 + 5.621597173266408e-15im, which is not real up to a relative tolerance of 2.220446049250313e-15 and an absolute tolerance of 2.220446049250313e-15. Taking the real part, which may not be accurate.
└ @ ITensorMPS ~/.julia/packages/ITensorMPS/fZDBz/src/abstractmps.jl:1246
┌ Warning: norm² is 9.218198243443688e11 - 0.0023562656628570923im, which is not real up to a relative tolerance of 2.220446049250313e-15 and an absolute tolerance of 2.220446049250313e-15. Taking the real part, which may not be accurate.
└ @ ITensorMPS ~/.julia/packages/ITensorMPS/fZDBz/src/abstractmps.jl:1246
┌ Warning: log(norm²) is 0.8796280970647148 - 2.6347678505370407e-15im, which is not real up to a relative tolerance of 2.220446049250313e-15 and an absolute tolerance of 2.220446049250313e-15. Taking the real part, which may not be accurate.
└ @ ITensorMPS ~/.julia/packages/ITensorMPS/fZDBz/src/abstractmps.jl:1271
┌ Warning: norm² is 9.94529101080204e11 + 0.0024436295558785096im, which is not real up to a relative tolerance of 2.220446049250313e-15 and an absolute tolerance of 2.220446049250313e-15. Taking the real part, which may not be accurate.
└ @ ITensorMPS ~/.julia/packages/ITensorMPS/fZDBz/src/abstractmps.jl:1246
┌ Warning: norm² is 2.4092622552577363 - 6.167794107418464e-15im, which is not real up to a relative tolerance of 2.220446049250313e-15 and an absolute tolerance of 2.220446049250313e-15. Taking the real part, which may not be accurate.
└ @ ITensorMPS ~/.julia/packages/ITensorMPS/fZDBz/src/abstractmps.jl:1246
┌ Warning: norm² is 2.5297188155735157 + 5.8337177622471035e-15im, which is not real up to a relative tolerance of 2.220446049250313e-15 and an absolute tolerance of 2.220446049250313e-15. Taking the real part, which may not be accurate.
└ @ ITensorMPS ~/.julia/packages/ITensorMPS/fZDBz/src/abstractmps.jl:1246
┌ Warning: norm² is 1.373652368268056 - 3.301432500726989e-15im, which is not real up to a relative tolerance of 2.220446049250313e-15 and an absolute tolerance of 2.220446049250313e-15. Taking the real part, which may not be accurate.
└ @ ITensorMPS ~/.julia/packages/ITensorMPS/fZDBz/src/abstractmps.jl:1246
┌ Warning: norm² is 9.211996568349574e11 - 0.003867027220378636im, which is not real up to a relative tolerance of 2.220446049250313e-15 and an absolute tolerance of 2.220446049250313e-15. Taking the real part, which may not be accurate.
└ @ ITensorMPS ~/.julia/packages/ITensorMPS/fZDBz/src/abstractmps.jl:1246
┌ Warning: norm² is 9.209382097095267e11 - 0.0021163751472388494im, which is not real up to a relative tolerance of 2.220446049250313e-15 and an absolute tolerance of 2.220446049250313e-15. Taking the real part, which may not be accurate.
└ @ ITensorMPS ~/.julia/packages/ITensorMPS/fZDBz/src/abstractmps.jl:1246
┌ Warning: norm² is 2.384820131035983 - 5.850440850874199e-15im, which is not real up to a relative tolerance of 2.220446049250313e-15 and an absolute tolerance of 2.220446049250313e-15. Taking the real part, which may not be accurate.
└ @ ITensorMPS ~/.julia/packages/ITensorMPS/fZDBz/src/abstractmps.jl:1246
┌ Warning: norm² is 2.392219893364989 + 5.3510444204522716e-15im, which is not real up to a relative tolerance of 2.220446049250313e-15 and an absolute tolerance of 2.220446049250313e-15. Taking the real part, which may not be accurate.
└ @ ITensorMPS ~/.julia/packages/ITensorMPS/fZDBz/src/abstractmps.jl:1246
┌ Warning: norm² is 1.2997665189317327e12 - 0.004088725898189913im, which is not real up to a relative tolerance of 2.220446049250313e-15 and an absolute tolerance of 2.220446049250313e-15. Taking the real part, which may not be accurate.
└ @ ITensorMPS ~/.julia/packages/ITensorMPS/fZDBz/src/abstractmps.jl:1246
┌ Warning: log(norm²) is 0.8590134058688583 + 2.7754215747322552e-15im, which is not real up to a relative tolerance of 2.220446049250313e-15 and an absolute tolerance of 2.220446049250313e-15. Taking the real part, which may not be accurate.
└ @ ITensorMPS ~/.julia/packages/ITensorMPS/fZDBz/src/abstractmps.jl:1271
┌ Warning: norm² is 2.3928244700659547 - 5.9236574788946664e-15im, which is not real up to a relative tolerance of 2.220446049250313e-15 and an absolute tolerance of 2.220446049250313e-15. Taking the real part, which may not be accurate.
└ @ ITensorMPS ~/.julia/packages/ITensorMPS/fZDBz/src/abstractmps.jl:1246
┌ Warning: norm² is 2.38424331226388 + 6.109802558306609e-15im, which is not real up to a relative tolerance of 2.220446049250313e-15 and an absolute tolerance of 2.220446049250313e-15. Taking the real part, which may not be accurate.
└ @ ITensorMPS ~/.julia/packages/ITensorMPS/fZDBz/src/abstractmps.jl:1246
┌ Warning: log(norm²) is 0.8688818045086579 + 3.593139283479977e-15im, which is not real up to a relative tolerance of 2.220446049250313e-15 and an absolute tolerance of 2.220446049250313e-15. Taking the real part, which may not be accurate.
└ @ ITensorMPS ~/.julia/packages/ITensorMPS/fZDBz/src/abstractmps.jl:1271
┌ Warning: norm² is 2.391159774766228 - 5.6776821253878206e-15im, which is not real up to a relative tolerance of 2.220446049250313e-15 and an absolute tolerance of 2.220446049250313e-15. Taking the real part, which may not be accurate.
└ @ ITensorMPS ~/.julia/packages/ITensorMPS/fZDBz/src/abstractmps.jl:1246
┌ Warning: norm² is 9.21914810549326e11 - 0.0021004175780576706im, which is not real up to a relative tolerance of 2.220446049250313e-15 and an absolute tolerance of 2.220446049250313e-15. Taking the real part, which may not be accurate.
└ @ ITensorMPS ~/.julia/packages/ITensorMPS/fZDBz/src/abstractmps.jl:1246
┌ Warning: log(norm²) is 0.8717636909176465 + 2.6213978563479846e-15im, which is not real up to a relative tolerance of 2.220446049250313e-15 and an absolute tolerance of 2.220446049250313e-15. Taking the real part, which may not be accurate.
└ @ ITensorMPS ~/.julia/packages/ITensorMPS/fZDBz/src/abstractmps.jl:1271
┌ Warning: norm² is 4.617324877537171e12 - 0.010630710163079775im, which is not real up to a relative tolerance of 2.220446049250313e-15 and an absolute tolerance of 2.220446049250313e-15. Taking the real part, which may not be accurate.
└ @ ITensorMPS ~/.julia/packages/ITensorMPS/fZDBz/src/abstractmps.jl:1246
┌ Warning: norm² is 1.2962620429333594e12 - 0.004608637806161629im, which is not real up to a relative tolerance of 2.220446049250313e-15 and an absolute tolerance of 2.220446049250313e-15. Taking the real part, which may not be accurate.
└ @ ITensorMPS ~/.julia/packages/ITensorMPS/fZDBz/src/abstractmps.jl:1246
┌ Warning: norm² is 9.464351596635411e11 + 0.00228735158591481im, which is not real up to a relative tolerance of 2.220446049250313e-15 and an absolute tolerance of 2.220446049250313e-15. Taking the real part, which may not be accurate.
└ @ ITensorMPS ~/.julia/packages/ITensorMPS/fZDBz/src/abstractmps.jl:1246
┌ Warning: norm² is 2.384904976538791 + 7.82761927096386e-15im, which is not real up to a relative tolerance of 2.220446049250313e-15 and an absolute tolerance of 2.220446049250313e-15. Taking the real part, which may not be accurate.
└ @ ITensorMPS ~/.julia/packages/ITensorMPS/fZDBz/src/abstractmps.jl:1246
┌ Warning: norm² is 2.3835842853642877 + 5.7529149637709e-15im, which is not real up to a relative tolerance of 2.220446049250313e-15 and an absolute tolerance of 2.220446049250313e-15. Taking the real part, which may not be accurate.
└ @ ITensorMPS ~/.julia/packages/ITensorMPS/fZDBz/src/abstractmps.jl:1246
┌ Warning: norm² is 2.4104252698688184 - 6.6009540630693e-15im, which is not real up to a relative tolerance of 2.220446049250313e-15 and an absolute tolerance of 2.220446049250313e-15. Taking the real part, which may not be accurate.
└ @ ITensorMPS ~/.julia/packages/ITensorMPS/fZDBz/src/abstractmps.jl:1246
┌ Warning: log(norm²) is 0.8662158059087384 + 2.6165421370683035e-15im, which is not real up to a relative tolerance of 2.220446049250313e-15 and an absolute tolerance of 2.220446049250313e-15. Taking the real part, which may not be accurate.
└ @ ITensorMPS ~/.julia/packages/ITensorMPS/fZDBz/src/abstractmps.jl:1271
┌ Warning: norm² is 1.2990544690141558e12 - 0.003037441682564665im, which is not real up to a relative tolerance of 2.220446049250313e-15 and an absolute tolerance of 2.220446049250313e-15. Taking the real part, which may not be accurate.
└ @ ITensorMPS ~/.julia/packages/ITensorMPS/fZDBz/src/abstractmps.jl:1246
┌ Warning: norm² is 1.304980585402594e12 + 0.0039051711679405584im, which is not real up to a relative tolerance of 2.220446049250313e-15 and an absolute tolerance of 2.220446049250313e-15. Taking the real part, which may not be accurate.
└ @ ITensorMPS ~/.julia/packages/ITensorMPS/fZDBz/src/abstractmps.jl:1246
┌ Warning: norm² is 2.5415324953038483 - 5.856459870719701e-15im, which is not real up to a relative tolerance of 2.220446049250313e-15 and an absolute tolerance of 2.220446049250313e-15. Taking the real part, which may not be accurate.
└ @ ITensorMPS ~/.julia/packages/ITensorMPS/fZDBz/src/abstractmps.jl:1246
┌ Warning: norm² is 9.212377849469336e11 - 0.0022330216529010995im, which is not real up to a relative tolerance of 2.220446049250313e-15 and an absolute tolerance of 2.220446049250313e-15. Taking the real part, which may not be accurate.
└ @ ITensorMPS ~/.julia/packages/ITensorMPS/fZDBz/src/abstractmps.jl:1246
┌ Warning: norm² is 2.390914237147984 - 5.537436396561187e-15im, which is not real up to a relative tolerance of 2.220446049250313e-15 and an absolute tolerance of 2.220446049250313e-15. Taking the real part, which may not be accurate.
└ @ ITensorMPS ~/.julia/packages/ITensorMPS/fZDBz/src/abstractmps.jl:1246
┌ Warning: norm² is 2.3092274097270997 - 6.623944490113068e-15im, which is not real up to a relative tolerance of 2.220446049250313e-15 and an absolute tolerance of 2.220446049250313e-15. Taking the real part, which may not be accurate.
└ @ ITensorMPS ~/.julia/packages/ITensorMPS/fZDBz/src/abstractmps.jl:1246
┌ Warning: log(norm²) is 0.8803909491736838 + 2.3746389361693534e-15im, which is not real up to a relative tolerance of 2.220446049250313e-15 and an absolute tolerance of 2.220446049250313e-15. Taking the real part, which may not be accurate.
└ @ ITensorMPS ~/.julia/packages/ITensorMPS/fZDBz/src/abstractmps.jl:1271
┌ Warning: norm² is 1.2867549178258865e12 + 0.003181845601655671im, which is not real up to a relative tolerance of 2.220446049250313e-15 and an absolute tolerance of 2.220446049250313e-15. Taking the real part, which may not be accurate.
└ @ ITensorMPS ~/.julia/packages/ITensorMPS/fZDBz/src/abstractmps.jl:1246
┌ Warning: log(norm²) is 0.8807111515879577 + 2.640915318533871e-15im, which is not real up to a relative tolerance of 2.220446049250313e-15 and an absolute tolerance of 2.220446049250313e-15. Taking the real part, which may not be accurate.
└ @ ITensorMPS ~/.julia/packages/ITensorMPS/fZDBz/src/abstractmps.jl:1271
┌ Warning: norm² is 9.212883060750881e11 + 0.00370949002092108im, which is not real up to a relative tolerance of 2.220446049250313e-15 and an absolute tolerance of 2.220446049250313e-15. Taking the real part, which may not be accurate.
└ @ ITensorMPS ~/.julia/packages/ITensorMPS/fZDBz/src/abstractmps.jl:1246
┌ Warning: norm² is 1.0520611763066194e12 + 0.002893457486900382im, which is not real up to a relative tolerance of 2.220446049250313e-15 and an absolute tolerance of 2.220446049250313e-15. Taking the real part, which may not be accurate.
└ @ ITensorMPS ~/.julia/packages/ITensorMPS/fZDBz/src/abstractmps.jl:1246
┌ Warning: log(norm²) is 0.8809977938195397 - 2.5011642495556467e-15im, which is not real up to a relative tolerance of 2.220446049250313e-15 and an absolute tolerance of 2.220446049250313e-15. Taking the real part, which may not be accurate.
└ @ ITensorMPS ~/.julia/packages/ITensorMPS/fZDBz/src/abstractmps.jl:1271
┌ Warning: log(norm²) is 0.8708554645730454 - 2.9678786308009848e-15im, which is not real up to a relative tolerance of 2.220446049250313e-15 and an absolute tolerance of 2.220446049250313e-15. Taking the real part, which may not be accurate.
└ @ ITensorMPS ~/.julia/packages/ITensorMPS/fZDBz/src/abstractmps.jl:1271
┌ Warning: norm² is 2.361216439083937 + 6.080115889263078e-15im, which is not real up to a relative tolerance of 2.220446049250313e-15 and an absolute tolerance of 2.220446049250313e-15. Taking the real part, which may not be accurate.
└ @ ITensorMPS ~/.julia/packages/ITensorMPS/fZDBz/src/abstractmps.jl:1246
┌ Warning: norm² is 9.94930443194401e11 + 0.0031720895086543932im, which is not real up to a relative tolerance of 2.220446049250313e-15 and an absolute tolerance of 2.220446049250313e-15. Taking the real part, which may not be accurate.
└ @ ITensorMPS ~/.julia/packages/ITensorMPS/fZDBz/src/abstractmps.jl:1246
┌ Warning: norm² is 9.937512870684482e11 + 0.0028113061170541753im, which is not real up to a relative tolerance of 2.220446049250313e-15 and an absolute tolerance of 2.220446049250313e-15. Taking the real part, which may not be accurate.
└ @ ITensorMPS ~/.julia/packages/ITensorMPS/fZDBz/src/abstractmps.jl:1246
┌ Warning: log(norm²) is 0.8658125225405996 - 2.355964651561003e-15im, which is not real up to a relative tolerance of 2.220446049250313e-15 and an absolute tolerance of 2.220446049250313e-15. Taking the real part, which may not be accurate.
└ @ ITensorMPS ~/.julia/packages/ITensorMPS/fZDBz/src/abstractmps.jl:1271
┌ Warning: norm² is 1.291864666901317e12 - 0.003162574883308574im, which is not real up to a relative tolerance of 2.220446049250313e-15 and an absolute tolerance of 2.220446049250313e-15. Taking the real part, which may not be accurate.
└ @ ITensorMPS ~/.julia/packages/ITensorMPS/fZDBz/src/abstractmps.jl:1246
┌ Warning: norm² is 1.772592614325443e12 + 0.006606030735935034im, which is not real up to a relative tolerance of 2.220446049250313e-15 and an absolute tolerance of 2.220446049250313e-15. Taking the real part, which may not be accurate.
└ @ ITensorMPS ~/.julia/packages/ITensorMPS/fZDBz/src/abstractmps.jl:1246
┌ Warning: norm² is 2.4110416635323815 + 7.744580976610491e-15im, which is not real up to a relative tolerance of 2.220446049250313e-15 and an absolute tolerance of 2.220446049250313e-15. Taking the real part, which may not be accurate.
└ @ ITensorMPS ~/.julia/packages/ITensorMPS/fZDBz/src/abstractmps.jl:1246
┌ Warning: log(norm²) is 0.8800588796521297 - 2.3015808155958105e-15im, which is not real up to a relative tolerance of 2.220446049250313e-15 and an absolute tolerance of 2.220446049250313e-15. Taking the real part, which may not be accurate.
└ @ ITensorMPS ~/.julia/packages/ITensorMPS/fZDBz/src/abstractmps.jl:1271
┌ Warning: norm² is 1.29713277826591e12 + 0.0029800504723573743im, which is not real up to a relative tolerance of 2.220446049250313e-15 and an absolute tolerance of 2.220446049250313e-15. Taking the real part, which may not be accurate.
└ @ ITensorMPS ~/.julia/packages/ITensorMPS/fZDBz/src/abstractmps.jl:1246
┌ Warning: norm² is 9.94989845086982e11 + 0.0023182713462766248im, which is not real up to a relative tolerance of 2.220446049250313e-15 and an absolute tolerance of 2.220446049250313e-15. Taking the real part, which may not be accurate.
└ @ ITensorMPS ~/.julia/packages/ITensorMPS/fZDBz/src/abstractmps.jl:1246
┌ Warning: norm² is 3.34427345492312e12 + 0.010628676417240763im, which is not real up to a relative tolerance of 2.220446049250313e-15 and an absolute tolerance of 2.220446049250313e-15. Taking the real part, which may not be accurate.
└ @ ITensorMPS ~/.julia/packages/ITensorMPS/fZDBz/src/abstractmps.jl:1246
┌ Warning: norm² is 1.6414211672731543e12 + 0.007023619720628792im, which is not real up to a relative tolerance of 2.220446049250313e-15 and an absolute tolerance of 2.220446049250313e-15. Taking the real part, which may not be accurate.
└ @ ITensorMPS ~/.julia/packages/ITensorMPS/fZDBz/src/abstractmps.jl:1246
┌ Warning: log(norm²) is 0.6017047002018978 - 3.4332669161919965e-15im, which is not real up to a relative tolerance of 2.220446049250313e-15 and an absolute tolerance of 2.220446049250313e-15. Taking the real part, which may not be accurate.
└ @ ITensorMPS ~/.julia/packages/ITensorMPS/fZDBz/src/abstractmps.jl:1271
┌ Warning: norm² is 2.3177320698643267 + 8.893748623858247e-15im, which is not real up to a relative tolerance of 2.220446049250313e-15 and an absolute tolerance of 2.220446049250313e-15. Taking the real part, which may not be accurate.
└ @ ITensorMPS ~/.julia/packages/ITensorMPS/fZDBz/src/abstractmps.jl:1246
┌ Warning: norm² is 9.212860337847908e11 + 0.002324501494629859im, which is not real up to a relative tolerance of 2.220446049250313e-15 and an absolute tolerance of 2.220446049250313e-15. Taking the real part, which may not be accurate.
└ @ ITensorMPS ~/.julia/packages/ITensorMPS/fZDBz/src/abstractmps.jl:1246
┌ Warning: norm² is 9.444995081664165e11 - 0.002340830473136555im, which is not real up to a relative tolerance of 2.220446049250313e-15 and an absolute tolerance of 2.220446049250313e-15. Taking the real part, which may not be accurate.
└ @ ITensorMPS ~/.julia/packages/ITensorMPS/fZDBz/src/abstractmps.jl:1246
┌ Warning: norm² is 1.309751805438388e12 - 0.0036297806875955846im, which is not real up to a relative tolerance of 2.220446049250313e-15 and an absolute tolerance of 2.220446049250313e-15. Taking the real part, which may not be accurate.
└ @ ITensorMPS ~/.julia/packages/ITensorMPS/fZDBz/src/abstractmps.jl:1246
┌ Warning: norm² is 2.3916867368090458 + 5.7588627859109775e-15im, which is not real up to a relative tolerance of 2.220446049250313e-15 and an absolute tolerance of 2.220446049250313e-15. Taking the real part, which may not be accurate.
└ @ ITensorMPS ~/.julia/packages/ITensorMPS/fZDBz/src/abstractmps.jl:1246
┌ Warning: norm² is 2.382376682834213 + 7.15773229508277e-15im, which is not real up to a relative tolerance of 2.220446049250313e-15 and an absolute tolerance of 2.220446049250313e-15. Taking the real part, which may not be accurate.
└ @ ITensorMPS ~/.julia/packages/ITensorMPS/fZDBz/src/abstractmps.jl:1246
┌ Warning: norm² is 1.731184757821196e12 - 0.0038921760211971623im, which is not real up to a relative tolerance of 2.220446049250313e-15 and an absolute tolerance of 2.220446049250313e-15. Taking the real part, which may not be accurate.
└ @ ITensorMPS ~/.julia/packages/ITensorMPS/fZDBz/src/abstractmps.jl:1246
┌ Warning: log(norm²) is 0.8717630957079863 - 2.6493935574777293e-15im, which is not real up to a relative tolerance of 2.220446049250313e-15 and an absolute tolerance of 2.220446049250313e-15. Taking the real part, which may not be accurate.
└ @ ITensorMPS ~/.julia/packages/ITensorMPS/fZDBz/src/abstractmps.jl:1271
┌ Warning: norm² is 1.2953191092592295e12 + 0.0033464092392742157im, which is not real up to a relative tolerance of 2.220446049250313e-15 and an absolute tolerance of 2.220446049250313e-15. Taking the real part, which may not be accurate.
└ @ ITensorMPS ~/.julia/packages/ITensorMPS/fZDBz/src/abstractmps.jl:1246
┌ Warning: norm² is 9.951423264554001e11 - 0.0026599601584808407im, which is not real up to a relative tolerance of 2.220446049250313e-15 and an absolute tolerance of 2.220446049250313e-15. Taking the real part, which may not be accurate.
└ @ ITensorMPS ~/.julia/packages/ITensorMPS/fZDBz/src/abstractmps.jl:1246
┌ Warning: norm² is 9.946890967959047e11 + 0.002519956025985544im, which is not real up to a relative tolerance of 2.220446049250313e-15 and an absolute tolerance of 2.220446049250313e-15. Taking the real part, which may not be accurate.
└ @ ITensorMPS ~/.julia/packages/ITensorMPS/fZDBz/src/abstractmps.jl:1246
┌ Warning: log(norm²) is 0.8722703867496323 - 2.454558415979384e-15im, which is not real up to a relative tolerance of 2.220446049250313e-15 and an absolute tolerance of 2.220446049250313e-15. Taking the real part, which may not be accurate.
└ @ ITensorMPS ~/.julia/packages/ITensorMPS/fZDBz/src/abstractmps.jl:1271
┌ Warning: norm² is 1.309289564358946e12 - 0.0030638793031281747im, which is not real up to a relative tolerance of 2.220446049250313e-15 and an absolute tolerance of 2.220446049250313e-15. Taking the real part, which may not be accurate.
└ @ ITensorMPS ~/.julia/packages/ITensorMPS/fZDBz/src/abstractmps.jl:1246
┌ Warning: norm² is 9.948986461027513e11 + 0.0025167153263519213im, which is not real up to a relative tolerance of 2.220446049250313e-15 and an absolute tolerance of 2.220446049250313e-15. Taking the real part, which may not be accurate.
└ @ ITensorMPS ~/.julia/packages/ITensorMPS/fZDBz/src/abstractmps.jl:1246
┌ Warning: norm² is 1.3014120496162588e12 + 0.003948754663469377im, which is not real up to a relative tolerance of 2.220446049250313e-15 and an absolute tolerance of 2.220446049250313e-15. Taking the real part, which may not be accurate.
└ @ ITensorMPS ~/.julia/packages/ITensorMPS/fZDBz/src/abstractmps.jl:1246
┌ Warning: log(norm²) is 0.8720282688487585 - 2.298324225911925e-15im, which is not real up to a relative tolerance of 2.220446049250313e-15 and an absolute tolerance of 2.220446049250313e-15. Taking the real part, which may not be accurate.
└ @ ITensorMPS ~/.julia/packages/ITensorMPS/fZDBz/src/abstractmps.jl:1271
┌ Warning: norm² is 2.391132463524258 + 5.8950420994767754e-15im, which is not real up to a relative tolerance of 2.220446049250313e-15 and an absolute tolerance of 2.220446049250313e-15. Taking the real part, which may not be accurate.
└ @ ITensorMPS ~/.julia/packages/ITensorMPS/fZDBz/src/abstractmps.jl:1246
┌ Warning: norm² is 9.215608204368264e11 - 0.002491012102485078im, which is not real up to a relative tolerance of 2.220446049250313e-15 and an absolute tolerance of 2.220446049250313e-15. Taking the real part, which may not be accurate.
└ @ ITensorMPS ~/.julia/packages/ITensorMPS/fZDBz/src/abstractmps.jl:1246
┌ Warning: norm² is 2.3741995014753794 - 6.144857319134161e-15im, which is not real up to a relative tolerance of 2.220446049250313e-15 and an absolute tolerance of 2.220446049250313e-15. Taking the real part, which may not be accurate.
└ @ ITensorMPS ~/.julia/packages/ITensorMPS/fZDBz/src/abstractmps.jl:1246
┌ Warning: log(norm²) is 0.8796950830187636 - 2.265370941122595e-15im, which is not real up to a relative tolerance of 2.220446049250313e-15 and an absolute tolerance of 2.220446049250313e-15. Taking the real part, which may not be accurate.
└ @ ITensorMPS ~/.julia/packages/ITensorMPS/fZDBz/src/abstractmps.jl:1271
┌ Warning: log(norm²) is 0.8635877471956908 + 2.29802916479719e-15im, which is not real up to a relative tolerance of 2.220446049250313e-15 and an absolute tolerance of 2.220446049250313e-15. Taking the real part, which may not be accurate.
└ @ ITensorMPS ~/.julia/packages/ITensorMPS/fZDBz/src/abstractmps.jl:1271
┌ Warning: norm² is 2.3908261024021455 + 6.14331647897228e-15im, which is not real up to a relative tolerance of 2.220446049250313e-15 and an absolute tolerance of 2.220446049250313e-15. Taking the real part, which may not be accurate.
└ @ ITensorMPS ~/.julia/packages/ITensorMPS/fZDBz/src/abstractmps.jl:1246
┌ Warning: log(norm²) is 0.8674225540245454 + 2.528891887159479e-15im, which is not real up to a relative tolerance of 2.220446049250313e-15 and an absolute tolerance of 2.220446049250313e-15. Taking the real part, which may not be accurate.
└ @ ITensorMPS ~/.julia/packages/ITensorMPS/fZDBz/src/abstractmps.jl:1271
┌ Warning: norm² is 1.3306085220271692e12 + 0.002996089863953357im, which is not real up to a relative tolerance of 2.220446049250313e-15 and an absolute tolerance of 2.220446049250313e-15. Taking the real part, which may not be accurate.
└ @ ITensorMPS ~/.julia/packages/ITensorMPS/fZDBz/src/abstractmps.jl:1246
┌ Warning: norm² is 9.956820983312379e11 - 0.002317625827126182im, which is not real up to a relative tolerance of 2.220446049250313e-15 and an absolute tolerance of 2.220446049250313e-15. Taking the real part, which may not be accurate.
└ @ ITensorMPS ~/.julia/packages/ITensorMPS/fZDBz/src/abstractmps.jl:1246
┌ Warning: norm² is 9.220356693493702e11 + 0.0034092614881483943im, which is not real up to a relative tolerance of 2.220446049250313e-15 and an absolute tolerance of 2.220446049250313e-15. Taking the real part, which may not be accurate.
└ @ ITensorMPS ~/.julia/packages/ITensorMPS/fZDBz/src/abstractmps.jl:1246
┌ Warning: norm² is 1.5966298651138995 - 4.0699201780374155e-15im, which is not real up to a relative tolerance of 2.220446049250313e-15 and an absolute tolerance of 2.220446049250313e-15. Taking the real part, which may not be accurate.
└ @ ITensorMPS ~/.julia/packages/ITensorMPS/fZDBz/src/abstractmps.jl:1246
┌ Warning: norm² is 1.9749703227859478e12 + 0.005251637027389094im, which is not real up to a relative tolerance of 2.220446049250313e-15 and an absolute tolerance of 2.220446049250313e-15. Taking the real part, which may not be accurate.
└ @ ITensorMPS ~/.julia/packages/ITensorMPS/fZDBz/src/abstractmps.jl:1246
┌ Warning: norm² is 2.4111243034056185 - 5.568467757620827e-15im, which is not real up to a relative tolerance of 2.220446049250313e-15 and an absolute tolerance of 2.220446049250313e-15. Taking the real part, which may not be accurate.
└ @ ITensorMPS ~/.julia/packages/ITensorMPS/fZDBz/src/abstractmps.jl:1246
┌ Warning: norm² is 9.209902107056068e11 + 0.002090222267032907im, which is not real up to a relative tolerance of 2.220446049250313e-15 and an absolute tolerance of 2.220446049250313e-15. Taking the real part, which may not be accurate.
└ @ ITensorMPS ~/.julia/packages/ITensorMPS/fZDBz/src/abstractmps.jl:1246
┌ Warning: norm² is 2.359590702896143 + 6.392074625824287e-15im, which is not real up to a relative tolerance of 2.220446049250313e-15 and an absolute tolerance of 2.220446049250313e-15. Taking the real part, which may not be accurate.
└ @ ITensorMPS ~/.julia/packages/ITensorMPS/fZDBz/src/abstractmps.jl:1246
┌ Warning: norm² is 9.956259813392103e11 + 0.0033775623109285452im, which is not real up to a relative tolerance of 2.220446049250313e-15 and an absolute tolerance of 2.220446049250313e-15. Taking the real part, which may not be accurate.
└ @ ITensorMPS ~/.julia/packages/ITensorMPS/fZDBz/src/abstractmps.jl:1246
┌ Warning: log(norm²) is 0.8630329208209572 - 3.6927089017614075e-15im, which is not real up to a relative tolerance of 2.220446049250313e-15 and an absolute tolerance of 2.220446049250313e-15. Taking the real part, which may not be accurate.
└ @ ITensorMPS ~/.julia/packages/ITensorMPS/fZDBz/src/abstractmps.jl:1271
┌ Warning: log(norm²) is 0.8800507763154539 - 2.322275184825948e-15im, which is not real up to a relative tolerance of 2.220446049250313e-15 and an absolute tolerance of 2.220446049250313e-15. Taking the real part, which may not be accurate.
└ @ ITensorMPS ~/.julia/packages/ITensorMPS/fZDBz/src/abstractmps.jl:1271
┌ Warning: norm² is 2.3611634839624247 - 6.059241189639567e-15im, which is not real up to a relative tolerance of 2.220446049250313e-15 and an absolute tolerance of 2.220446049250313e-15. Taking the real part, which may not be accurate.
└ @ ITensorMPS ~/.julia/packages/ITensorMPS/fZDBz/src/abstractmps.jl:1246
┌ Warning: norm² is 2.3820755068747426 - 6.532588897016625e-15im, which is not real up to a relative tolerance of 2.220446049250313e-15 and an absolute tolerance of 2.220446049250313e-15. Taking the real part, which may not be accurate.
└ @ ITensorMPS ~/.julia/packages/ITensorMPS/fZDBz/src/abstractmps.jl:1246
┌ Warning: norm² is 1.3061905624629988e12 + 0.0032038535754574564im, which is not real up to a relative tolerance of 2.220446049250313e-15 and an absolute tolerance of 2.220446049250313e-15. Taking the real part, which may not be accurate.
└ @ ITensorMPS ~/.julia/packages/ITensorMPS/fZDBz/src/abstractmps.jl:1246
┌ Warning: norm² is 1.3165101116974277e12 - 0.0029887682804140532im, which is not real up to a relative tolerance of 2.220446049250313e-15 and an absolute tolerance of 2.220446049250313e-15. Taking the real part, which may not be accurate.
└ @ ITensorMPS ~/.julia/packages/ITensorMPS/fZDBz/src/abstractmps.jl:1246
┌ Warning: norm² is 1.748730557874416 + 5.8222685697965694e-15im, which is not real up to a relative tolerance of 2.220446049250313e-15 and an absolute tolerance of 2.220446049250313e-15. Taking the real part, which may not be accurate.
└ @ ITensorMPS ~/.julia/packages/ITensorMPS/fZDBz/src/abstractmps.jl:1246
┌ Warning: norm² is 1.74729954069748 - 4.204507626123495e-15im, which is not real up to a relative tolerance of 2.220446049250313e-15 and an absolute tolerance of 2.220446049250313e-15. Taking the real part, which may not be accurate.
└ @ ITensorMPS ~/.julia/packages/ITensorMPS/fZDBz/src/abstractmps.jl:1246
┌ Warning: norm² is 2.280299590124787 - 5.298553945739126e-15im, which is not real up to a relative tolerance of 2.220446049250313e-15 and an absolute tolerance of 2.220446049250313e-15. Taking the real part, which may not be accurate.
└ @ ITensorMPS ~/.julia/packages/ITensorMPS/fZDBz/src/abstractmps.jl:1246
┌ Warning: log(norm²) is 0.8243068335117701 + 2.4749114490903364e-15im, which is not real up to a relative tolerance of 2.220446049250313e-15 and an absolute tolerance of 2.220446049250313e-15. Taking the real part, which may not be accurate.
└ @ ITensorMPS ~/.julia/packages/ITensorMPS/fZDBz/src/abstractmps.jl:1271
┌ Warning: norm² is 2.364550159588254 + 8.329523710373276e-15im, which is not real up to a relative tolerance of 2.220446049250313e-15 and an absolute tolerance of 2.220446049250313e-15. Taking the real part, which may not be accurate.
└ @ ITensorMPS ~/.julia/packages/ITensorMPS/fZDBz/src/abstractmps.jl:1246
┌ Warning: log(norm²) is 0.8714445593366275 - 2.230658883507583e-15im, which is not real up to a relative tolerance of 2.220446049250313e-15 and an absolute tolerance of 2.220446049250313e-15. Taking the real part, which may not be accurate.
└ @ ITensorMPS ~/.julia/packages/ITensorMPS/fZDBz/src/abstractmps.jl:1271
┌ Warning: norm² is 1.3063435232254897e12 + 0.0038776237849383176im, which is not real up to a relative tolerance of 2.220446049250313e-15 and an absolute tolerance of 2.220446049250313e-15. Taking the real part, which may not be accurate.
└ @ ITensorMPS ~/.julia/packages/ITensorMPS/fZDBz/src/abstractmps.jl:1246
┌ Warning: log(norm²) is 0.8679765032818985 - 3.5067212888870783e-15im, which is not real up to a relative tolerance of 2.220446049250313e-15 and an absolute tolerance of 2.220446049250313e-15. Taking the real part, which may not be accurate.
└ @ ITensorMPS ~/.julia/packages/ITensorMPS/fZDBz/src/abstractmps.jl:1271
┌ Warning: norm² is 2.409274961424662 - 5.804735556681468e-15im, which is not real up to a relative tolerance of 2.220446049250313e-15 and an absolute tolerance of 2.220446049250313e-15. Taking the real part, which may not be accurate.
└ @ ITensorMPS ~/.julia/packages/ITensorMPS/fZDBz/src/abstractmps.jl:1246
┌ Warning: norm² is 2.4088098928940345 + 5.659818332149284e-15im, which is not real up to a relative tolerance of 2.220446049250313e-15 and an absolute tolerance of 2.220446049250313e-15. Taking the real part, which may not be accurate.
└ @ ITensorMPS ~/.julia/packages/ITensorMPS/fZDBz/src/abstractmps.jl:1246
┌ Warning: norm² is 2.3864906602663982 - 5.977430345320755e-15im, which is not real up to a relative tolerance of 2.220446049250313e-15 and an absolute tolerance of 2.220446049250313e-15. Taking the real part, which may not be accurate.
└ @ ITensorMPS ~/.julia/packages/ITensorMPS/fZDBz/src/abstractmps.jl:1246
┌ Warning: norm² is 9.945533223434382e11 - 0.0023403951426850685im, which is not real up to a relative tolerance of 2.220446049250313e-15 and an absolute tolerance of 2.220446049250313e-15. Taking the real part, which may not be accurate.
└ @ ITensorMPS ~/.julia/packages/ITensorMPS/fZDBz/src/abstractmps.jl:1246
┌ Warning: log(norm²) is 0.8723247787745863 + 3.762658579660768e-15im, which is not real up to a relative tolerance of 2.220446049250313e-15 and an absolute tolerance of 2.220446049250313e-15. Taking the real part, which may not be accurate.
└ @ ITensorMPS ~/.julia/packages/ITensorMPS/fZDBz/src/abstractmps.jl:1271
┌ Warning: norm² is 9.211159776039476e11 + 0.0027771885463977585im, which is not real up to a relative tolerance of 2.220446049250313e-15 and an absolute tolerance of 2.220446049250313e-15. Taking the real part, which may not be accurate.
└ @ ITensorMPS ~/.julia/packages/ITensorMPS/fZDBz/src/abstractmps.jl:1246
┌ Warning: norm² is 9.952500619430084e11 - 0.0023324594316221398im, which is not real up to a relative tolerance of 2.220446049250313e-15 and an absolute tolerance of 2.220446049250313e-15. Taking the real part, which may not be accurate.
└ @ ITensorMPS ~/.julia/packages/ITensorMPS/fZDBz/src/abstractmps.jl:1246
┌ Warning: norm² is 1.4708795078865708e12 + 0.003732858197631179im, which is not real up to a relative tolerance of 2.220446049250313e-15 and an absolute tolerance of 2.220446049250313e-15. Taking the real part, which may not be accurate.
└ @ ITensorMPS ~/.julia/packages/ITensorMPS/fZDBz/src/abstractmps.jl:1246
┌ Warning: log(norm²) is 0.8715155232823371 + 2.3170962265237058e-15im, which is not real up to a relative tolerance of 2.220446049250313e-15 and an absolute tolerance of 2.220446049250313e-15. Taking the real part, which may not be accurate.
└ @ ITensorMPS ~/.julia/packages/ITensorMPS/fZDBz/src/abstractmps.jl:1271
┌ Warning: norm² is 1.497352795639253e12 - 0.0033577192466582957im, which is not real up to a relative tolerance of 2.220446049250313e-15 and an absolute tolerance of 2.220446049250313e-15. Taking the real part, which may not be accurate.
└ @ ITensorMPS ~/.julia/packages/ITensorMPS/fZDBz/src/abstractmps.jl:1246
┌ Warning: norm² is 9.954445604752557e11 + 0.002224287332317282im, which is not real up to a relative tolerance of 2.220446049250313e-15 and an absolute tolerance of 2.220446049250313e-15. Taking the real part, which may not be accurate.
└ @ ITensorMPS ~/.julia/packages/ITensorMPS/fZDBz/src/abstractmps.jl:1246
┌ Warning: log(norm²) is 0.8678888311594346 - 4.028247383793418e-15im, which is not real up to a relative tolerance of 2.220446049250313e-15 and an absolute tolerance of 2.220446049250313e-15. Taking the real part, which may not be accurate.
└ @ ITensorMPS ~/.julia/packages/ITensorMPS/fZDBz/src/abstractmps.jl:1271
┌ Warning: norm² is 2.385003995159463 - 5.745991859946786e-15im, which is not real up to a relative tolerance of 2.220446049250313e-15 and an absolute tolerance of 2.220446049250313e-15. Taking the real part, which may not be accurate.
└ @ ITensorMPS ~/.julia/packages/ITensorMPS/fZDBz/src/abstractmps.jl:1246
┌ Warning: log(norm²) is 0.8696088743618422 + 2.289733717511552e-15im, which is not real up to a relative tolerance of 2.220446049250313e-15 and an absolute tolerance of 2.220446049250313e-15. Taking the real part, which may not be accurate.
└ @ ITensorMPS ~/.julia/packages/ITensorMPS/fZDBz/src/abstractmps.jl:1271
┌ Warning: log(norm²) is 0.8599783757866665 + 2.6627199425735838e-15im, which is not real up to a relative tolerance of 2.220446049250313e-15 and an absolute tolerance of 2.220446049250313e-15. Taking the real part, which may not be accurate.
└ @ ITensorMPS ~/.julia/packages/ITensorMPS/fZDBz/src/abstractmps.jl:1271
┌ Warning: norm² is 9.211447066719414e11 + 0.0030471692122026346im, which is not real up to a relative tolerance of 2.220446049250313e-15 and an absolute tolerance of 2.220446049250313e-15. Taking the real part, which may not be accurate.
└ @ ITensorMPS ~/.julia/packages/ITensorMPS/fZDBz/src/abstractmps.jl:1246
┌ Warning: norm² is 9.216011008709016e11 + 0.002084754971459069im, which is not real up to a relative tolerance of 2.220446049250313e-15 and an absolute tolerance of 2.220446049250313e-15. Taking the real part, which may not be accurate.
└ @ ITensorMPS ~/.julia/packages/ITensorMPS/fZDBz/src/abstractmps.jl:1246
┌ Warning: norm² is 1.483345364724223e12 + 0.003624469632546635im, which is not real up to a relative tolerance of 2.220446049250313e-15 and an absolute tolerance of 2.220446049250313e-15. Taking the real part, which may not be accurate.
└ @ ITensorMPS ~/.julia/packages/ITensorMPS/fZDBz/src/abstractmps.jl:1246
┌ Warning: norm² is 9.21577454791656e11 - 0.0025235969054073293im, which is not real up to a relative tolerance of 2.220446049250313e-15 and an absolute tolerance of 2.220446049250313e-15. Taking the real part, which may not be accurate.
└ @ ITensorMPS ~/.julia/packages/ITensorMPS/fZDBz/src/abstractmps.jl:1246
┌ Warning: log(norm²) is 0.8661712531899445 - 2.2639047721824897e-15im, which is not real up to a relative tolerance of 2.220446049250313e-15 and an absolute tolerance of 2.220446049250313e-15. Taking the real part, which may not be accurate.
└ @ ITensorMPS ~/.julia/packages/ITensorMPS/fZDBz/src/abstractmps.jl:1271
┌ Warning: norm² is 9.951156428546525e11 - 0.0034065306214148766im, which is not real up to a relative tolerance of 2.220446049250313e-15 and an absolute tolerance of 2.220446049250313e-15. Taking the real part, which may not be accurate.
└ @ ITensorMPS ~/.julia/packages/ITensorMPS/fZDBz/src/abstractmps.jl:1246
┌ Warning: norm² is 2.125506097952251 + 4.750827552642239e-15im, which is not real up to a relative tolerance of 2.220446049250313e-15 and an absolute tolerance of 2.220446049250313e-15. Taking the real part, which may not be accurate.
└ @ ITensorMPS ~/.julia/packages/ITensorMPS/fZDBz/src/abstractmps.jl:1246
┌ Warning: norm² is 9.944388598444292e11 - 0.0029311045708289127im, which is not real up to a relative tolerance of 2.220446049250313e-15 and an absolute tolerance of 2.220446049250313e-15. Taking the real part, which may not be accurate.
└ @ ITensorMPS ~/.julia/packages/ITensorMPS/fZDBz/src/abstractmps.jl:1246
┌ Warning: norm² is 1.3171664109793374e12 + 0.0029677259380729492im, which is not real up to a relative tolerance of 2.220446049250313e-15 and an absolute tolerance of 2.220446049250313e-15. Taking the real part, which may not be accurate.
└ @ ITensorMPS ~/.julia/packages/ITensorMPS/fZDBz/src/abstractmps.jl:1246
┌ Warning: norm² is 1.3153781590469658e12 - 0.003653862410914036im, which is not real up to a relative tolerance of 2.220446049250313e-15 and an absolute tolerance of 2.220446049250313e-15. Taking the real part, which may not be accurate.
└ @ ITensorMPS ~/.julia/packages/ITensorMPS/fZDBz/src/abstractmps.jl:1246
┌ Warning: norm² is 1.3207013101163643e12 - 0.0032508128149886214im, which is not real up to a relative tolerance of 2.220446049250313e-15 and an absolute tolerance of 2.220446049250313e-15. Taking the real part, which may not be accurate.
└ @ ITensorMPS ~/.julia/packages/ITensorMPS/fZDBz/src/abstractmps.jl:1246
┌ Warning: norm² is 1.324881885247257e12 - 0.003124630298293359im, which is not real up to a relative tolerance of 2.220446049250313e-15 and an absolute tolerance of 2.220446049250313e-15. Taking the real part, which may not be accurate.
└ @ ITensorMPS ~/.julia/packages/ITensorMPS/fZDBz/src/abstractmps.jl:1246
┌ Warning: norm² is 1.3094004485785007e12 - 0.003056996995771941im, which is not real up to a relative tolerance of 2.220446049250313e-15 and an absolute tolerance of 2.220446049250313e-15. Taking the real part, which may not be accurate.
└ @ ITensorMPS ~/.julia/packages/ITensorMPS/fZDBz/src/abstractmps.jl:1246
┌ Warning: norm² is 9.212718238682233e11 + 0.003386560757017068im, which is not real up to a relative tolerance of 2.220446049250313e-15 and an absolute tolerance of 2.220446049250313e-15. Taking the real part, which may not be accurate.
└ @ ITensorMPS ~/.julia/packages/ITensorMPS/fZDBz/src/abstractmps.jl:1246
┌ Warning: norm² is 1.309635992507117e12 - 0.0029630768271560705im, which is not real up to a relative tolerance of 2.220446049250313e-15 and an absolute tolerance of 2.220446049250313e-15. Taking the real part, which may not be accurate.
└ @ ITensorMPS ~/.julia/packages/ITensorMPS/fZDBz/src/abstractmps.jl:1246
┌ Warning: log(norm²) is 0.8717866651003031 - 2.284848654255463e-15im, which is not real up to a relative tolerance of 2.220446049250313e-15 and an absolute tolerance of 2.220446049250313e-15. Taking the real part, which may not be accurate.
└ @ ITensorMPS ~/.julia/packages/ITensorMPS/fZDBz/src/abstractmps.jl:1271
┌ Warning: log(norm²) is 0.8789323113553404 + 2.5250094230810723e-15im, which is not real up to a relative tolerance of 2.220446049250313e-15 and an absolute tolerance of 2.220446049250313e-15. Taking the real part, which may not be accurate.
└ @ ITensorMPS ~/.julia/packages/ITensorMPS/fZDBz/src/abstractmps.jl:1271
┌ Warning: norm² is 9.946847640729547e11 + 0.0026933860423773628im, which is not real up to a relative tolerance of 2.220446049250313e-15 and an absolute tolerance of 2.220446049250313e-15. Taking the real part, which may not be accurate.
└ @ ITensorMPS ~/.julia/packages/ITensorMPS/fZDBz/src/abstractmps.jl:1246
┌ Warning: log(norm²) is 0.8783652400388027 - 2.298279030914465e-15im, which is not real up to a relative tolerance of 2.220446049250313e-15 and an absolute tolerance of 2.220446049250313e-15. Taking the real part, which may not be accurate.
└ @ ITensorMPS ~/.julia/packages/ITensorMPS/fZDBz/src/abstractmps.jl:1271
┌ Warning: norm² is 9.211400082142247e11 - 0.0022813151732159844im, which is not real up to a relative tolerance of 2.220446049250313e-15 and an absolute tolerance of 2.220446049250313e-15. Taking the real part, which may not be accurate.
└ @ ITensorMPS ~/.julia/packages/ITensorMPS/fZDBz/src/abstractmps.jl:1246
┌ Warning: norm² is 2.392327955221116 + 5.536661420428363e-15im, which is not real up to a relative tolerance of 2.220446049250313e-15 and an absolute tolerance of 2.220446049250313e-15. Taking the real part, which may not be accurate.
└ @ ITensorMPS ~/.julia/packages/ITensorMPS/fZDBz/src/abstractmps.jl:1246
┌ Warning: norm² is 9.561445577759764e11 - 0.0022517133030983206im, which is not real up to a relative tolerance of 2.220446049250313e-15 and an absolute tolerance of 2.220446049250313e-15. Taking the real part, which may not be accurate.
└ @ ITensorMPS ~/.julia/packages/ITensorMPS/fZDBz/src/abstractmps.jl:1246
┌ Warning: norm² is 9.947454225103596e11 + 0.002409893632746735im, which is not real up to a relative tolerance of 2.220446049250313e-15 and an absolute tolerance of 2.220446049250313e-15. Taking the real part, which may not be accurate.
└ @ ITensorMPS ~/.julia/packages/ITensorMPS/fZDBz/src/abstractmps.jl:1246
┌ Warning: norm² is 1.3246239320588606e12 + 0.0030469797995855852im, which is not real up to a relative tolerance of 2.220446049250313e-15 and an absolute tolerance of 2.220446049250313e-15. Taking the real part, which may not be accurate.
└ @ ITensorMPS ~/.julia/packages/ITensorMPS/fZDBz/src/abstractmps.jl:1246
┌ Warning: norm² is 2.361004131598565 + 5.427715540079593e-15im, which is not real up to a relative tolerance of 2.220446049250313e-15 and an absolute tolerance of 2.220446049250313e-15. Taking the real part, which may not be accurate.
└ @ ITensorMPS ~/.julia/packages/ITensorMPS/fZDBz/src/abstractmps.jl:1246
┌ Warning: norm² is 2.3767337500258408 - 6.036667520738663e-15im, which is not real up to a relative tolerance of 2.220446049250313e-15 and an absolute tolerance of 2.220446049250313e-15. Taking the real part, which may not be accurate.
└ @ ITensorMPS ~/.julia/packages/ITensorMPS/fZDBz/src/abstractmps.jl:1246
┌ Warning: norm² is 1.1349903268038398e12 - 0.0036672897059734115im, which is not real up to a relative tolerance of 2.220446049250313e-15 and an absolute tolerance of 2.220446049250313e-15. Taking the real part, which may not be accurate.
└ @ ITensorMPS ~/.julia/packages/ITensorMPS/fZDBz/src/abstractmps.jl:1246
┌ Warning: norm² is 9.21926202407898e11 - 0.0020687057949166244im, which is not real up to a relative tolerance of 2.220446049250313e-15 and an absolute tolerance of 2.220446049250313e-15. Taking the real part, which may not be accurate.
└ @ ITensorMPS ~/.julia/packages/ITensorMPS/fZDBz/src/abstractmps.jl:1246
┌ Warning: log(norm²) is 0.8646547977784852 - 3.2804964553227946e-15im, which is not real up to a relative tolerance of 2.220446049250313e-15 and an absolute tolerance of 2.220446049250313e-15. Taking the real part, which may not be accurate.
└ @ ITensorMPS ~/.julia/packages/ITensorMPS/fZDBz/src/abstractmps.jl:1271
┌ Warning: norm² is 2.3776865999608807 - 6.239304181241872e-15im, which is not real up to a relative tolerance of 2.220446049250313e-15 and an absolute tolerance of 2.220446049250313e-15. Taking the real part, which may not be accurate.
└ @ ITensorMPS ~/.julia/packages/ITensorMPS/fZDBz/src/abstractmps.jl:1246
┌ Warning: log(norm²) is 0.8790985451803206 + 2.4518587258730657e-15im, which is not real up to a relative tolerance of 2.220446049250313e-15 and an absolute tolerance of 2.220446049250313e-15. Taking the real part, which may not be accurate.
└ @ ITensorMPS ~/.julia/packages/ITensorMPS/fZDBz/src/abstractmps.jl:1271
┌ Warning: log(norm²) is 0.8681219008451652 - 2.2332573017032604e-15im, which is not real up to a relative tolerance of 2.220446049250313e-15 and an absolute tolerance of 2.220446049250313e-15. Taking the real part, which may not be accurate.
└ @ ITensorMPS ~/.julia/packages/ITensorMPS/fZDBz/src/abstractmps.jl:1271
┌ Warning: norm² is 9.21517512616477e11 + 0.002524615050584427im, which is not real up to a relative tolerance of 2.220446049250313e-15 and an absolute tolerance of 2.220446049250313e-15. Taking the real part, which may not be accurate.
└ @ ITensorMPS ~/.julia/packages/ITensorMPS/fZDBz/src/abstractmps.jl:1246
┌ Warning: norm² is 2.3608129276307075 - 6.03470333723798e-15im, which is not real up to a relative tolerance of 2.220446049250313e-15 and an absolute tolerance of 2.220446049250313e-15. Taking the real part, which may not be accurate.
└ @ ITensorMPS ~/.julia/packages/ITensorMPS/fZDBz/src/abstractmps.jl:1246
┌ Warning: norm² is 9.212999663845594e11 - 0.002393162810819362im, which is not real up to a relative tolerance of 2.220446049250313e-15 and an absolute tolerance of 2.220446049250313e-15. Taking the real part, which may not be accurate.
└ @ ITensorMPS ~/.julia/packages/ITensorMPS/fZDBz/src/abstractmps.jl:1246
┌ Warning: norm² is 2.378881063598852 + 7.469632848784782e-15im, which is not real up to a relative tolerance of 2.220446049250313e-15 and an absolute tolerance of 2.220446049250313e-15. Taking the real part, which may not be accurate.
└ @ ITensorMPS ~/.julia/packages/ITensorMPS/fZDBz/src/abstractmps.jl:1246
┌ Warning: norm² is 2.3666578676031604 + 5.329620910754815e-15im, which is not real up to a relative tolerance of 2.220446049250313e-15 and an absolute tolerance of 2.220446049250313e-15. Taking the real part, which may not be accurate.
└ @ ITensorMPS ~/.julia/packages/ITensorMPS/fZDBz/src/abstractmps.jl:1246
┌ Warning: norm² is 2.3906837929051683 - 5.47425297949142e-15im, which is not real up to a relative tolerance of 2.220446049250313e-15 and an absolute tolerance of 2.220446049250313e-15. Taking the real part, which may not be accurate.
└ @ ITensorMPS ~/.julia/packages/ITensorMPS/fZDBz/src/abstractmps.jl:1246
┌ Warning: norm² is 9.961646121834413e11 - 0.0027413420834644475im, which is not real up to a relative tolerance of 2.220446049250313e-15 and an absolute tolerance of 2.220446049250313e-15. Taking the real part, which may not be accurate.
└ @ ITensorMPS ~/.julia/packages/ITensorMPS/fZDBz/src/abstractmps.jl:1246
┌ Warning: norm² is 9.21096785207694e11 - 0.0031306453195231168im, which is not real up to a relative tolerance of 2.220446049250313e-15 and an absolute tolerance of 2.220446049250313e-15. Taking the real part, which may not be accurate.
└ @ ITensorMPS ~/.julia/packages/ITensorMPS/fZDBz/src/abstractmps.jl:1246
┌ Warning: norm² is 9.949752585756941e11 + 0.003000825052361092im, which is not real up to a relative tolerance of 2.220446049250313e-15 and an absolute tolerance of 2.220446049250313e-15. Taking the real part, which may not be accurate.
└ @ ITensorMPS ~/.julia/packages/ITensorMPS/fZDBz/src/abstractmps.jl:1246
┌ Warning: norm² is 2.3727161793318 + 6.6845397757333255e-15im, which is not real up to a relative tolerance of 2.220446049250313e-15 and an absolute tolerance of 2.220446049250313e-15. Taking the real part, which may not be accurate.
└ @ ITensorMPS ~/.julia/packages/ITensorMPS/fZDBz/src/abstractmps.jl:1246
┌ Warning: norm² is 9.214392224593617e11 - 0.0022871276280096767im, which is not real up to a relative tolerance of 2.220446049250313e-15 and an absolute tolerance of 2.220446049250313e-15. Taking the real part, which may not be accurate.
└ @ ITensorMPS ~/.julia/packages/ITensorMPS/fZDBz/src/abstractmps.jl:1246
┌ Warning: norm² is 2.3824593841828126 - 5.691252529473949e-15im, which is not real up to a relative tolerance of 2.220446049250313e-15 and an absolute tolerance of 2.220446049250313e-15. Taking the real part, which may not be accurate.
└ @ ITensorMPS ~/.julia/packages/ITensorMPS/fZDBz/src/abstractmps.jl:1246
┌ Warning: norm² is 1.314182253783539e12 - 0.0038976029796673217im, which is not real up to a relative tolerance of 2.220446049250313e-15 and an absolute tolerance of 2.220446049250313e-15. Taking the real part, which may not be accurate.
└ @ ITensorMPS ~/.julia/packages/ITensorMPS/fZDBz/src/abstractmps.jl:1246
┌ Warning: norm² is 9.22050552514246e11 + 0.0020980614697637im, which is not real up to a relative tolerance of 2.220446049250313e-15 and an absolute tolerance of 2.220446049250313e-15. Taking the real part, which may not be accurate.
└ @ ITensorMPS ~/.julia/packages/ITensorMPS/fZDBz/src/abstractmps.jl:1246
┌ Warning: norm² is 2.3913898069591952 - 5.522921490506752e-15im, which is not real up to a relative tolerance of 2.220446049250313e-15 and an absolute tolerance of 2.220446049250313e-15. Taking the real part, which may not be accurate.
└ @ ITensorMPS ~/.julia/packages/ITensorMPS/fZDBz/src/abstractmps.jl:1246
┌ Warning: norm² is 1.3205317866186316e12 + 0.003219973177105231im, which is not real up to a relative tolerance of 2.220446049250313e-15 and an absolute tolerance of 2.220446049250313e-15. Taking the real part, which may not be accurate.
└ @ ITensorMPS ~/.julia/packages/ITensorMPS/fZDBz/src/abstractmps.jl:1246
┌ Warning: norm² is 9.953016742095875e11 - 0.003597319068633863im, which is not real up to a relative tolerance of 2.220446049250313e-15 and an absolute tolerance of 2.220446049250313e-15. Taking the real part, which may not be accurate.
└ @ ITensorMPS ~/.julia/packages/ITensorMPS/fZDBz/src/abstractmps.jl:1246
┌ Warning: norm² is 9.212829331140117e11 + 0.0024234009648711613im, which is not real up to a relative tolerance of 2.220446049250313e-15 and an absolute tolerance of 2.220446049250313e-15. Taking the real part, which may not be accurate.
└ @ ITensorMPS ~/.julia/packages/ITensorMPS/fZDBz/src/abstractmps.jl:1246
┌ Warning: norm² is 2.369556236776039 - 5.936153353561528e-15im, which is not real up to a relative tolerance of 2.220446049250313e-15 and an absolute tolerance of 2.220446049250313e-15. Taking the real part, which may not be accurate.
└ @ ITensorMPS ~/.julia/packages/ITensorMPS/fZDBz/src/abstractmps.jl:1246
┌ Warning: norm² is 1.3363244076572417e12 - 0.003121009664621653im, which is not real up to a relative tolerance of 2.220446049250313e-15 and an absolute tolerance of 2.220446049250313e-15. Taking the real part, which may not be accurate.
└ @ ITensorMPS ~/.julia/packages/ITensorMPS/fZDBz/src/abstractmps.jl:1246
┌ Warning: norm² is 1.2321839842804048e12 + 0.002867387767252397im, which is not real up to a relative tolerance of 2.220446049250313e-15 and an absolute tolerance of 2.220446049250313e-15. Taking the real part, which may not be accurate.
└ @ ITensorMPS ~/.julia/packages/ITensorMPS/fZDBz/src/abstractmps.jl:1246
┌ Warning: norm² is 1.330921719267278e12 - 0.0034505892642285067im, which is not real up to a relative tolerance of 2.220446049250313e-15 and an absolute tolerance of 2.220446049250313e-15. Taking the real part, which may not be accurate.
└ @ ITensorMPS ~/.julia/packages/ITensorMPS/fZDBz/src/abstractmps.jl:1246
┌ Warning: log(norm²) is 0.8718551567373882 + 2.4971068632645492e-15im, which is not real up to a relative tolerance of 2.220446049250313e-15 and an absolute tolerance of 2.220446049250313e-15. Taking the real part, which may not be accurate.
└ @ ITensorMPS ~/.julia/packages/ITensorMPS/fZDBz/src/abstractmps.jl:1271
┌ Warning: norm² is 9.217137858357292e11 + 0.0025512503878890196im, which is not real up to a relative tolerance of 2.220446049250313e-15 and an absolute tolerance of 2.220446049250313e-15. Taking the real part, which may not be accurate.
└ @ ITensorMPS ~/.julia/packages/ITensorMPS/fZDBz/src/abstractmps.jl:1246
┌ Warning: norm² is 2.4099831162763725 + 5.716729793907736e-15im, which is not real up to a relative tolerance of 2.220446049250313e-15 and an absolute tolerance of 2.220446049250313e-15. Taking the real part, which may not be accurate.
└ @ ITensorMPS ~/.julia/packages/ITensorMPS/fZDBz/src/abstractmps.jl:1246
┌ Warning: norm² is 2.39035995311374 - 6.235852541418232e-15im, which is not real up to a relative tolerance of 2.220446049250313e-15 and an absolute tolerance of 2.220446049250313e-15. Taking the real part, which may not be accurate.
└ @ ITensorMPS ~/.julia/packages/ITensorMPS/fZDBz/src/abstractmps.jl:1246
┌ Warning: norm² is 1.3352004421841956e12 + 0.0040058526252452695im, which is not real up to a relative tolerance of 2.220446049250313e-15 and an absolute tolerance of 2.220446049250313e-15. Taking the real part, which may not be accurate.
└ @ ITensorMPS ~/.julia/packages/ITensorMPS/fZDBz/src/abstractmps.jl:1246
┌ Warning: log(norm²) is 0.8730720890936083 - 2.2910397609363226e-15im, which is not real up to a relative tolerance of 2.220446049250313e-15 and an absolute tolerance of 2.220446049250313e-15. Taking the real part, which may not be accurate.
└ @ ITensorMPS ~/.julia/packages/ITensorMPS/fZDBz/src/abstractmps.jl:1271
┌ Warning: norm² is 9.939945890423899e11 - 0.0022078722329925264im, which is not real up to a relative tolerance of 2.220446049250313e-15 and an absolute tolerance of 2.220446049250313e-15. Taking the real part, which may not be accurate.
└ @ ITensorMPS ~/.julia/packages/ITensorMPS/fZDBz/src/abstractmps.jl:1246
┌ Warning: norm² is 1.0009526433865876e12 - 0.003429602758711654im, which is not real up to a relative tolerance of 2.220446049250313e-15 and an absolute tolerance of 2.220446049250313e-15. Taking the real part, which may not be accurate.
└ @ ITensorMPS ~/.julia/packages/ITensorMPS/fZDBz/src/abstractmps.jl:1246
┌ Warning: norm² is 2.4107544719014866 - 5.423332670660584e-15im, which is not real up to a relative tolerance of 2.220446049250313e-15 and an absolute tolerance of 2.220446049250313e-15. Taking the real part, which may not be accurate.
└ @ ITensorMPS ~/.julia/packages/ITensorMPS/fZDBz/src/abstractmps.jl:1246
┌ Warning: norm² is 1.3319925338534114e12 - 0.003086179774880135im, which is not real up to a relative tolerance of 2.220446049250313e-15 and an absolute tolerance of 2.220446049250313e-15. Taking the real part, which may not be accurate.
└ @ ITensorMPS ~/.julia/packages/ITensorMPS/fZDBz/src/abstractmps.jl:1246
┌ Warning: norm² is 9.945115788718625e11 + 0.002928962826389929im, which is not real up to a relative tolerance of 2.220446049250313e-15 and an absolute tolerance of 2.220446049250313e-15. Taking the real part, which may not be accurate.
└ @ ITensorMPS ~/.julia/packages/ITensorMPS/fZDBz/src/abstractmps.jl:1246
┌ Warning: log(norm²) is 0.867973503920788 - 2.2654907776201237e-15im, which is not real up to a relative tolerance of 2.220446049250313e-15 and an absolute tolerance of 2.220446049250313e-15. Taking the real part, which may not be accurate.
└ @ ITensorMPS ~/.julia/packages/ITensorMPS/fZDBz/src/abstractmps.jl:1271
┌ Warning: log(norm²) is 0.8789965599203186 + 3.758285183002132e-15im, which is not real up to a relative tolerance of 2.220446049250313e-15 and an absolute tolerance of 2.220446049250313e-15. Taking the real part, which may not be accurate.
└ @ ITensorMPS ~/.julia/packages/ITensorMPS/fZDBz/src/abstractmps.jl:1271
┌ Warning: norm² is 1.0544347543016328e12 - 0.0038715644437141913im, which is not real up to a relative tolerance of 2.220446049250313e-15 and an absolute tolerance of 2.220446049250313e-15. Taking the real part, which may not be accurate.
└ @ ITensorMPS ~/.julia/packages/ITensorMPS/fZDBz/src/abstractmps.jl:1246
┌ Warning: norm² is 2.3902758033323117 - 5.396602947637427e-15im, which is not real up to a relative tolerance of 2.220446049250313e-15 and an absolute tolerance of 2.220446049250313e-15. Taking the real part, which may not be accurate.
└ @ ITensorMPS ~/.julia/packages/ITensorMPS/fZDBz/src/abstractmps.jl:1246
┌ Warning: log(norm²) is 0.8673587896277859 - 3.204596697734559e-15im, which is not real up to a relative tolerance of 2.220446049250313e-15 and an absolute tolerance of 2.220446049250313e-15. Taking the real part, which may not be accurate.
└ @ ITensorMPS ~/.julia/packages/ITensorMPS/fZDBz/src/abstractmps.jl:1271
┌ Warning: norm² is 2.4093395651559844 + 6.152484090326125e-15im, which is not real up to a relative tolerance of 2.220446049250313e-15 and an absolute tolerance of 2.220446049250313e-15. Taking the real part, which may not be accurate.
└ @ ITensorMPS ~/.julia/packages/ITensorMPS/fZDBz/src/abstractmps.jl:1246
┌ Warning: log(norm²) is 0.8789843476358572 - 2.7901578758286794e-15im, which is not real up to a relative tolerance of 2.220446049250313e-15 and an absolute tolerance of 2.220446049250313e-15. Taking the real part, which may not be accurate.
└ @ ITensorMPS ~/.julia/packages/ITensorMPS/fZDBz/src/abstractmps.jl:1271
┌ Warning: norm² is 1.3276213177517393e12 - 0.0037348673367008428im, which is not real up to a relative tolerance of 2.220446049250313e-15 and an absolute tolerance of 2.220446049250313e-15. Taking the real part, which may not be accurate.
└ @ ITensorMPS ~/.julia/packages/ITensorMPS/fZDBz/src/abstractmps.jl:1246
┌ Warning: log(norm²) is 0.8717566904608742 - 2.3251366306295548e-15im, which is not real up to a relative tolerance of 2.220446049250313e-15 and an absolute tolerance of 2.220446049250313e-15. Taking the real part, which may not be accurate.
└ @ ITensorMPS ~/.julia/packages/ITensorMPS/fZDBz/src/abstractmps.jl:1271
┌ Warning: log(norm²) is 0.8724769704712632 - 2.689039191720857e-15im, which is not real up to a relative tolerance of 2.220446049250313e-15 and an absolute tolerance of 2.220446049250313e-15. Taking the real part, which may not be accurate.
└ @ ITensorMPS ~/.julia/packages/ITensorMPS/fZDBz/src/abstractmps.jl:1271
┌ Warning: log(norm²) is 0.8660471797281043 + 2.6604905351653617e-15im, which is not real up to a relative tolerance of 2.220446049250313e-15 and an absolute tolerance of 2.220446049250313e-15. Taking the real part, which may not be accurate.
└ @ ITensorMPS ~/.julia/packages/ITensorMPS/fZDBz/src/abstractmps.jl:1271
┌ Warning: norm² is 1.2409843115492249e12 + 0.004206507786427108im, which is not real up to a relative tolerance of 2.220446049250313e-15 and an absolute tolerance of 2.220446049250313e-15. Taking the real part, which may not be accurate.
└ @ ITensorMPS ~/.julia/packages/ITensorMPS/fZDBz/src/abstractmps.jl:1246
┌ Warning: norm² is 9.213014638567787e11 - 0.0020987397268465973im, which is not real up to a relative tolerance of 2.220446049250313e-15 and an absolute tolerance of 2.220446049250313e-15. Taking the real part, which may not be accurate.
└ @ ITensorMPS ~/.julia/packages/ITensorMPS/fZDBz/src/abstractmps.jl:1246
┌ Warning: norm² is 2.3769000995072984 - 5.9824632491143806e-15im, which is not real up to a relative tolerance of 2.220446049250313e-15 and an absolute tolerance of 2.220446049250313e-15. Taking the real part, which may not be accurate.
└ @ ITensorMPS ~/.julia/packages/ITensorMPS/fZDBz/src/abstractmps.jl:1246
┌ Warning: norm² is 2.378522011179918 - 5.3181344975193175e-15im, which is not real up to a relative tolerance of 2.220446049250313e-15 and an absolute tolerance of 2.220446049250313e-15. Taking the real part, which may not be accurate.
└ @ ITensorMPS ~/.julia/packages/ITensorMPS/fZDBz/src/abstractmps.jl:1246
┌ Warning: norm² is 2.3818905264128216 + 5.531385433132397e-15im, which is not real up to a relative tolerance of 2.220446049250313e-15 and an absolute tolerance of 2.220446049250313e-15. Taking the real part, which may not be accurate.
└ @ ITensorMPS ~/.julia/packages/ITensorMPS/fZDBz/src/abstractmps.jl:1246
┌ Warning: norm² is 2.385145690895424 - 5.309423887084401e-15im, which is not real up to a relative tolerance of 2.220446049250313e-15 and an absolute tolerance of 2.220446049250313e-15. Taking the real part, which may not be accurate.
└ @ ITensorMPS ~/.julia/packages/ITensorMPS/fZDBz/src/abstractmps.jl:1246
┌ Warning: norm² is 2.4093050800804776 + 7.683221210521094e-15im, which is not real up to a relative tolerance of 2.220446049250313e-15 and an absolute tolerance of 2.220446049250313e-15. Taking the real part, which may not be accurate.
└ @ ITensorMPS ~/.julia/packages/ITensorMPS/fZDBz/src/abstractmps.jl:1246
┌ Warning: norm² is 9.209794399550819e11 + 0.0024303395509987277im, which is not real up to a relative tolerance of 2.220446049250313e-15 and an absolute tolerance of 2.220446049250313e-15. Taking the real part, which may not be accurate.
└ @ ITensorMPS ~/.julia/packages/ITensorMPS/fZDBz/src/abstractmps.jl:1246
┌ Warning: norm² is 9.946651777581837e11 + 0.002634926163971007im, which is not real up to a relative tolerance of 2.220446049250313e-15 and an absolute tolerance of 2.220446049250313e-15. Taking the real part, which may not be accurate.
└ @ ITensorMPS ~/.julia/packages/ITensorMPS/fZDBz/src/abstractmps.jl:1246
┌ Warning: log(norm²) is 0.8804243643224006 + 2.3674221323485006e-15im, which is not real up to a relative tolerance of 2.220446049250313e-15 and an absolute tolerance of 2.220446049250313e-15. Taking the real part, which may not be accurate.
└ @ ITensorMPS ~/.julia/packages/ITensorMPS/fZDBz/src/abstractmps.jl:1271
┌ Warning: log(norm²) is 0.8723110384607715 - 2.9206422242866272e-15im, which is not real up to a relative tolerance of 2.220446049250313e-15 and an absolute tolerance of 2.220446049250313e-15. Taking the real part, which may not be accurate.
└ @ ITensorMPS ~/.julia/packages/ITensorMPS/fZDBz/src/abstractmps.jl:1271
┌ Warning: norm² is 1.3420311572788933e12 - 0.003228165928431488im, which is not real up to a relative tolerance of 2.220446049250313e-15 and an absolute tolerance of 2.220446049250313e-15. Taking the real part, which may not be accurate.
└ @ ITensorMPS ~/.julia/packages/ITensorMPS/fZDBz/src/abstractmps.jl:1246
┌ Warning: norm² is 1.5700450688308083e12 - 0.0044166083881559915im, which is not real up to a relative tolerance of 2.220446049250313e-15 and an absolute tolerance of 2.220446049250313e-15. Taking the real part, which may not be accurate.
└ @ ITensorMPS ~/.julia/packages/ITensorMPS/fZDBz/src/abstractmps.jl:1246
┌ Warning: norm² is 9.209049565996294e11 + 0.0024318659392854546im, which is not real up to a relative tolerance of 2.220446049250313e-15 and an absolute tolerance of 2.220446049250313e-15. Taking the real part, which may not be accurate.
└ @ ITensorMPS ~/.julia/packages/ITensorMPS/fZDBz/src/abstractmps.jl:1246
┌ Warning: norm² is 2.411448388312717 + 8.787915569464914e-15im, which is not real up to a relative tolerance of 2.220446049250313e-15 and an absolute tolerance of 2.220446049250313e-15. Taking the real part, which may not be accurate.
└ @ ITensorMPS ~/.julia/packages/ITensorMPS/fZDBz/src/abstractmps.jl:1246
┌ Warning: norm² is 9.214001885505066e11 - 0.002847178267889757im, which is not real up to a relative tolerance of 2.220446049250313e-15 and an absolute tolerance of 2.220446049250313e-15. Taking the real part, which may not be accurate.
└ @ ITensorMPS ~/.julia/packages/ITensorMPS/fZDBz/src/abstractmps.jl:1246
┌ Warning: log(norm²) is 0.8588362634657918 + 2.4342325938477117e-15im, which is not real up to a relative tolerance of 2.220446049250313e-15 and an absolute tolerance of 2.220446049250313e-15. Taking the real part, which may not be accurate.
└ @ ITensorMPS ~/.julia/packages/ITensorMPS/fZDBz/src/abstractmps.jl:1271
┌ Warning: norm² is 2.4099510259244887 - 5.5296684774340264e-15im, which is not real up to a relative tolerance of 2.220446049250313e-15 and an absolute tolerance of 2.220446049250313e-15. Taking the real part, which may not be accurate.
└ @ ITensorMPS ~/.julia/packages/ITensorMPS/fZDBz/src/abstractmps.jl:1246
┌ Warning: norm² is 2.3926903040792142 + 5.4299253069096196e-15im, which is not real up to a relative tolerance of 2.220446049250313e-15 and an absolute tolerance of 2.220446049250313e-15. Taking the real part, which may not be accurate.
└ @ ITensorMPS ~/.julia/packages/ITensorMPS/fZDBz/src/abstractmps.jl:1246
┌ Warning: log(norm²) is 0.8801331313940233 - 2.3297259130997552e-15im, which is not real up to a relative tolerance of 2.220446049250313e-15 and an absolute tolerance of 2.220446049250313e-15. Taking the real part, which may not be accurate.
└ @ ITensorMPS ~/.julia/packages/ITensorMPS/fZDBz/src/abstractmps.jl:1271
┌ Warning: norm² is 2.3914204675669204 + 5.415989667659306e-15im, which is not real up to a relative tolerance of 2.220446049250313e-15 and an absolute tolerance of 2.220446049250313e-15. Taking the real part, which may not be accurate.
└ @ ITensorMPS ~/.julia/packages/ITensorMPS/fZDBz/src/abstractmps.jl:1246
┌ Warning: norm² is 1.346367512259698e12 - 0.003530756106129308im, which is not real up to a relative tolerance of 2.220446049250313e-15 and an absolute tolerance of 2.220446049250313e-15. Taking the real part, which may not be accurate.
└ @ ITensorMPS ~/.julia/packages/ITensorMPS/fZDBz/src/abstractmps.jl:1246
┌ Warning: norm² is 2.3910001201115034 + 5.537967490100159e-15im, which is not real up to a relative tolerance of 2.220446049250313e-15 and an absolute tolerance of 2.220446049250313e-15. Taking the real part, which may not be accurate.
└ @ ITensorMPS ~/.julia/packages/ITensorMPS/fZDBz/src/abstractmps.jl:1246
┌ Warning: log(norm²) is 0.8659218325645961 - 2.95871024855941e-15im, which is not real up to a relative tolerance of 2.220446049250313e-15 and an absolute tolerance of 2.220446049250313e-15. Taking the real part, which may not be accurate.
└ @ ITensorMPS ~/.julia/packages/ITensorMPS/fZDBz/src/abstractmps.jl:1271
┌ Warning: norm² is 1.3271014951135242e12 - 0.005158668332156701im, which is not real up to a relative tolerance of 2.220446049250313e-15 and an absolute tolerance of 2.220446049250313e-15. Taking the real part, which may not be accurate.
└ @ ITensorMPS ~/.julia/packages/ITensorMPS/fZDBz/src/abstractmps.jl:1246
┌ Warning: norm² is 1.3379248684581704e12 - 0.0033332697373082733im, which is not real up to a relative tolerance of 2.220446049250313e-15 and an absolute tolerance of 2.220446049250313e-15. Taking the real part, which may not be accurate.
└ @ ITensorMPS ~/.julia/packages/ITensorMPS/fZDBz/src/abstractmps.jl:1246
┌ Warning: norm² is 9.94591777419044e11 + 0.002429497119462556im, which is not real up to a relative tolerance of 2.220446049250313e-15 and an absolute tolerance of 2.220446049250313e-15. Taking the real part, which may not be accurate.
└ @ ITensorMPS ~/.julia/packages/ITensorMPS/fZDBz/src/abstractmps.jl:1246
┌ Warning: log(norm²) is 0.8724401797648296 - 2.920526559177561e-15im, which is not real up to a relative tolerance of 2.220446049250313e-15 and an absolute tolerance of 2.220446049250313e-15. Taking the real part, which may not be accurate.
└ @ ITensorMPS ~/.julia/packages/ITensorMPS/fZDBz/src/abstractmps.jl:1271
┌ Warning: norm² is 2.385969114601053 + 5.412348524896061e-15im, which is not real up to a relative tolerance of 2.220446049250313e-15 and an absolute tolerance of 2.220446049250313e-15. Taking the real part, which may not be accurate.
└ @ ITensorMPS ~/.julia/packages/ITensorMPS/fZDBz/src/abstractmps.jl:1246
┌ Warning: norm² is 2.3599746916452466 - 5.974881907383631e-15im, which is not real up to a relative tolerance of 2.220446049250313e-15 and an absolute tolerance of 2.220446049250313e-15. Taking the real part, which may not be accurate.
└ @ ITensorMPS ~/.julia/packages/ITensorMPS/fZDBz/src/abstractmps.jl:1246
┌ Warning: norm² is 9.954102597057158e11 + 0.0026478562868993733im, which is not real up to a relative tolerance of 2.220446049250313e-15 and an absolute tolerance of 2.220446049250313e-15. Taking the real part, which may not be accurate.
└ @ ITensorMPS ~/.julia/packages/ITensorMPS/fZDBz/src/abstractmps.jl:1246
┌ Warning: log(norm²) is 0.880022760906061 + 2.6085903656897484e-15im, which is not real up to a relative tolerance of 2.220446049250313e-15 and an absolute tolerance of 2.220446049250313e-15. Taking the real part, which may not be accurate.
└ @ ITensorMPS ~/.julia/packages/ITensorMPS/fZDBz/src/abstractmps.jl:1271
┌ Warning: norm² is 9.952924951024297e11 + 0.002257470817659224im, which is not real up to a relative tolerance of 2.220446049250313e-15 and an absolute tolerance of 2.220446049250313e-15. Taking the real part, which may not be accurate.
└ @ ITensorMPS ~/.julia/packages/ITensorMPS/fZDBz/src/abstractmps.jl:1246
┌ Warning: norm² is 9.213932782994724e11 - 0.002143977063586539im, which is not real up to a relative tolerance of 2.220446049250313e-15 and an absolute tolerance of 2.220446049250313e-15. Taking the real part, which may not be accurate.
└ @ ITensorMPS ~/.julia/packages/ITensorMPS/fZDBz/src/abstractmps.jl:1246
┌ Warning: norm² is 9.94064046728027e11 + 0.002530718538335324im, which is not real up to a relative tolerance of 2.220446049250313e-15 and an absolute tolerance of 2.220446049250313e-15. Taking the real part, which may not be accurate.
└ @ ITensorMPS ~/.julia/packages/ITensorMPS/fZDBz/src/abstractmps.jl:1246
┌ Warning: log(norm²) is 0.8717759298842613 + 3.0163034184007536e-15im, which is not real up to a relative tolerance of 2.220446049250313e-15 and an absolute tolerance of 2.220446049250313e-15. Taking the real part, which may not be accurate.
└ @ ITensorMPS ~/.julia/packages/ITensorMPS/fZDBz/src/abstractmps.jl:1271
┌ Warning: log(norm²) is 0.867577538429961 - 2.5819401898422297e-15im, which is not real up to a relative tolerance of 2.220446049250313e-15 and an absolute tolerance of 2.220446049250313e-15. Taking the real part, which may not be accurate.
└ @ ITensorMPS ~/.julia/packages/ITensorMPS/fZDBz/src/abstractmps.jl:1271
┌ Warning: norm² is 1.3400143364149856e12 - 0.0038653471241004173im, which is not real up to a relative tolerance of 2.220446049250313e-15 and an absolute tolerance of 2.220446049250313e-15. Taking the real part, which may not be accurate.
└ @ ITensorMPS ~/.julia/packages/ITensorMPS/fZDBz/src/abstractmps.jl:1246
┌ Warning: log(norm²) is 0.8683248118013418 + 2.43732311620759e-15im, which is not real up to a relative tolerance of 2.220446049250313e-15 and an absolute tolerance of 2.220446049250313e-15. Taking the real part, which may not be accurate.
└ @ ITensorMPS ~/.julia/packages/ITensorMPS/fZDBz/src/abstractmps.jl:1271
┌ Warning: norm² is 1.3417628810302905e12 + 0.00322873396678102im, which is not real up to a relative tolerance of 2.220446049250313e-15 and an absolute tolerance of 2.220446049250313e-15. Taking the real part, which may not be accurate.
└ @ ITensorMPS ~/.julia/packages/ITensorMPS/fZDBz/src/abstractmps.jl:1246
┌ Warning: norm² is 1.3488120861725447e12 - 0.0037025148556123254im, which is not real up to a relative tolerance of 2.220446049250313e-15 and an absolute tolerance of 2.220446049250313e-15. Taking the real part, which may not be accurate.
└ @ ITensorMPS ~/.julia/packages/ITensorMPS/fZDBz/src/abstractmps.jl:1246
┌ Warning: norm² is 1.4862968962529202e12 + 0.0037659257251880327im, which is not real up to a relative tolerance of 2.220446049250313e-15 and an absolute tolerance of 2.220446049250313e-15. Taking the real part, which may not be accurate.
└ @ ITensorMPS ~/.julia/packages/ITensorMPS/fZDBz/src/abstractmps.jl:1246
┌ Warning: log(norm²) is 0.8672556403051022 + 2.287908423651656e-15im, which is not real up to a relative tolerance of 2.220446049250313e-15 and an absolute tolerance of 2.220446049250313e-15. Taking the real part, which may not be accurate.
└ @ ITensorMPS ~/.julia/packages/ITensorMPS/fZDBz/src/abstractmps.jl:1271
┌ Warning: norm² is 9.951217734166207e11 + 0.0023662305518847215im, which is not real up to a relative tolerance of 2.220446049250313e-15 and an absolute tolerance of 2.220446049250313e-15. Taking the real part, which may not be accurate.
└ @ ITensorMPS ~/.julia/packages/ITensorMPS/fZDBz/src/abstractmps.jl:1246
┌ Warning: log(norm²) is 0.8634064051565229 - 2.2614433293628612e-15im, which is not real up to a relative tolerance of 2.220446049250313e-15 and an absolute tolerance of 2.220446049250313e-15. Taking the real part, which may not be accurate.
└ @ ITensorMPS ~/.julia/packages/ITensorMPS/fZDBz/src/abstractmps.jl:1271
┌ Warning: norm² is 9.952548337755569e11 + 0.0027005283988663815im, which is not real up to a relative tolerance of 2.220446049250313e-15 and an absolute tolerance of 2.220446049250313e-15. Taking the real part, which may not be accurate.
└ @ ITensorMPS ~/.julia/packages/ITensorMPS/fZDBz/src/abstractmps.jl:1246
┌ Warning: norm² is 2.3746256051095798 + 6.133654328653293e-15im, which is not real up to a relative tolerance of 2.220446049250313e-15 and an absolute tolerance of 2.220446049250313e-15. Taking the real part, which may not be accurate.
└ @ ITensorMPS ~/.julia/packages/ITensorMPS/fZDBz/src/abstractmps.jl:1246
┌ Warning: norm² is 2.3818604540072092 - 6.009462949410281e-15im, which is not real up to a relative tolerance of 2.220446049250313e-15 and an absolute tolerance of 2.220446049250313e-15. Taking the real part, which may not be accurate.
└ @ ITensorMPS ~/.julia/packages/ITensorMPS/fZDBz/src/abstractmps.jl:1246
┌ Warning: norm² is 2.3568933556773812 - 5.9038311346218305e-15im, which is not real up to a relative tolerance of 2.220446049250313e-15 and an absolute tolerance of 2.220446049250313e-15. Taking the real part, which may not be accurate.
└ @ ITensorMPS ~/.julia/packages/ITensorMPS/fZDBz/src/abstractmps.jl:1246
┌ Warning: norm² is 9.217721452874705e11 + 0.0033937602918704558im, which is not real up to a relative tolerance of 2.220446049250313e-15 and an absolute tolerance of 2.220446049250313e-15. Taking the real part, which may not be accurate.
└ @ ITensorMPS ~/.julia/packages/ITensorMPS/fZDBz/src/abstractmps.jl:1246
┌ Warning: norm² is 9.387695929086454e11 + 0.0020974736194453243im, which is not real up to a relative tolerance of 2.220446049250313e-15 and an absolute tolerance of 2.220446049250313e-15. Taking the real part, which may not be accurate.
└ @ ITensorMPS ~/.julia/packages/ITensorMPS/fZDBz/src/abstractmps.jl:1246
┌ Warning: norm² is 9.206710027296844e11 + 0.0023693009847394145im, which is not real up to a relative tolerance of 2.220446049250313e-15 and an absolute tolerance of 2.220446049250313e-15. Taking the real part, which may not be accurate.
└ @ ITensorMPS ~/.julia/packages/ITensorMPS/fZDBz/src/abstractmps.jl:1246
┌ Warning: log(norm²) is 0.8787852869415581 + 2.796446408434797e-15im, which is not real up to a relative tolerance of 2.220446049250313e-15 and an absolute tolerance of 2.220446049250313e-15. Taking the real part, which may not be accurate.
└ @ ITensorMPS ~/.julia/packages/ITensorMPS/fZDBz/src/abstractmps.jl:1271
┌ Warning: log(norm²) is 0.8585056677144042 + 2.2552527823250867e-15im, which is not real up to a relative tolerance of 2.220446049250313e-15 and an absolute tolerance of 2.220446049250313e-15. Taking the real part, which may not be accurate.
└ @ ITensorMPS ~/.julia/packages/ITensorMPS/fZDBz/src/abstractmps.jl:1271
┌ Warning: norm² is 1.469792012185522e12 - 0.0076477913453566965im, which is not real up to a relative tolerance of 2.220446049250313e-15 and an absolute tolerance of 2.220446049250313e-15. Taking the real part, which may not be accurate.
└ @ ITensorMPS ~/.julia/packages/ITensorMPS/fZDBz/src/abstractmps.jl:1246
┌ Warning: log(norm²) is 0.8719196276792102 - 2.898825511493065e-15im, which is not real up to a relative tolerance of 2.220446049250313e-15 and an absolute tolerance of 2.220446049250313e-15. Taking the real part, which may not be accurate.
└ @ ITensorMPS ~/.julia/packages/ITensorMPS/fZDBz/src/abstractmps.jl:1271
┌ Warning: norm² is 2.389298751691154 + 5.6436310226217015e-15im, which is not real up to a relative tolerance of 2.220446049250313e-15 and an absolute tolerance of 2.220446049250313e-15. Taking the real part, which may not be accurate.
└ @ ITensorMPS ~/.julia/packages/ITensorMPS/fZDBz/src/abstractmps.jl:1246
┌ Warning: norm² is 9.21587782842538e11 + 0.002995542992892548im, which is not real up to a relative tolerance of 2.220446049250313e-15 and an absolute tolerance of 2.220446049250313e-15. Taking the real part, which may not be accurate.
└ @ ITensorMPS ~/.julia/packages/ITensorMPS/fZDBz/src/abstractmps.jl:1246
┌ Warning: norm² is 1.1197459050109565e12 + 0.002984208472812561im, which is not real up to a relative tolerance of 2.220446049250313e-15 and an absolute tolerance of 2.220446049250313e-15. Taking the real part, which may not be accurate.
└ @ ITensorMPS ~/.julia/packages/ITensorMPS/fZDBz/src/abstractmps.jl:1246
┌ Warning: log(norm²) is 0.8791160103302256 + 2.6544213372070435e-15im, which is not real up to a relative tolerance of 2.220446049250313e-15 and an absolute tolerance of 2.220446049250313e-15. Taking the real part, which may not be accurate.
└ @ ITensorMPS ~/.julia/packages/ITensorMPS/fZDBz/src/abstractmps.jl:1271
┌ Warning: norm² is 9.535634037299332e11 + 0.002228259506410692im, which is not real up to a relative tolerance of 2.220446049250313e-15 and an absolute tolerance of 2.220446049250313e-15. Taking the real part, which may not be accurate.
└ @ ITensorMPS ~/.julia/packages/ITensorMPS/fZDBz/src/abstractmps.jl:1246
┌ Warning: norm² is 9.949508997544965e11 + 0.0024282342014791754im, which is not real up to a relative tolerance of 2.220446049250313e-15 and an absolute tolerance of 2.220446049250313e-15. Taking the real part, which may not be accurate.
└ @ ITensorMPS ~/.julia/packages/ITensorMPS/fZDBz/src/abstractmps.jl:1246
┌ Warning: log(norm²) is 0.8716950033156036 + 2.3751879419825587e-15im, which is not real up to a relative tolerance of 2.220446049250313e-15 and an absolute tolerance of 2.220446049250313e-15. Taking the real part, which may not be accurate.
└ @ ITensorMPS ~/.julia/packages/ITensorMPS/fZDBz/src/abstractmps.jl:1271
┌ Warning: norm² is 9.215283089416366e11 - 0.0024344975165975138im, which is not real up to a relative tolerance of 2.220446049250313e-15 and an absolute tolerance of 2.220446049250313e-15. Taking the real part, which may not be accurate.
└ @ ITensorMPS ~/.julia/packages/ITensorMPS/fZDBz/src/abstractmps.jl:1246
┌ Warning: norm² is 9.985320412156135e11 - 0.0023748552065093196im, which is not real up to a relative tolerance of 2.220446049250313e-15 and an absolute tolerance of 2.220446049250313e-15. Taking the real part, which may not be accurate.
└ @ ITensorMPS ~/.julia/packages/ITensorMPS/fZDBz/src/abstractmps.jl:1246
┌ Warning: norm² is 9.21435327403221e11 - 0.0022372121668775558im, which is not real up to a relative tolerance of 2.220446049250313e-15 and an absolute tolerance of 2.220446049250313e-15. Taking the real part, which may not be accurate.
└ @ ITensorMPS ~/.julia/packages/ITensorMPS/fZDBz/src/abstractmps.jl:1246
┌ Warning: norm² is 1.3595244685717598e12 + 0.003296626631713264im, which is not real up to a relative tolerance of 2.220446049250313e-15 and an absolute tolerance of 2.220446049250313e-15. Taking the real part, which may not be accurate.
└ @ ITensorMPS ~/.julia/packages/ITensorMPS/fZDBz/src/abstractmps.jl:1246
┌ Warning: log(norm²) is 0.8720293372219746 - 2.4868946965140643e-15im, which is not real up to a relative tolerance of 2.220446049250313e-15 and an absolute tolerance of 2.220446049250313e-15. Taking the real part, which may not be accurate.
└ @ ITensorMPS ~/.julia/packages/ITensorMPS/fZDBz/src/abstractmps.jl:1271
┌ Warning: norm² is 1.2858812982568923e12 - 0.0043246693136962545im, which is not real up to a relative tolerance of 2.220446049250313e-15 and an absolute tolerance of 2.220446049250313e-15. Taking the real part, which may not be accurate.
└ @ ITensorMPS ~/.julia/packages/ITensorMPS/fZDBz/src/abstractmps.jl:1246
┌ Warning: norm² is 2.3907159736817345 - 6.317228112337263e-15im, which is not real up to a relative tolerance of 2.220446049250313e-15 and an absolute tolerance of 2.220446049250313e-15. Taking the real part, which may not be accurate.
└ @ ITensorMPS ~/.julia/packages/ITensorMPS/fZDBz/src/abstractmps.jl:1246
┌ Warning: norm² is 9.948134356716216e11 - 0.002346271699641374im, which is not real up to a relative tolerance of 2.220446049250313e-15 and an absolute tolerance of 2.220446049250313e-15. Taking the real part, which may not be accurate.
└ @ ITensorMPS ~/.julia/packages/ITensorMPS/fZDBz/src/abstractmps.jl:1246
┌ Warning: norm² is 1.3658743005610674e12 - 0.003061428646983217im, which is not real up to a relative tolerance of 2.220446049250313e-15 and an absolute tolerance of 2.220446049250313e-15. Taking the real part, which may not be accurate.
└ @ ITensorMPS ~/.julia/packages/ITensorMPS/fZDBz/src/abstractmps.jl:1246
┌ Warning: log(norm²) is 0.8656246932670775 + 3.2700049006513587e-15im, which is not real up to a relative tolerance of 2.220446049250313e-15 and an absolute tolerance of 2.220446049250313e-15. Taking the real part, which may not be accurate.
└ @ ITensorMPS ~/.julia/packages/ITensorMPS/fZDBz/src/abstractmps.jl:1271
┌ Warning: norm² is 2.4089617572940627 + 5.791313129040734e-15im, which is not real up to a relative tolerance of 2.220446049250313e-15 and an absolute tolerance of 2.220446049250313e-15. Taking the real part, which may not be accurate.
└ @ ITensorMPS ~/.julia/packages/ITensorMPS/fZDBz/src/abstractmps.jl:1246
┌ Warning: norm² is 9.938840149260568e11 + 0.0034662674990255248im, which is not real up to a relative tolerance of 2.220446049250313e-15 and an absolute tolerance of 2.220446049250313e-15. Taking the real part, which may not be accurate.
└ @ ITensorMPS ~/.julia/packages/ITensorMPS/fZDBz/src/abstractmps.jl:1246
┌ Warning: norm² is 9.94501339533336e11 + 0.002766192352541038im, which is not real up to a relative tolerance of 2.220446049250313e-15 and an absolute tolerance of 2.220446049250313e-15. Taking the real part, which may not be accurate.
└ @ ITensorMPS ~/.julia/packages/ITensorMPS/fZDBz/src/abstractmps.jl:1246
┌ Warning: norm² is 1.3676759360307559e12 - 0.0032352242565258306im, which is not real up to a relative tolerance of 2.220446049250313e-15 and an absolute tolerance of 2.220446049250313e-15. Taking the real part, which may not be accurate.
└ @ ITensorMPS ~/.julia/packages/ITensorMPS/fZDBz/src/abstractmps.jl:1246
┌ Warning: norm² is 2.3906931451921354 + 5.531385161129107e-15im, which is not real up to a relative tolerance of 2.220446049250313e-15 and an absolute tolerance of 2.220446049250313e-15. Taking the real part, which may not be accurate.
└ @ ITensorMPS ~/.julia/packages/ITensorMPS/fZDBz/src/abstractmps.jl:1246
┌ Warning: log(norm²) is 0.8789546672184932 - 2.2344820580822054e-15im, which is not real up to a relative tolerance of 2.220446049250313e-15 and an absolute tolerance of 2.220446049250313e-15. Taking the real part, which may not be accurate.
└ @ ITensorMPS ~/.julia/packages/ITensorMPS/fZDBz/src/abstractmps.jl:1271
┌ Warning: norm² is 2.3908465450755854 - 6.384537441152252e-15im, which is not real up to a relative tolerance of 2.220446049250313e-15 and an absolute tolerance of 2.220446049250313e-15. Taking the real part, which may not be accurate.
└ @ ITensorMPS ~/.julia/packages/ITensorMPS/fZDBz/src/abstractmps.jl:1246
┌ Warning: norm² is 9.218513958888827e11 + 0.002857011936760148im, which is not real up to a relative tolerance of 2.220446049250313e-15 and an absolute tolerance of 2.220446049250313e-15. Taking the real part, which may not be accurate.
└ @ ITensorMPS ~/.julia/packages/ITensorMPS/fZDBz/src/abstractmps.jl:1246
┌ Warning: log(norm²) is 0.8792279231375008 + 2.264425273929789e-15im, which is not real up to a relative tolerance of 2.220446049250313e-15 and an absolute tolerance of 2.220446049250313e-15. Taking the real part, which may not be accurate.
└ @ ITensorMPS ~/.julia/packages/ITensorMPS/fZDBz/src/abstractmps.jl:1271
┌ Warning: norm² is 2.385749009909894 - 8.843024695082485e-15im, which is not real up to a relative tolerance of 2.220446049250313e-15 and an absolute tolerance of 2.220446049250313e-15. Taking the real part, which may not be accurate.
└ @ ITensorMPS ~/.julia/packages/ITensorMPS/fZDBz/src/abstractmps.jl:1246
┌ Warning: log(norm²) is 0.8695131253135301 + 3.9808410142688135e-15im, which is not real up to a relative tolerance of 2.220446049250313e-15 and an absolute tolerance of 2.220446049250313e-15. Taking the real part, which may not be accurate.
└ @ ITensorMPS ~/.julia/packages/ITensorMPS/fZDBz/src/abstractmps.jl:1271
┌ Warning: norm² is 9.945606181986501e11 + 0.0030499503532722184im, which is not real up to a relative tolerance of 2.220446049250313e-15 and an absolute tolerance of 2.220446049250313e-15. Taking the real part, which may not be accurate.
└ @ ITensorMPS ~/.julia/packages/ITensorMPS/fZDBz/src/abstractmps.jl:1246
┌ Warning: log(norm²) is 0.8715852338331567 + 2.720945820680024e-15im, which is not real up to a relative tolerance of 2.220446049250313e-15 and an absolute tolerance of 2.220446049250313e-15. Taking the real part, which may not be accurate.
└ @ ITensorMPS ~/.julia/packages/ITensorMPS/fZDBz/src/abstractmps.jl:1271
┌ Warning: norm² is 1.3701305607028606e12 - 0.0038818754960689003im, which is not real up to a relative tolerance of 2.220446049250313e-15 and an absolute tolerance of 2.220446049250313e-15. Taking the real part, which may not be accurate.
└ @ ITensorMPS ~/.julia/packages/ITensorMPS/fZDBz/src/abstractmps.jl:1246
┌ Warning: log(norm²) is 0.8595264297460119 + 2.634353418330229e-15im, which is not real up to a relative tolerance of 2.220446049250313e-15 and an absolute tolerance of 2.220446049250313e-15. Taking the real part, which may not be accurate.
└ @ ITensorMPS ~/.julia/packages/ITensorMPS/fZDBz/src/abstractmps.jl:1271
┌ Warning: norm² is 9.942030063630201e11 + 0.003129500080820548im, which is not real up to a relative tolerance of 2.220446049250313e-15 and an absolute tolerance of 2.220446049250313e-15. Taking the real part, which may not be accurate.
└ @ ITensorMPS ~/.julia/packages/ITensorMPS/fZDBz/src/abstractmps.jl:1246
┌ Warning: norm² is 9.515800303535933e11 - 0.003176253416010416im, which is not real up to a relative tolerance of 2.220446049250313e-15 and an absolute tolerance of 2.220446049250313e-15. Taking the real part, which may not be accurate.
└ @ ITensorMPS ~/.julia/packages/ITensorMPS/fZDBz/src/abstractmps.jl:1246
┌ Warning: norm² is 9.212612586985194e11 + 0.0029087374409718643im, which is not real up to a relative tolerance of 2.220446049250313e-15 and an absolute tolerance of 2.220446049250313e-15. Taking the real part, which may not be accurate.
└ @ ITensorMPS ~/.julia/packages/ITensorMPS/fZDBz/src/abstractmps.jl:1246
┌ Warning: norm² is 1.3706066248354604e12 - 0.0038213055256830176im, which is not real up to a relative tolerance of 2.220446049250313e-15 and an absolute tolerance of 2.220446049250313e-15. Taking the real part, which may not be accurate.
└ @ ITensorMPS ~/.julia/packages/ITensorMPS/fZDBz/src/abstractmps.jl:1246
┌ Warning: norm² is 9.952395956967401e11 - 0.003161467421143878im, which is not real up to a relative tolerance of 2.220446049250313e-15 and an absolute tolerance of 2.220446049250313e-15. Taking the real part, which may not be accurate.
└ @ ITensorMPS ~/.julia/packages/ITensorMPS/fZDBz/src/abstractmps.jl:1246
┌ Warning: log(norm²) is 0.8711637123219965 - 3.079234282304557e-15im, which is not real up to a relative tolerance of 2.220446049250313e-15 and an absolute tolerance of 2.220446049250313e-15. Taking the real part, which may not be accurate.
└ @ ITensorMPS ~/.julia/packages/ITensorMPS/fZDBz/src/abstractmps.jl:1271
┌ Warning: norm² is 2.37628927905633 + 5.477764639788627e-15im, which is not real up to a relative tolerance of 2.220446049250313e-15 and an absolute tolerance of 2.220446049250313e-15. Taking the real part, which may not be accurate.
└ @ ITensorMPS ~/.julia/packages/ITensorMPS/fZDBz/src/abstractmps.jl:1246
┌ Warning: norm² is 1.1241266228067659e12 - 0.0027757615719610166im, which is not real up to a relative tolerance of 2.220446049250313e-15 and an absolute tolerance of 2.220446049250313e-15. Taking the real part, which may not be accurate.
└ @ ITensorMPS ~/.julia/packages/ITensorMPS/fZDBz/src/abstractmps.jl:1246
┌ Warning: norm² is 2.412193190811915 - 6.817029541267268e-15im, which is not real up to a relative tolerance of 2.220446049250313e-15 and an absolute tolerance of 2.220446049250313e-15. Taking the real part, which may not be accurate.
└ @ ITensorMPS ~/.julia/packages/ITensorMPS/fZDBz/src/abstractmps.jl:1246
┌ Warning: norm² is 1.4717160490227302e12 + 0.0035844988986067187im, which is not real up to a relative tolerance of 2.220446049250313e-15 and an absolute tolerance of 2.220446049250313e-15. Taking the real part, which may not be accurate.
└ @ ITensorMPS ~/.julia/packages/ITensorMPS/fZDBz/src/abstractmps.jl:1246
┌ Warning: norm² is 1.265210746370065e12 + 0.0029098293096807147im, which is not real up to a relative tolerance of 2.220446049250313e-15 and an absolute tolerance of 2.220446049250313e-15. Taking the real part, which may not be accurate.
└ @ ITensorMPS ~/.julia/packages/ITensorMPS/fZDBz/src/abstractmps.jl:1246
┌ Warning: norm² is 9.949823304533115e11 - 0.002272382180051882im, which is not real up to a relative tolerance of 2.220446049250313e-15 and an absolute tolerance of 2.220446049250313e-15. Taking the real part, which may not be accurate.
└ @ ITensorMPS ~/.julia/packages/ITensorMPS/fZDBz/src/abstractmps.jl:1246
┌ Warning: norm² is 2.4097766441291717 - 6.402371711217844e-15im, which is not real up to a relative tolerance of 2.220446049250313e-15 and an absolute tolerance of 2.220446049250313e-15. Taking the real part, which may not be accurate.
└ @ ITensorMPS ~/.julia/packages/ITensorMPS/fZDBz/src/abstractmps.jl:1246
┌ Warning: norm² is 9.21176052558693e11 - 0.0020561048072771163im, which is not real up to a relative tolerance of 2.220446049250313e-15 and an absolute tolerance of 2.220446049250313e-15. Taking the real part, which may not be accurate.
└ @ ITensorMPS ~/.julia/packages/ITensorMPS/fZDBz/src/abstractmps.jl:1246
┌ Warning: log(norm²) is 0.8618295428387159 - 2.712491758712316e-15im, which is not real up to a relative tolerance of 2.220446049250313e-15 and an absolute tolerance of 2.220446049250313e-15. Taking the real part, which may not be accurate.
└ @ ITensorMPS ~/.julia/packages/ITensorMPS/fZDBz/src/abstractmps.jl:1271
┌ Warning: norm² is 9.216623970261814e11 + 0.003270164911568485im, which is not real up to a relative tolerance of 2.220446049250313e-15 and an absolute tolerance of 2.220446049250313e-15. Taking the real part, which may not be accurate.
└ @ ITensorMPS ~/.julia/packages/ITensorMPS/fZDBz/src/abstractmps.jl:1246
┌ Warning: log(norm²) is 0.8806389185004149 + 3.048338491491095e-15im, which is not real up to a relative tolerance of 2.220446049250313e-15 and an absolute tolerance of 2.220446049250313e-15. Taking the real part, which may not be accurate.
└ @ ITensorMPS ~/.julia/packages/ITensorMPS/fZDBz/src/abstractmps.jl:1271
┌ Warning: norm² is 9.940942308609237e11 - 0.003449406523839504im, which is not real up to a relative tolerance of 2.220446049250313e-15 and an absolute tolerance of 2.220446049250313e-15. Taking the real part, which may not be accurate.
└ @ ITensorMPS ~/.julia/packages/ITensorMPS/fZDBz/src/abstractmps.jl:1246
┌ Warning: norm² is 2.4122930624416097 - 6.080581198910533e-15im, which is not real up to a relative tolerance of 2.220446049250313e-15 and an absolute tolerance of 2.220446049250313e-15. Taking the real part, which may not be accurate.
└ @ ITensorMPS ~/.julia/packages/ITensorMPS/fZDBz/src/abstractmps.jl:1246
┌ Warning: norm² is 9.949518940299813e11 + 0.002489139434256724im, which is not real up to a relative tolerance of 2.220446049250313e-15 and an absolute tolerance of 2.220446049250313e-15. Taking the real part, which may not be accurate.
└ @ ITensorMPS ~/.julia/packages/ITensorMPS/fZDBz/src/abstractmps.jl:1246
┌ Warning: norm² is 2.3906970117641255 - 6.896016648612706e-15im, which is not real up to a relative tolerance of 2.220446049250313e-15 and an absolute tolerance of 2.220446049250313e-15. Taking the real part, which may not be accurate.
└ @ ITensorMPS ~/.julia/packages/ITensorMPS/fZDBz/src/abstractmps.jl:1246
┌ Warning: log(norm²) is 0.8595715917466834 - 2.361744184260562e-15im, which is not real up to a relative tolerance of 2.220446049250313e-15 and an absolute tolerance of 2.220446049250313e-15. Taking the real part, which may not be accurate.
└ @ ITensorMPS ~/.julia/packages/ITensorMPS/fZDBz/src/abstractmps.jl:1271
┌ Warning: norm² is 2.4109948303404822 + 5.600140439622561e-15im, which is not real up to a relative tolerance of 2.220446049250313e-15 and an absolute tolerance of 2.220446049250313e-15. Taking the real part, which may not be accurate.
└ @ ITensorMPS ~/.julia/packages/ITensorMPS/fZDBz/src/abstractmps.jl:1246
┌ Warning: norm² is 9.212817618814349e11 - 0.002600959144416159im, which is not real up to a relative tolerance of 2.220446049250313e-15 and an absolute tolerance of 2.220446049250313e-15. Taking the real part, which may not be accurate.
└ @ ITensorMPS ~/.julia/packages/ITensorMPS/fZDBz/src/abstractmps.jl:1246
┌ Warning: norm² is 1.3769626574535918e12 + 0.0032801336031333195im, which is not real up to a relative tolerance of 2.220446049250313e-15 and an absolute tolerance of 2.220446049250313e-15. Taking the real part, which may not be accurate.
└ @ ITensorMPS ~/.julia/packages/ITensorMPS/fZDBz/src/abstractmps.jl:1246
┌ Warning: norm² is 2.4094601392717276 + 6.6155338537875316e-15im, which is not real up to a relative tolerance of 2.220446049250313e-15 and an absolute tolerance of 2.220446049250313e-15. Taking the real part, which may not be accurate.
└ @ ITensorMPS ~/.julia/packages/ITensorMPS/fZDBz/src/abstractmps.jl:1246
┌ Warning: norm² is 2.37646718091872 + 6.022038565253506e-15im, which is not real up to a relative tolerance of 2.220446049250313e-15 and an absolute tolerance of 2.220446049250313e-15. Taking the real part, which may not be accurate.
└ @ ITensorMPS ~/.julia/packages/ITensorMPS/fZDBz/src/abstractmps.jl:1246
┌ Warning: norm² is 9.216641997755215e11 - 0.0021563468167355862im, which is not real up to a relative tolerance of 2.220446049250313e-15 and an absolute tolerance of 2.220446049250313e-15. Taking the real part, which may not be accurate.
└ @ ITensorMPS ~/.julia/packages/ITensorMPS/fZDBz/src/abstractmps.jl:1246
┌ Warning: log(norm²) is 0.8800954202485387 + 2.2927958383666576e-15im, which is not real up to a relative tolerance of 2.220446049250313e-15 and an absolute tolerance of 2.220446049250313e-15. Taking the real part, which may not be accurate.
└ @ ITensorMPS ~/.julia/packages/ITensorMPS/fZDBz/src/abstractmps.jl:1271
┌ Warning: norm² is 9.945418365848827e11 - 0.0028011599443043067im, which is not real up to a relative tolerance of 2.220446049250313e-15 and an absolute tolerance of 2.220446049250313e-15. Taking the real part, which may not be accurate.
└ @ ITensorMPS ~/.julia/packages/ITensorMPS/fZDBz/src/abstractmps.jl:1246
┌ Warning: norm² is 2.4091449164226577 + 6.635609898043558e-15im, which is not real up to a relative tolerance of 2.220446049250313e-15 and an absolute tolerance of 2.220446049250313e-15. Taking the real part, which may not be accurate.
└ @ ITensorMPS ~/.julia/packages/ITensorMPS/fZDBz/src/abstractmps.jl:1246
┌ Warning: norm² is 2.371644190493548 - 7.453705732150456e-15im, which is not real up to a relative tolerance of 2.220446049250313e-15 and an absolute tolerance of 2.220446049250313e-15. Taking the real part, which may not be accurate.
└ @ ITensorMPS ~/.julia/packages/ITensorMPS/fZDBz/src/abstractmps.jl:1246
┌ Warning: log(norm²) is 0.8635834658759758 + 3.3485101057179325e-15im, which is not real up to a relative tolerance of 2.220446049250313e-15 and an absolute tolerance of 2.220446049250313e-15. Taking the real part, which may not be accurate.
└ @ ITensorMPS ~/.julia/packages/ITensorMPS/fZDBz/src/abstractmps.jl:1271
┌ Warning: norm² is 2.4119054884323945 + 6.681944879341661e-15im, which is not real up to a relative tolerance of 2.220446049250313e-15 and an absolute tolerance of 2.220446049250313e-15. Taking the real part, which may not be accurate.
└ @ ITensorMPS ~/.julia/packages/ITensorMPS/fZDBz/src/abstractmps.jl:1246
┌ Warning: log(norm²) is 0.8637597921511107 - 2.886448227388938e-15im, which is not real up to a relative tolerance of 2.220446049250313e-15 and an absolute tolerance of 2.220446049250313e-15. Taking the real part, which may not be accurate.
└ @ ITensorMPS ~/.julia/packages/ITensorMPS/fZDBz/src/abstractmps.jl:1271
┌ Warning: norm² is 9.208860221388733e11 + 0.0025519416547985425im, which is not real up to a relative tolerance of 2.220446049250313e-15 and an absolute tolerance of 2.220446049250313e-15. Taking the real part, which may not be accurate.
└ @ ITensorMPS ~/.julia/packages/ITensorMPS/fZDBz/src/abstractmps.jl:1246
┌ Warning: norm² is 1.3782759842756807e12 - 0.0036395465082041728im, which is not real up to a relative tolerance of 2.220446049250313e-15 and an absolute tolerance of 2.220446049250313e-15. Taking the real part, which may not be accurate.
└ @ ITensorMPS ~/.julia/packages/ITensorMPS/fZDBz/src/abstractmps.jl:1246
┌ Warning: norm² is 2.3758662069709997 - 6.138373602704217e-15im, which is not real up to a relative tolerance of 2.220446049250313e-15 and an absolute tolerance of 2.220446049250313e-15. Taking the real part, which may not be accurate.
└ @ ITensorMPS ~/.julia/packages/ITensorMPS/fZDBz/src/abstractmps.jl:1246
┌ Warning: norm² is 2.362469696381625 + 6.454506453514112e-15im, which is not real up to a relative tolerance of 2.220446049250313e-15 and an absolute tolerance of 2.220446049250313e-15. Taking the real part, which may not be accurate.
└ @ ITensorMPS ~/.julia/packages/ITensorMPS/fZDBz/src/abstractmps.jl:1246
┌ Warning: log(norm²) is 0.8648335394843507 + 3.4838892803873796e-15im, which is not real up to a relative tolerance of 2.220446049250313e-15 and an absolute tolerance of 2.220446049250313e-15. Taking the real part, which may not be accurate.
└ @ ITensorMPS ~/.julia/packages/ITensorMPS/fZDBz/src/abstractmps.jl:1271
┌ Warning: log(norm²) is 0.8793361543744288 + 2.327174268767637e-15im, which is not real up to a relative tolerance of 2.220446049250313e-15 and an absolute tolerance of 2.220446049250313e-15. Taking the real part, which may not be accurate.
└ @ ITensorMPS ~/.julia/packages/ITensorMPS/fZDBz/src/abstractmps.jl:1271
┌ Warning: norm² is 2.385428881221066 + 7.77185785853887e-15im, which is not real up to a relative tolerance of 2.220446049250313e-15 and an absolute tolerance of 2.220446049250313e-15. Taking the real part, which may not be accurate.
└ @ ITensorMPS ~/.julia/packages/ITensorMPS/fZDBz/src/abstractmps.jl:1246
┌ Warning: norm² is 1.376558511411626e12 + 0.0033257130092223413im, which is not real up to a relative tolerance of 2.220446049250313e-15 and an absolute tolerance of 2.220446049250313e-15. Taking the real part, which may not be accurate.
└ @ ITensorMPS ~/.julia/packages/ITensorMPS/fZDBz/src/abstractmps.jl:1246
┌ Warning: norm² is 1.3777208166661704e12 - 0.003535556867052882im, which is not real up to a relative tolerance of 2.220446049250313e-15 and an absolute tolerance of 2.220446049250313e-15. Taking the real part, which may not be accurate.
└ @ ITensorMPS ~/.julia/packages/ITensorMPS/fZDBz/src/abstractmps.jl:1246
┌ Warning: norm² is 9.949925718077434e11 - 0.002932121334787562im, which is not real up to a relative tolerance of 2.220446049250313e-15 and an absolute tolerance of 2.220446049250313e-15. Taking the real part, which may not be accurate.
└ @ ITensorMPS ~/.julia/packages/ITensorMPS/fZDBz/src/abstractmps.jl:1246
┌ Warning: norm² is 9.474025133471025e11 + 0.002180063054286674im, which is not real up to a relative tolerance of 2.220446049250313e-15 and an absolute tolerance of 2.220446049250313e-15. Taking the real part, which may not be accurate.
└ @ ITensorMPS ~/.julia/packages/ITensorMPS/fZDBz/src/abstractmps.jl:1246
┌ Warning: log(norm²) is 0.8801804790392871 + 2.282992787151967e-15im, which is not real up to a relative tolerance of 2.220446049250313e-15 and an absolute tolerance of 2.220446049250313e-15. Taking the real part, which may not be accurate.
└ @ ITensorMPS ~/.julia/packages/ITensorMPS/fZDBz/src/abstractmps.jl:1271
┌ Warning: log(norm²) is 0.8676233437074541 - 3.0808293864316348e-15im, which is not real up to a relative tolerance of 2.220446049250313e-15 and an absolute tolerance of 2.220446049250313e-15. Taking the real part, which may not be accurate.
└ @ ITensorMPS ~/.julia/packages/ITensorMPS/fZDBz/src/abstractmps.jl:1271
┌ Warning: norm² is 9.944364159537664e11 + 0.002541706423914772im, which is not real up to a relative tolerance of 2.220446049250313e-15 and an absolute tolerance of 2.220446049250313e-15. Taking the real part, which may not be accurate.
└ @ ITensorMPS ~/.julia/packages/ITensorMPS/fZDBz/src/abstractmps.jl:1246
┌ Warning: log(norm²) is 0.8592695284461542 + 2.6276136565761033e-15im, which is not real up to a relative tolerance of 2.220446049250313e-15 and an absolute tolerance of 2.220446049250313e-15. Taking the real part, which may not be accurate.
└ @ ITensorMPS ~/.julia/packages/ITensorMPS/fZDBz/src/abstractmps.jl:1271
┌ Warning: norm² is 9.218800075475587e11 + 0.003311349492953489im, which is not real up to a relative tolerance of 2.220446049250313e-15 and an absolute tolerance of 2.220446049250313e-15. Taking the real part, which may not be accurate.
└ @ ITensorMPS ~/.julia/packages/ITensorMPS/fZDBz/src/abstractmps.jl:1246
┌ Warning: log(norm²) is 0.8796550731777321 + 3.714995114897393e-15im, which is not real up to a relative tolerance of 2.220446049250313e-15 and an absolute tolerance of 2.220446049250313e-15. Taking the real part, which may not be accurate.
└ @ ITensorMPS ~/.julia/packages/ITensorMPS/fZDBz/src/abstractmps.jl:1271
┌ Warning: log(norm²) is 0.8598371879790464 - 2.524262101722568e-15im, which is not real up to a relative tolerance of 2.220446049250313e-15 and an absolute tolerance of 2.220446049250313e-15. Taking the real part, which may not be accurate.
└ @ ITensorMPS ~/.julia/packages/ITensorMPS/fZDBz/src/abstractmps.jl:1271
┌ Warning: log(norm²) is 0.8719990927758526 - 2.319798423117246e-15im, which is not real up to a relative tolerance of 2.220446049250313e-15 and an absolute tolerance of 2.220446049250313e-15. Taking the real part, which may not be accurate.
└ @ ITensorMPS ~/.julia/packages/ITensorMPS/fZDBz/src/abstractmps.jl:1271
┌ Warning: norm² is 1.0838157334218983e12 + 0.003287373332417114im, which is not real up to a relative tolerance of 2.220446049250313e-15 and an absolute tolerance of 2.220446049250313e-15. Taking the real part, which may not be accurate.
└ @ ITensorMPS ~/.julia/packages/ITensorMPS/fZDBz/src/abstractmps.jl:1246
┌ Warning: norm² is 2.3708863703335554 + 6.699080567930653e-15im, which is not real up to a relative tolerance of 2.220446049250313e-15 and an absolute tolerance of 2.220446049250313e-15. Taking the real part, which may not be accurate.
└ @ ITensorMPS ~/.julia/packages/ITensorMPS/fZDBz/src/abstractmps.jl:1246
┌ Warning: norm² is 9.748263809846683e11 + 0.0037829866535199464im, which is not real up to a relative tolerance of 2.220446049250313e-15 and an absolute tolerance of 2.220446049250313e-15. Taking the real part, which may not be accurate.
└ @ ITensorMPS ~/.julia/packages/ITensorMPS/fZDBz/src/abstractmps.jl:1246
┌ Warning: log(norm²) is 0.865980654943839 - 3.028934481484825e-15im, which is not real up to a relative tolerance of 2.220446049250313e-15 and an absolute tolerance of 2.220446049250313e-15. Taking the real part, which may not be accurate.
└ @ ITensorMPS ~/.julia/packages/ITensorMPS/fZDBz/src/abstractmps.jl:1271
┌ Warning: log(norm²) is 0.8713877577713598 - 2.9009504690494185e-15im, which is not real up to a relative tolerance of 2.220446049250313e-15 and an absolute tolerance of 2.220446049250313e-15. Taking the real part, which may not be accurate.
└ @ ITensorMPS ~/.julia/packages/ITensorMPS/fZDBz/src/abstractmps.jl:1271
┌ Warning: log(norm²) is 0.8644200332598895 - 2.4002515374453134e-15im, which is not real up to a relative tolerance of 2.220446049250313e-15 and an absolute tolerance of 2.220446049250313e-15. Taking the real part, which may not be accurate.
└ @ ITensorMPS ~/.julia/packages/ITensorMPS/fZDBz/src/abstractmps.jl:1271
┌ Warning: norm² is 2.360627833353311 - 5.573635064088427e-15im, which is not real up to a relative tolerance of 2.220446049250313e-15 and an absolute tolerance of 2.220446049250313e-15. Taking the real part, which may not be accurate.
└ @ ITensorMPS ~/.julia/packages/ITensorMPS/fZDBz/src/abstractmps.jl:1246
┌ Warning: norm² is 2.409847582753525 + 5.5627839262659736e-15im, which is not real up to a relative tolerance of 2.220446049250313e-15 and an absolute tolerance of 2.220446049250313e-15. Taking the real part, which may not be accurate.
└ @ ITensorMPS ~/.julia/packages/ITensorMPS/fZDBz/src/abstractmps.jl:1246
┌ Warning: norm² is 1.3999182775617566e12 + 0.003175015308614085im, which is not real up to a relative tolerance of 2.220446049250313e-15 and an absolute tolerance of 2.220446049250313e-15. Taking the real part, which may not be accurate.
└ @ ITensorMPS ~/.julia/packages/ITensorMPS/fZDBz/src/abstractmps.jl:1246
┌ Warning: norm² is 1.3952160335783228e12 + 0.00346202310669608im, which is not real up to a relative tolerance of 2.220446049250313e-15 and an absolute tolerance of 2.220446049250313e-15. Taking the real part, which may not be accurate.
└ @ ITensorMPS ~/.julia/packages/ITensorMPS/fZDBz/src/abstractmps.jl:1246
┌ Warning: log(norm²) is 0.8596776754393763 - 2.2784384234759676e-15im, which is not real up to a relative tolerance of 2.220446049250313e-15 and an absolute tolerance of 2.220446049250313e-15. Taking the real part, which may not be accurate.
└ @ ITensorMPS ~/.julia/packages/ITensorMPS/fZDBz/src/abstractmps.jl:1271
┌ Warning: norm² is 9.219566677417051e11 + 0.003117349397554074im, which is not real up to a relative tolerance of 2.220446049250313e-15 and an absolute tolerance of 2.220446049250313e-15. Taking the real part, which may not be accurate.
└ @ ITensorMPS ~/.julia/packages/ITensorMPS/fZDBz/src/abstractmps.jl:1246
┌ Warning: norm² is 9.216378172839867e11 - 0.0022703245343227074im, which is not real up to a relative tolerance of 2.220446049250313e-15 and an absolute tolerance of 2.220446049250313e-15. Taking the real part, which may not be accurate.
└ @ ITensorMPS ~/.julia/packages/ITensorMPS/fZDBz/src/abstractmps.jl:1246
┌ Warning: norm² is 1.4007833575896934e12 + 0.0036801244641163277im, which is not real up to a relative tolerance of 2.220446049250313e-15 and an absolute tolerance of 2.220446049250313e-15. Taking the real part, which may not be accurate.
└ @ ITensorMPS ~/.julia/packages/ITensorMPS/fZDBz/src/abstractmps.jl:1246
┌ Warning: norm² is 9.453485554420227e11 - 0.00337725009896414im, which is not real up to a relative tolerance of 2.220446049250313e-15 and an absolute tolerance of 2.220446049250313e-15. Taking the real part, which may not be accurate.
└ @ ITensorMPS ~/.julia/packages/ITensorMPS/fZDBz/src/abstractmps.jl:1246
┌ Warning: norm² is 9.217633482442856e11 - 0.002310427588432723im, which is not real up to a relative tolerance of 2.220446049250313e-15 and an absolute tolerance of 2.220446049250313e-15. Taking the real part, which may not be accurate.
└ @ ITensorMPS ~/.julia/packages/ITensorMPS/fZDBz/src/abstractmps.jl:1246
┌ Warning: norm² is 1.4053658363908098e12 + 0.00544842101949772im, which is not real up to a relative tolerance of 2.220446049250313e-15 and an absolute tolerance of 2.220446049250313e-15. Taking the real part, which may not be accurate.
└ @ ITensorMPS ~/.julia/packages/ITensorMPS/fZDBz/src/abstractmps.jl:1246
┌ Warning: log(norm²) is 0.8634228418351699 - 2.3499955714302758e-15im, which is not real up to a relative tolerance of 2.220446049250313e-15 and an absolute tolerance of 2.220446049250313e-15. Taking the real part, which may not be accurate.
└ @ ITensorMPS ~/.julia/packages/ITensorMPS/fZDBz/src/abstractmps.jl:1271
┌ Warning: norm² is 1.4018046651496592e12 + 0.0038507685218777017im, which is not real up to a relative tolerance of 2.220446049250313e-15 and an absolute tolerance of 2.220446049250313e-15. Taking the real part, which may not be accurate.
└ @ ITensorMPS ~/.julia/packages/ITensorMPS/fZDBz/src/abstractmps.jl:1246
┌ Warning: norm² is 9.95291974772682e11 + 0.002339199562494041im, which is not real up to a relative tolerance of 2.220446049250313e-15 and an absolute tolerance of 2.220446049250313e-15. Taking the real part, which may not be accurate.
└ @ ITensorMPS ~/.julia/packages/ITensorMPS/fZDBz/src/abstractmps.jl:1246
┌ Warning: norm² is 1.4009371946668e12 + 0.003871726769310153im, which is not real up to a relative tolerance of 2.220446049250313e-15 and an absolute tolerance of 2.220446049250313e-15. Taking the real part, which may not be accurate.
└ @ ITensorMPS ~/.julia/packages/ITensorMPS/fZDBz/src/abstractmps.jl:1246
┌ Warning: log(norm²) is 0.8799030325874081 - 3.1699145600673587e-15im, which is not real up to a relative tolerance of 2.220446049250313e-15 and an absolute tolerance of 2.220446049250313e-15. Taking the real part, which may not be accurate.
└ @ ITensorMPS ~/.julia/packages/ITensorMPS/fZDBz/src/abstractmps.jl:1271
┌ Warning: log(norm²) is 0.8664594815282523 + 2.5139571715356697e-15im, which is not real up to a relative tolerance of 2.220446049250313e-15 and an absolute tolerance of 2.220446049250313e-15. Taking the real part, which may not be accurate.
└ @ ITensorMPS ~/.julia/packages/ITensorMPS/fZDBz/src/abstractmps.jl:1271
┌ Warning: norm² is 2.3754850372736676 - 5.50045822721651e-15im, which is not real up to a relative tolerance of 2.220446049250313e-15 and an absolute tolerance of 2.220446049250313e-15. Taking the real part, which may not be accurate.
└ @ ITensorMPS ~/.julia/packages/ITensorMPS/fZDBz/src/abstractmps.jl:1246
┌ Warning: norm² is 1.3989011062666082e12 + 0.005024773846342187im, which is not real up to a relative tolerance of 2.220446049250313e-15 and an absolute tolerance of 2.220446049250313e-15. Taking the real part, which may not be accurate.
└ @ ITensorMPS ~/.julia/packages/ITensorMPS/fZDBz/src/abstractmps.jl:1246
┌ Warning: norm² is 9.955321860555787e11 + 0.0023233494227173834im, which is not real up to a relative tolerance of 2.220446049250313e-15 and an absolute tolerance of 2.220446049250313e-15. Taking the real part, which may not be accurate.
└ @ ITensorMPS ~/.julia/packages/ITensorMPS/fZDBz/src/abstractmps.jl:1246
┌ Warning: norm² is 9.216076357649246e11 + 0.0025386437814334385im, which is not real up to a relative tolerance of 2.220446049250313e-15 and an absolute tolerance of 2.220446049250313e-15. Taking the real part, which may not be accurate.
└ @ ITensorMPS ~/.julia/packages/ITensorMPS/fZDBz/src/abstractmps.jl:1246
┌ Warning: log(norm²) is 0.8650836546732608 - 2.4836407275196747e-15im, which is not real up to a relative tolerance of 2.220446049250313e-15 and an absolute tolerance of 2.220446049250313e-15. Taking the real part, which may not be accurate.
└ @ ITensorMPS ~/.julia/packages/ITensorMPS/fZDBz/src/abstractmps.jl:1271
┌ Warning: norm² is 9.209815617443911e11 + 0.002889809363352463im, which is not real up to a relative tolerance of 2.220446049250313e-15 and an absolute tolerance of 2.220446049250313e-15. Taking the real part, which may not be accurate.
└ @ ITensorMPS ~/.julia/packages/ITensorMPS/fZDBz/src/abstractmps.jl:1246
┌ Warning: norm² is 1.0142104688129391e12 - 0.0024243003919796947im, which is not real up to a relative tolerance of 2.220446049250313e-15 and an absolute tolerance of 2.220446049250313e-15. Taking the real part, which may not be accurate.
└ @ ITensorMPS ~/.julia/packages/ITensorMPS/fZDBz/src/abstractmps.jl:1246
┌ Warning: norm² is 2.377626380690154 - 6.8266058039761176e-15im, which is not real up to a relative tolerance of 2.220446049250313e-15 and an absolute tolerance of 2.220446049250313e-15. Taking the real part, which may not be accurate.
└ @ ITensorMPS ~/.julia/packages/ITensorMPS/fZDBz/src/abstractmps.jl:1246
┌ Warning: norm² is 9.219317438055787e11 + 0.002300787949356318im, which is not real up to a relative tolerance of 2.220446049250313e-15 and an absolute tolerance of 2.220446049250313e-15. Taking the real part, which may not be accurate.
└ @ ITensorMPS ~/.julia/packages/ITensorMPS/fZDBz/src/abstractmps.jl:1246
┌ Warning: norm² is 1.4120064766286633e12 - 0.0035819695678554996im, which is not real up to a relative tolerance of 2.220446049250313e-15 and an absolute tolerance of 2.220446049250313e-15. Taking the real part, which may not be accurate.
└ @ ITensorMPS ~/.julia/packages/ITensorMPS/fZDBz/src/abstractmps.jl:1246
┌ Warning: norm² is 9.953311337327693e11 - 0.003989632973127135im, which is not real up to a relative tolerance of 2.220446049250313e-15 and an absolute tolerance of 2.220446049250313e-15. Taking the real part, which may not be accurate.
└ @ ITensorMPS ~/.julia/packages/ITensorMPS/fZDBz/src/abstractmps.jl:1246
┌ Warning: norm² is 2.360788007200012 + 6.290170891387502e-15im, which is not real up to a relative tolerance of 2.220446049250313e-15 and an absolute tolerance of 2.220446049250313e-15. Taking the real part, which may not be accurate.
└ @ ITensorMPS ~/.julia/packages/ITensorMPS/fZDBz/src/abstractmps.jl:1246
┌ Warning: norm² is 9.950369983977498e11 + 0.002424633562856704im, which is not real up to a relative tolerance of 2.220446049250313e-15 and an absolute tolerance of 2.220446049250313e-15. Taking the real part, which may not be accurate.
└ @ ITensorMPS ~/.julia/packages/ITensorMPS/fZDBz/src/abstractmps.jl:1246
┌ Warning: log(norm²) is 0.8689519330496038 + 2.3848915308899847e-15im, which is not real up to a relative tolerance of 2.220446049250313e-15 and an absolute tolerance of 2.220446049250313e-15. Taking the real part, which may not be accurate.
└ @ ITensorMPS ~/.julia/packages/ITensorMPS/fZDBz/src/abstractmps.jl:1271
┌ Warning: norm² is 9.214322966199578e11 - 0.002433822237272927im, which is not real up to a relative tolerance of 2.220446049250313e-15 and an absolute tolerance of 2.220446049250313e-15. Taking the real part, which may not be accurate.
└ @ ITensorMPS ~/.julia/packages/ITensorMPS/fZDBz/src/abstractmps.jl:1246
┌ Warning: norm² is 1.41236008291784e12 - 0.004792483583749656im, which is not real up to a relative tolerance of 2.220446049250313e-15 and an absolute tolerance of 2.220446049250313e-15. Taking the real part, which may not be accurate.
└ @ ITensorMPS ~/.julia/packages/ITensorMPS/fZDBz/src/abstractmps.jl:1246
┌ Warning: log(norm²) is 0.867282057711716 - 2.335573620043065e-15im, which is not real up to a relative tolerance of 2.220446049250313e-15 and an absolute tolerance of 2.220446049250313e-15. Taking the real part, which may not be accurate.
└ @ ITensorMPS ~/.julia/packages/ITensorMPS/fZDBz/src/abstractmps.jl:1271
┌ Warning: norm² is 2.3910987276386058 + 6.2182078211720155e-15im, which is not real up to a relative tolerance of 2.220446049250313e-15 and an absolute tolerance of 2.220446049250313e-15. Taking the real part, which may not be accurate.
└ @ ITensorMPS ~/.julia/packages/ITensorMPS/fZDBz/src/abstractmps.jl:1246
┌ Warning: norm² is 9.211584066574286e11 + 0.003082115053220891im, which is not real up to a relative tolerance of 2.220446049250313e-15 and an absolute tolerance of 2.220446049250313e-15. Taking the real part, which may not be accurate.
└ @ ITensorMPS ~/.julia/packages/ITensorMPS/fZDBz/src/abstractmps.jl:1246
┌ Warning: norm² is 9.21478659870943e11 + 0.0026413319056253224im, which is not real up to a relative tolerance of 2.220446049250313e-15 and an absolute tolerance of 2.220446049250313e-15. Taking the real part, which may not be accurate.
└ @ ITensorMPS ~/.julia/packages/ITensorMPS/fZDBz/src/abstractmps.jl:1246
┌ Warning: norm² is 9.954963225902045e11 + 0.0023096050362496033im, which is not real up to a relative tolerance of 2.220446049250313e-15 and an absolute tolerance of 2.220446049250313e-15. Taking the real part, which may not be accurate.
└ @ ITensorMPS ~/.julia/packages/ITensorMPS/fZDBz/src/abstractmps.jl:1246
┌ Warning: norm² is 1.4068617280663628e12 + 0.005502623458361995im, which is not real up to a relative tolerance of 2.220446049250313e-15 and an absolute tolerance of 2.220446049250313e-15. Taking the real part, which may not be accurate.
└ @ ITensorMPS ~/.julia/packages/ITensorMPS/fZDBz/src/abstractmps.jl:1246
┌ Warning: norm² is 2.4105834874066185 - 5.497221794143336e-15im, which is not real up to a relative tolerance of 2.220446049250313e-15 and an absolute tolerance of 2.220446049250313e-15. Taking the real part, which may not be accurate.
└ @ ITensorMPS ~/.julia/packages/ITensorMPS/fZDBz/src/abstractmps.jl:1246
┌ Warning: norm² is 9.327383300334617e11 + 0.003373955605585171im, which is not real up to a relative tolerance of 2.220446049250313e-15 and an absolute tolerance of 2.220446049250313e-15. Taking the real part, which may not be accurate.
└ @ ITensorMPS ~/.julia/packages/ITensorMPS/fZDBz/src/abstractmps.jl:1246
┌ Warning: norm² is 9.391168953119402e11 + 0.002167736830307494im, which is not real up to a relative tolerance of 2.220446049250313e-15 and an absolute tolerance of 2.220446049250313e-15. Taking the real part, which may not be accurate.
└ @ ITensorMPS ~/.julia/packages/ITensorMPS/fZDBz/src/abstractmps.jl:1246
┌ Warning: norm² is 1.4172568181315698e12 + 0.004080302323670574im, which is not real up to a relative tolerance of 2.220446049250313e-15 and an absolute tolerance of 2.220446049250313e-15. Taking the real part, which may not be accurate.
└ @ ITensorMPS ~/.julia/packages/ITensorMPS/fZDBz/src/abstractmps.jl:1246
┌ Warning: log(norm²) is 0.8711543339126311 - 2.3693165002169062e-15im, which is not real up to a relative tolerance of 2.220446049250313e-15 and an absolute tolerance of 2.220446049250313e-15. Taking the real part, which may not be accurate.
└ @ ITensorMPS ~/.julia/packages/ITensorMPS/fZDBz/src/abstractmps.jl:1271
┌ Warning: log(norm²) is 0.8721404180850245 - 3.515990202754405e-15im, which is not real up to a relative tolerance of 2.220446049250313e-15 and an absolute tolerance of 2.220446049250313e-15. Taking the real part, which may not be accurate.
└ @ ITensorMPS ~/.julia/packages/ITensorMPS/fZDBz/src/abstractmps.jl:1271
┌ Warning: log(norm²) is 0.8597481966596747 + 2.3136456363663004e-15im, which is not real up to a relative tolerance of 2.220446049250313e-15 and an absolute tolerance of 2.220446049250313e-15. Taking the real part, which may not be accurate.
└ @ ITensorMPS ~/.julia/packages/ITensorMPS/fZDBz/src/abstractmps.jl:1271
┌ Warning: norm² is 9.214224914023422e11 - 0.0027351976601457293im, which is not real up to a relative tolerance of 2.220446049250313e-15 and an absolute tolerance of 2.220446049250313e-15. Taking the real part, which may not be accurate.
└ @ ITensorMPS ~/.julia/packages/ITensorMPS/fZDBz/src/abstractmps.jl:1246
┌ Warning: norm² is 2.381012826699646 - 6.389373697289872e-15im, which is not real up to a relative tolerance of 2.220446049250313e-15 and an absolute tolerance of 2.220446049250313e-15. Taking the real part, which may not be accurate.
└ @ ITensorMPS ~/.julia/packages/ITensorMPS/fZDBz/src/abstractmps.jl:1246
┌ Warning: norm² is 1.4108216065123318e12 - 0.0038479502273472037im, which is not real up to a relative tolerance of 2.220446049250313e-15 and an absolute tolerance of 2.220446049250313e-15. Taking the real part, which may not be accurate.
└ @ ITensorMPS ~/.julia/packages/ITensorMPS/fZDBz/src/abstractmps.jl:1246
┌ Warning: norm² is 9.953628024083971e11 - 0.0028048214251858447im, which is not real up to a relative tolerance of 2.220446049250313e-15 and an absolute tolerance of 2.220446049250313e-15. Taking the real part, which may not be accurate.
└ @ ITensorMPS ~/.julia/packages/ITensorMPS/fZDBz/src/abstractmps.jl:1246
┌ Warning: norm² is 1.4002975234968386e12 + 0.0033426546443872333im, which is not real up to a relative tolerance of 2.220446049250313e-15 and an absolute tolerance of 2.220446049250313e-15. Taking the real part, which may not be accurate.
└ @ ITensorMPS ~/.julia/packages/ITensorMPS/fZDBz/src/abstractmps.jl:1246
┌ Warning: norm² is 1.4195666355263535e12 + 0.003268415022585968im, which is not real up to a relative tolerance of 2.220446049250313e-15 and an absolute tolerance of 2.220446049250313e-15. Taking the real part, which may not be accurate.
└ @ ITensorMPS ~/.julia/packages/ITensorMPS/fZDBz/src/abstractmps.jl:1246
┌ Warning: norm² is 9.953112194937883e11 + 0.0022570614227224854im, which is not real up to a relative tolerance of 2.220446049250313e-15 and an absolute tolerance of 2.220446049250313e-15. Taking the real part, which may not be accurate.
└ @ ITensorMPS ~/.julia/packages/ITensorMPS/fZDBz/src/abstractmps.jl:1246
┌ Warning: norm² is 2.3914040952411986 + 7.122506051453739e-15im, which is not real up to a relative tolerance of 2.220446049250313e-15 and an absolute tolerance of 2.220446049250313e-15. Taking the real part, which may not be accurate.
└ @ ITensorMPS ~/.julia/packages/ITensorMPS/fZDBz/src/abstractmps.jl:1246
┌ Warning: log(norm²) is 0.8697714530003515 - 3.067425345658182e-15im, which is not real up to a relative tolerance of 2.220446049250313e-15 and an absolute tolerance of 2.220446049250313e-15. Taking the real part, which may not be accurate.
└ @ ITensorMPS ~/.julia/packages/ITensorMPS/fZDBz/src/abstractmps.jl:1271
┌ Warning: norm² is 9.204122723082114e11 + 0.0024193071257924883im, which is not real up to a relative tolerance of 2.220446049250313e-15 and an absolute tolerance of 2.220446049250313e-15. Taking the real part, which may not be accurate.
└ @ ITensorMPS ~/.julia/packages/ITensorMPS/fZDBz/src/abstractmps.jl:1246
┌ Warning: norm² is 9.953551861587032e11 + 0.004414715420057307im, which is not real up to a relative tolerance of 2.220446049250313e-15 and an absolute tolerance of 2.220446049250313e-15. Taking the real part, which may not be accurate.
└ @ ITensorMPS ~/.julia/packages/ITensorMPS/fZDBz/src/abstractmps.jl:1246
┌ Warning: norm² is 2.375105535319945 + 6.897421353287057e-15im, which is not real up to a relative tolerance of 2.220446049250313e-15 and an absolute tolerance of 2.220446049250313e-15. Taking the real part, which may not be accurate.
└ @ ITensorMPS ~/.julia/packages/ITensorMPS/fZDBz/src/abstractmps.jl:1246
┌ Warning: norm² is 1.417715707916902e12 - 0.0031684571873921282im, which is not real up to a relative tolerance of 2.220446049250313e-15 and an absolute tolerance of 2.220446049250313e-15. Taking the real part, which may not be accurate.
└ @ ITensorMPS ~/.julia/packages/ITensorMPS/fZDBz/src/abstractmps.jl:1246
┌ Warning: norm² is 2.361560143341728 - 5.956187785492752e-15im, which is not real up to a relative tolerance of 2.220446049250313e-15 and an absolute tolerance of 2.220446049250313e-15. Taking the real part, which may not be accurate.
└ @ ITensorMPS ~/.julia/packages/ITensorMPS/fZDBz/src/abstractmps.jl:1246
┌ Warning: norm² is 1.1854976655295188e12 - 0.002922992485717842im, which is not real up to a relative tolerance of 2.220446049250313e-15 and an absolute tolerance of 2.220446049250313e-15. Taking the real part, which may not be accurate.
└ @ ITensorMPS ~/.julia/packages/ITensorMPS/fZDBz/src/abstractmps.jl:1246
┌ Warning: norm² is 2.390959451635564 - 8.536955149941058e-15im, which is not real up to a relative tolerance of 2.220446049250313e-15 and an absolute tolerance of 2.220446049250313e-15. Taking the real part, which may not be accurate.
└ @ ITensorMPS ~/.julia/packages/ITensorMPS/fZDBz/src/abstractmps.jl:1246
┌ Warning: log(norm²) is 0.8707564607359406 + 3.912492266340193e-15im, which is not real up to a relative tolerance of 2.220446049250313e-15 and an absolute tolerance of 2.220446049250313e-15. Taking the real part, which may not be accurate.
└ @ ITensorMPS ~/.julia/packages/ITensorMPS/fZDBz/src/abstractmps.jl:1271
┌ Warning: norm² is 9.219761475422421e11 - 0.002329557065752752im, which is not real up to a relative tolerance of 2.220446049250313e-15 and an absolute tolerance of 2.220446049250313e-15. Taking the real part, which may not be accurate.
└ @ ITensorMPS ~/.julia/packages/ITensorMPS/fZDBz/src/abstractmps.jl:1246
┌ Warning: norm² is 2.376072898133854 - 5.4247901919164535e-15im, which is not real up to a relative tolerance of 2.220446049250313e-15 and an absolute tolerance of 2.220446049250313e-15. Taking the real part, which may not be accurate.
└ @ ITensorMPS ~/.julia/packages/ITensorMPS/fZDBz/src/abstractmps.jl:1246
┌ Warning: norm² is 9.939982912822869e11 + 0.0027544805437113387im, which is not real up to a relative tolerance of 2.220446049250313e-15 and an absolute tolerance of 2.220446049250313e-15. Taking the real part, which may not be accurate.
└ @ ITensorMPS ~/.julia/packages/ITensorMPS/fZDBz/src/abstractmps.jl:1246
┌ Warning: log(norm²) is 0.8676934933010839 + 3.0045985684087818e-15im, which is not real up to a relative tolerance of 2.220446049250313e-15 and an absolute tolerance of 2.220446049250313e-15. Taking the real part, which may not be accurate.
└ @ ITensorMPS ~/.julia/packages/ITensorMPS/fZDBz/src/abstractmps.jl:1271
┌ Warning: norm² is 1.4189032499268835e12 + 0.0034215197976505056im, which is not real up to a relative tolerance of 2.220446049250313e-15 and an absolute tolerance of 2.220446049250313e-15. Taking the real part, which may not be accurate.
└ @ ITensorMPS ~/.julia/packages/ITensorMPS/fZDBz/src/abstractmps.jl:1246
┌ Warning: log(norm²) is 0.8792974263408835 - 3.4640123694783157e-15im, which is not real up to a relative tolerance of 2.220446049250313e-15 and an absolute tolerance of 2.220446049250313e-15. Taking the real part, which may not be accurate.
└ @ ITensorMPS ~/.julia/packages/ITensorMPS/fZDBz/src/abstractmps.jl:1271
┌ Warning: norm² is 9.95796326797784e11 + 0.002386284279249273im, which is not real up to a relative tolerance of 2.220446049250313e-15 and an absolute tolerance of 2.220446049250313e-15. Taking the real part, which may not be accurate.
└ @ ITensorMPS ~/.julia/packages/ITensorMPS/fZDBz/src/abstractmps.jl:1246
┌ Warning: log(norm²) is 0.871397713585048 - 2.7086295246294855e-15im, which is not real up to a relative tolerance of 2.220446049250313e-15 and an absolute tolerance of 2.220446049250313e-15. Taking the real part, which may not be accurate.
└ @ ITensorMPS ~/.julia/packages/ITensorMPS/fZDBz/src/abstractmps.jl:1271
┌ Warning: log(norm²) is 0.8701701865481335 - 2.6265225762474284e-15im, which is not real up to a relative tolerance of 2.220446049250313e-15 and an absolute tolerance of 2.220446049250313e-15. Taking the real part, which may not be accurate.
└ @ ITensorMPS ~/.julia/packages/ITensorMPS/fZDBz/src/abstractmps.jl:1271
┌ Warning: norm² is 620733.0604644343 + 2.2947745936801223e-9im, which is not real up to a relative tolerance of 2.220446049250313e-15 and an absolute tolerance of 2.220446049250313e-15. Taking the real part, which may not be accurate.
└ @ ITensorMPS ~/.julia/packages/ITensorMPS/fZDBz/src/abstractmps.jl:1246
[ Info: [cut_tight] T=11.0  stuck@1440  |θ0|=1.5524  peak=0.7106  r=[1.6e-06,1.6e-06,1.3e-06,1.6e-06]  51278s
